"archive_path","uncompressed_bytes","extension","preliminary_classification","classification_reason","public_repository_action","final_decision","reviewer_notes"
"PDARTS/class_counts.csv","556",".csv","EXTRACT_CANONICAL_RESULT","Compact class-schema record requiring reconciliation across datasets and tasks.","Convert into documented experiment-specific schemas.","",""
"PDARTS/Github/master/__pycache__/genotypes.cpython-39.pyc","1451",".pyc","EXCLUDE_GENERATED","Generated Python bytecode or cache material.","Exclude from Git.","",""
"PDARTS/Github/master/__pycache__/model.cpython-39.pyc","6195",".pyc","EXCLUDE_GENERATED","Generated Python bytecode or cache material.","Exclude from Git.","",""
"PDARTS/Github/master/__pycache__/model_search.cpython-39.pyc","5762",".pyc","EXCLUDE_GENERATED","Generated Python bytecode or cache material.","Exclude from Git.","",""
"PDARTS/Github/master/__pycache__/operations.cpython-39.pyc","5376",".pyc","EXCLUDE_GENERATED","Generated Python bytecode or cache material.","Exclude from Git.","",""
"PDARTS/Github/master/__pycache__/skin_csv_dataset.cpython-39.pyc","4148",".pyc","EXCLUDE_GENERATED","Generated Python bytecode or cache material.","Exclude from Git.","",""
"PDARTS/Github/master/__pycache__/skin_transforms.cpython-39.pyc","2872",".pyc","EXCLUDE_GENERATED","Generated Python bytecode or cache material.","Exclude from Git.","",""
"PDARTS/Github/master/__pycache__/utils.cpython-39.pyc","4620",".pyc","EXCLUDE_GENERATED","Generated Python bytecode or cache material.","Exclude from Git.","",""
"PDARTS/Github/master/01_skin_csv_dataset.py","4921",".py","MIGRATE_TO_MAINTAINED","Historical implementation contains reusable skin-transferability workflow logic.","Preserve historical hash, then migrate configurable logic into src/.","",""
"PDARTS/Github/master/02_skin_transforms.py","2565",".py","MIGRATE_TO_MAINTAINED","Historical implementation contains reusable skin-transferability workflow logic.","Preserve historical hash, then migrate configurable logic into src/.","",""
"PDARTS/Github/master/03_run_search_skin.py","36180",".py","MIGRATE_TO_MAINTAINED","Historical implementation contains reusable skin-transferability workflow logic.","Preserve historical hash, then migrate configurable logic into src/.","",""
"PDARTS/Github/master/03_run_search_skinTask2 - Copy.py","37104",".py","MIGRATE_TO_MAINTAINED","Historical implementation contains reusable skin-transferability workflow logic.","Preserve historical hash, then migrate configurable logic into src/.","",""
"PDARTS/Github/master/03_run_search_skinTask2.py","37102",".py","MIGRATE_TO_MAINTAINED","Historical implementation contains reusable skin-transferability workflow logic.","Preserve historical hash, then migrate configurable logic into src/.","",""
"PDARTS/Github/master/04_multieval_genotype_skin.py","40126",".py","MIGRATE_TO_MAINTAINED","Historical implementation contains reusable skin-transferability workflow logic.","Preserve historical hash, then migrate configurable logic into src/.","",""
"PDARTS/Github/master/04_multieval_genotype_skin_g0allm.py","38729",".py","MIGRATE_TO_MAINTAINED","Historical implementation contains reusable skin-transferability workflow logic.","Preserve historical hash, then migrate configurable logic into src/.","",""
"PDARTS/Github/master/04_multieval_genotype_skinaallinone.py","40303",".py","MIGRATE_TO_MAINTAINED","Historical implementation contains reusable skin-transferability workflow logic.","Preserve historical hash, then migrate configurable logic into src/.","",""
"PDARTS/Github/master/04_OnenSevenmTwodataset.py","43442",".py","MIGRATE_TO_MAINTAINED","Historical implementation contains reusable skin-transferability workflow logic.","Preserve historical hash, then migrate configurable logic into src/.","",""
"PDARTS/Github/master/Architecture.png","327585",".png","REVIEW_REQUIRED","Image asset requires relevance, origin, and publication-permission review.","Include only if useful, accurate, and authorized.","",""
"PDARTS/Github/master/Derma_split.py","11398",".py","MIGRATE_TO_MAINTAINED","Historical implementation contains reusable skin-transferability workflow logic.","Preserve historical hash, then migrate configurable logic into src/.","",""
"PDARTS/Github/master/genotypes.py","2818",".py","PUBLISH_AS_HISTORICAL","Upstream-style P-DARTS implementation requiring revision and license verification.","Publish only after upstream provenance and licensing are confirmed.","",""
"PDARTS/Github/master/model.py","7284",".py","PUBLISH_AS_HISTORICAL","Upstream-style P-DARTS implementation requiring revision and license verification.","Publish only after upstream provenance and licensing are confirmed.","",""
"PDARTS/Github/master/model_search.py","6003",".py","PUBLISH_AS_HISTORICAL","Upstream-style P-DARTS implementation requiring revision and license verification.","Publish only after upstream provenance and licensing are confirmed.","",""
"PDARTS/Github/master/operations.py","4144",".py","PUBLISH_AS_HISTORICAL","Upstream-style P-DARTS implementation requiring revision and license verification.","Publish only after upstream provenance and licensing are confirmed.","",""
"PDARTS/Github/master/skin_csv_dataset.py","3499",".py","MIGRATE_TO_MAINTAINED","Historical implementation contains reusable skin-transferability workflow logic.","Preserve historical hash, then migrate configurable logic into src/.","",""
"PDARTS/Github/master/skin_transforms.py","2625",".py","MIGRATE_TO_MAINTAINED","Historical implementation contains reusable skin-transferability workflow logic.","Preserve historical hash, then migrate configurable logic into src/.","",""
"PDARTS/Github/master/splits.py","6437",".py","MIGRATE_TO_MAINTAINED","Historical implementation contains reusable skin-transferability workflow logic.","Preserve historical hash, then migrate configurable logic into src/.","",""
"PDARTS/Github/master/test.py","3279",".py","PUBLISH_AS_HISTORICAL","Upstream-style P-DARTS implementation requiring revision and license verification.","Publish only after upstream provenance and licensing are confirmed.","",""
"PDARTS/Github/master/test_imagenet.py","3334",".py","PUBLISH_AS_HISTORICAL","Upstream-style P-DARTS implementation requiring revision and license verification.","Publish only after upstream provenance and licensing are confirmed.","",""
"PDARTS/Github/master/train_cifar.py","7688",".py","PUBLISH_AS_HISTORICAL","Upstream-style P-DARTS implementation requiring revision and license verification.","Publish only after upstream provenance and licensing are confirmed.","",""
"PDARTS/Github/master/train_imagenet.py","10818",".py","PUBLISH_AS_HISTORICAL","Upstream-style P-DARTS implementation requiring revision and license verification.","Publish only after upstream provenance and licensing are confirmed.","",""
"PDARTS/Github/master/train_search.py","19015",".py","PUBLISH_AS_HISTORICAL","Upstream-style P-DARTS implementation requiring revision and license verification.","Publish only after upstream provenance and licensing are confirmed.","",""
"PDARTS/Github/master/utils.py","3657",".py","MIGRATE_TO_MAINTAINED","Historical implementation contains reusable skin-transferability workflow logic.","Preserve historical hash, then migrate configurable logic into src/.","",""
"PDARTS/Github/master/visualize.py","1419",".py","PUBLISH_AS_HISTORICAL","Upstream-style P-DARTS implementation requiring revision and license verification.","Publish only after upstream provenance and licensing are confirmed.","",""
"PDARTS/Github/pdarts-master - Copy.zip","21514",".zip","PRESERVE_PRIVATE","Nested historical source archive retained for byte-level provenance.","Keep original ZIP outside Git.","",""
"PDARTS/Github/pdarts-master.zip","27585",".zip","PRESERVE_PRIVATE","Nested historical source archive retained for byte-level provenance.","Keep original ZIP outside Git.","",""
"PDARTS/ISIC_2019_Training_GroundTruth.csv","1291479",".csv","REVIEW_REQUIRED","Dataset metadata or split report requiring licensing and identifier review.","Do not publish by default; document official dataset acquisition.","",""
"PDARTS/ISIC_2019_Training_Metadata.csv","1214351",".csv","REVIEW_REQUIRED","Dataset metadata or split report requiring licensing and identifier review.","Do not publish by default; document official dataset acquisition.","",""
"PDARTS/label_map.csv","213",".csv","EXTRACT_CANONICAL_RESULT","Compact class-schema record requiring reconciliation across datasets and tasks.","Convert into documented experiment-specific schemas.","",""
"PDARTS/metadata.csv","316209",".csv","REVIEW_REQUIRED","Dataset metadata or split report requiring licensing and identifier review.","Do not publish by default; document official dataset acquisition.","",""
"PDARTS/output/eval_runs/0final/imagesize224task2/D/genotype2/_EVAL_LEDGER.csv","1434",".csv","PRESERVE_PRIVATE","Historical experiment artifact, ledger, prediction record, or generated output.","Retain privately until canonical-result reconciliation.","",""
"PDARTS/output/eval_runs/0final/imagesize224task2/D/genotype2/246/_EVAL_LEDGER.csv","21963",".csv","PRESERVE_PRIVATE","Historical experiment artifact, ledger, prediction record, or generated output.","Retain privately until canonical-result reconciliation.","",""
"PDARTS/output/eval_runs/0final/imagesize224task2/D/genotype2/246/8.csv","1429",".csv","PRESERVE_PRIVATE","Historical experiment artifact, ledger, prediction record, or generated output.","Retain privately until canonical-result reconciliation.","",""
"PDARTS/output/eval_runs/0final/imagesize224task2/D/genotype2/246/EVAL_target__TARGET__gidf143ef5653__m8__seed2__img224__bs8__lr0.025__wd0.0003__ep300__20251226-090159/best_full.pt","11268858",".pt","PRESERVE_PRIVATE","Large checkpoint, numerical intermediate, or detailed historical execution log.","Keep outside Git; publish only compact provenance summaries.","",""
"PDARTS/output/eval_runs/0final/imagesize224task2/D/genotype2/246/EVAL_target__TARGET__gidf143ef5653__m8__seed2__img224__bs8__lr0.025__wd0.0003__ep300__20251226-090159/best_weights.pt","5725056",".pt","PRESERVE_PRIVATE","Large checkpoint, numerical intermediate, or detailed historical execution log.","Keep outside Git; publish only compact provenance summaries.","",""
"PDARTS/output/eval_runs/0final/imagesize224task2/D/genotype2/246/EVAL_target__TARGET__gidf143ef5653__m8__seed2__img224__bs8__lr0.025__wd0.0003__ep300__20251226-090159/calibration_ece.csv","1040",".csv","PRESERVE_PRIVATE","Historical experiment artifact, ledger, prediction record, or generated output.","Retain privately until canonical-result reconciliation.","",""
"PDARTS/output/eval_runs/0final/imagesize224task2/D/genotype2/246/EVAL_target__TARGET__gidf143ef5653__m8__seed2__img224__bs8__lr0.025__wd0.0003__ep300__20251226-090159/confusion_matrix.csv","195",".csv","PRESERVE_PRIVATE","Historical experiment artifact, ledger, prediction record, or generated output.","Retain privately until canonical-result reconciliation.","",""
"PDARTS/output/eval_runs/0final/imagesize224task2/D/genotype2/246/EVAL_target__TARGET__gidf143ef5653__m8__seed2__img224__bs8__lr0.025__wd0.0003__ep300__20251226-090159/eval.log","267429",".log","PRESERVE_PRIVATE","Large checkpoint, numerical intermediate, or detailed historical execution log.","Keep outside Git; publish only compact provenance summaries.","",""
"PDARTS/output/eval_runs/0final/imagesize224task2/D/genotype2/246/EVAL_target__TARGET__gidf143ef5653__m8__seed2__img224__bs8__lr0.025__wd0.0003__ep300__20251226-090159/last_full.pt","11268858",".pt","PRESERVE_PRIVATE","Large checkpoint, numerical intermediate, or detailed historical execution log.","Keep outside Git; publish only compact provenance summaries.","",""
"PDARTS/output/eval_runs/0final/imagesize224task2/D/genotype2/246/EVAL_target__TARGET__gidf143ef5653__m8__seed2__img224__bs8__lr0.025__wd0.0003__ep300__20251226-090159/last_weights.pt","5725056",".pt","PRESERVE_PRIVATE","Large checkpoint, numerical intermediate, or detailed historical execution log.","Keep outside Git; publish only compact provenance summaries.","",""
"PDARTS/output/eval_runs/0final/imagesize224task2/D/genotype2/246/EVAL_target__TARGET__gidf143ef5653__m8__seed2__img224__bs8__lr0.025__wd0.0003__ep300__20251226-090159/per_class_metrics.csv","554",".csv","EXTRACT_CANONICAL_RESULT","Compact genotype or metric artifact potentially relevant to the scientific record.","Reconcile with the manuscript before publishing a normalized result record.","",""
"PDARTS/output/eval_runs/0final/imagesize224task2/D/genotype2/246/EVAL_target__TARGET__gidf143ef5653__m8__seed2__img224__bs8__lr0.025__wd0.0003__ep300__20251226-090159/pr_curve_macro_micro.csv","985021",".csv","PRESERVE_PRIVATE","Historical experiment artifact, ledger, prediction record, or generated output.","Retain privately until canonical-result reconciliation.","",""
"PDARTS/output/eval_runs/0final/imagesize224task2/D/genotype2/246/EVAL_target__TARGET__gidf143ef5653__m8__seed2__img224__bs8__lr0.025__wd0.0003__ep300__20251226-090159/roc_curve_macro_micro.csv","113252",".csv","PRESERVE_PRIVATE","Historical experiment artifact, ledger, prediction record, or generated output.","Retain privately until canonical-result reconciliation.","",""
"PDARTS/output/eval_runs/0final/imagesize224task2/D/genotype2/246/EVAL_target__TARGET__gidf143ef5653__m8__seed2__img224__bs8__lr0.025__wd0.0003__ep300__20251226-090159/run_args.json","1690",".json","PRESERVE_PRIVATE","Historical experiment artifact, ledger, prediction record, or generated output.","Retain privately until canonical-result reconciliation.","",""
"PDARTS/output/eval_runs/0final/imagesize224task2/D/genotype2/246/EVAL_target__TARGET__gidf143ef5653__m8__seed2__img224__bs8__lr0.025__wd0.0003__ep300__20251226-090159/test_metrics.json","4069",".json","EXTRACT_CANONICAL_RESULT","Compact genotype or metric artifact potentially relevant to the scientific record.","Reconcile with the manuscript before publishing a normalized result record.","",""
"PDARTS/output/eval_runs/0final/imagesize224task2/D/genotype2/246/EVAL_target__TARGET__gidf143ef5653__m8__seed2__img224__bs8__lr0.025__wd0.0003__ep300__20251226-090159/test_metrics_summary.csv","386",".csv","EXTRACT_CANONICAL_RESULT","Compact genotype or metric artifact potentially relevant to the scientific record.","Reconcile with the manuscript before publishing a normalized result record.","",""
"PDARTS/output/eval_runs/0final/imagesize224task2/D/genotype2/246/EVAL_target__TARGET__gidf143ef5653__m8__seed2__img224__bs8__lr0.025__wd0.0003__ep300__20251226-090159/test_predictions.csv","294126",".csv","PRESERVE_PRIVATE","Historical experiment artifact, ledger, prediction record, or generated output.","Retain privately until canonical-result reconciliation.","",""
"PDARTS/output/eval_runs/0final/imagesize224task2/D/genotype2/246/EVAL_target__TARGET__gidf143ef5653__m8__seed2__img224__bs8__lr0.025__wd0.0003__ep300__20251226-090159/train_history.csv","35841",".csv","PRESERVE_PRIVATE","Historical experiment artifact, ledger, prediction record, or generated output.","Retain privately until canonical-result reconciliation.","",""
"PDARTS/output/eval_runs/0final/imagesize224task2/D/genotype2/246/EVAL_target__TARGET__gidf143ef5653__m8__seed2__img224__bs8__lr0.025__wd0.0003__ep300__20251226-090159/val_predictions.csv","172468",".csv","PRESERVE_PRIVATE","Historical experiment artifact, ledger, prediction record, or generated output.","Retain privately until canonical-result reconciliation.","",""
"PDARTS/output/eval_runs/0final/imagesize224task2/D/genotype2/EVAL_target__TARGET__gidf143ef5653__m12__seed2__img224__bs8__lr0.025__wd0.0003__ep300__20251226-151313/best_full.pt","16323491",".pt","PRESERVE_PRIVATE","Large checkpoint, numerical intermediate, or detailed historical execution log.","Keep outside Git; publish only compact provenance summaries.","",""
"PDARTS/output/eval_runs/0final/imagesize224task2/D/genotype2/EVAL_target__TARGET__gidf143ef5653__m12__seed2__img224__bs8__lr0.025__wd0.0003__ep300__20251226-151313/best_weights.pt","8299820",".pt","PRESERVE_PRIVATE","Large checkpoint, numerical intermediate, or detailed historical execution log.","Keep outside Git; publish only compact provenance summaries.","",""
"PDARTS/output/eval_runs/0final/imagesize224task2/D/genotype2/EVAL_target__TARGET__gidf143ef5653__m12__seed2__img224__bs8__lr0.025__wd0.0003__ep300__20251226-151313/calibration_ece.csv","1044",".csv","PRESERVE_PRIVATE","Historical experiment artifact, ledger, prediction record, or generated output.","Retain privately until canonical-result reconciliation.","",""
"PDARTS/output/eval_runs/0final/imagesize224task2/D/genotype2/EVAL_target__TARGET__gidf143ef5653__m12__seed2__img224__bs8__lr0.025__wd0.0003__ep300__20251226-151313/confusion_matrix.csv","194",".csv","PRESERVE_PRIVATE","Historical experiment artifact, ledger, prediction record, or generated output.","Retain privately until canonical-result reconciliation.","",""
"PDARTS/output/eval_runs/0final/imagesize224task2/D/genotype2/EVAL_target__TARGET__gidf143ef5653__m12__seed2__img224__bs8__lr0.025__wd0.0003__ep300__20251226-151313/eval.log","268569",".log","PRESERVE_PRIVATE","Large checkpoint, numerical intermediate, or detailed historical execution log.","Keep outside Git; publish only compact provenance summaries.","",""
"PDARTS/output/eval_runs/0final/imagesize224task2/D/genotype2/EVAL_target__TARGET__gidf143ef5653__m12__seed2__img224__bs8__lr0.025__wd0.0003__ep300__20251226-151313/last_full.pt","16323491",".pt","PRESERVE_PRIVATE","Large checkpoint, numerical intermediate, or detailed historical execution log.","Keep outside Git; publish only compact provenance summaries.","",""
"PDARTS/output/eval_runs/0final/imagesize224task2/D/genotype2/EVAL_target__TARGET__gidf143ef5653__m12__seed2__img224__bs8__lr0.025__wd0.0003__ep300__20251226-151313/last_weights.pt","8299820",".pt","PRESERVE_PRIVATE","Large checkpoint, numerical intermediate, or detailed historical execution log.","Keep outside Git; publish only compact provenance summaries.","",""
"PDARTS/output/eval_runs/0final/imagesize224task2/D/genotype2/EVAL_target__TARGET__gidf143ef5653__m12__seed2__img224__bs8__lr0.025__wd0.0003__ep300__20251226-151313/per_class_metrics.csv","554",".csv","EXTRACT_CANONICAL_RESULT","Compact genotype or metric artifact potentially relevant to the scientific record.","Reconcile with the manuscript before publishing a normalized result record.","",""
"PDARTS/output/eval_runs/0final/imagesize224task2/D/genotype2/EVAL_target__TARGET__gidf143ef5653__m12__seed2__img224__bs8__lr0.025__wd0.0003__ep300__20251226-151313/pr_curve_macro_micro.csv","923346",".csv","PRESERVE_PRIVATE","Historical experiment artifact, ledger, prediction record, or generated output.","Retain privately until canonical-result reconciliation.","",""
"PDARTS/output/eval_runs/0final/imagesize224task2/D/genotype2/EVAL_target__TARGET__gidf143ef5653__m12__seed2__img224__bs8__lr0.025__wd0.0003__ep300__20251226-151313/roc_curve_macro_micro.csv","116701",".csv","PRESERVE_PRIVATE","Historical experiment artifact, ledger, prediction record, or generated output.","Retain privately until canonical-result reconciliation.","",""
"PDARTS/output/eval_runs/0final/imagesize224task2/D/genotype2/EVAL_target__TARGET__gidf143ef5653__m12__seed2__img224__bs8__lr0.025__wd0.0003__ep300__20251226-151313/run_args.json","1691",".json","PRESERVE_PRIVATE","Historical experiment artifact, ledger, prediction record, or generated output.","Retain privately until canonical-result reconciliation.","",""
"PDARTS/output/eval_runs/0final/imagesize224task2/D/genotype2/EVAL_target__TARGET__gidf143ef5653__m12__seed2__img224__bs8__lr0.025__wd0.0003__ep300__20251226-151313/test_metrics.json","4074",".json","EXTRACT_CANONICAL_RESULT","Compact genotype or metric artifact potentially relevant to the scientific record.","Reconcile with the manuscript before publishing a normalized result record.","",""
"PDARTS/output/eval_runs/0final/imagesize224task2/D/genotype2/EVAL_target__TARGET__gidf143ef5653__m12__seed2__img224__bs8__lr0.025__wd0.0003__ep300__20251226-151313/test_metrics_summary.csv","389",".csv","EXTRACT_CANONICAL_RESULT","Compact genotype or metric artifact potentially relevant to the scientific record.","Reconcile with the manuscript before publishing a normalized result record.","",""
"PDARTS/output/eval_runs/0final/imagesize224task2/D/genotype2/EVAL_target__TARGET__gidf143ef5653__m12__seed2__img224__bs8__lr0.025__wd0.0003__ep300__20251226-151313/test_predictions.csv","295711",".csv","PRESERVE_PRIVATE","Historical experiment artifact, ledger, prediction record, or generated output.","Retain privately until canonical-result reconciliation.","",""
"PDARTS/output/eval_runs/0final/imagesize224task2/D/genotype2/EVAL_target__TARGET__gidf143ef5653__m12__seed2__img224__bs8__lr0.025__wd0.0003__ep300__20251226-151313/train_history.csv","35862",".csv","PRESERVE_PRIVATE","Historical experiment artifact, ledger, prediction record, or generated output.","Retain privately until canonical-result reconciliation.","",""
"PDARTS/output/eval_runs/0final/imagesize224task2/D/genotype2/EVAL_target__TARGET__gidf143ef5653__m12__seed2__img224__bs8__lr0.025__wd0.0003__ep300__20251226-151313/val_predictions.csv","173433",".csv","PRESERVE_PRIVATE","Historical experiment artifact, ledger, prediction record, or generated output.","Retain privately until canonical-result reconciliation.","",""
"PDARTS/output/eval_runs/64/_EVAL_LEDGER.csv","17420",".csv","PRESERVE_PRIVATE","Historical experiment artifact, ledger, prediction record, or generated output.","Retain privately until canonical-result reconciliation.","",""
"PDARTS/output/eval_runs/64/EVAL_target__TARGET__gid15c3110bc2__m10__seed0__img32__bs64__lr0.025__wd0.0003__ep300__20251221-113642/best_full.pt","12220154",".pt","PRESERVE_PRIVATE","Large checkpoint, numerical intermediate, or detailed historical execution log.","Keep outside Git; publish only compact provenance summaries.","",""
"PDARTS/output/eval_runs/64/EVAL_target__TARGET__gid15c3110bc2__m10__seed0__img32__bs64__lr0.025__wd0.0003__ep300__20251221-113642/best_weights.pt","6197834",".pt","PRESERVE_PRIVATE","Large checkpoint, numerical intermediate, or detailed historical execution log.","Keep outside Git; publish only compact provenance summaries.","",""
"PDARTS/output/eval_runs/64/EVAL_target__TARGET__gid15c3110bc2__m10__seed0__img32__bs64__lr0.025__wd0.0003__ep300__20251221-113642/eval.log","1610",".log","PRESERVE_PRIVATE","Large checkpoint, numerical intermediate, or detailed historical execution log.","Keep outside Git; publish only compact provenance summaries.","",""
"PDARTS/output/eval_runs/64/EVAL_target__TARGET__gid15c3110bc2__m10__seed0__img32__bs64__lr0.025__wd0.0003__ep300__20251221-113642/run_args.json","1640",".json","PRESERVE_PRIVATE","Historical experiment artifact, ledger, prediction record, or generated output.","Retain privately until canonical-result reconciliation.","",""
"PDARTS/output/eval_runs/64/EVAL_target__TARGET__gid15c3110bc2__m10__seed0__img32__bs64__lr0.025__wd0.0003__ep300__20251221-113642/train_history.csv","158",".csv","PRESERVE_PRIVATE","Historical experiment artifact, ledger, prediction record, or generated output.","Retain privately until canonical-result reconciliation.","",""
"PDARTS/output/eval_runs/64/EVAL_target__TARGET__gid15c3110bc2__m12__seed0__img32__bs64__lr0.025__wd0.0003__ep300__20251221-113803/best_full.pt","13272365",".pt","PRESERVE_PRIVATE","Large checkpoint, numerical intermediate, or detailed historical execution log.","Keep outside Git; publish only compact provenance summaries.","",""
"PDARTS/output/eval_runs/64/EVAL_target__TARGET__gid15c3110bc2__m12__seed0__img32__bs64__lr0.025__wd0.0003__ep300__20251221-113803/best_weights.pt","6740386",".pt","PRESERVE_PRIVATE","Large checkpoint, numerical intermediate, or detailed historical execution log.","Keep outside Git; publish only compact provenance summaries.","",""
"PDARTS/output/eval_runs/64/EVAL_target__TARGET__gid15c3110bc2__m12__seed0__img32__bs64__lr0.025__wd0.0003__ep300__20251221-113803/eval.log","1609",".log","PRESERVE_PRIVATE","Large checkpoint, numerical intermediate, or detailed historical execution log.","Keep outside Git; publish only compact provenance summaries.","",""
"PDARTS/output/eval_runs/64/EVAL_target__TARGET__gid15c3110bc2__m12__seed0__img32__bs64__lr0.025__wd0.0003__ep300__20251221-113803/run_args.json","1640",".json","PRESERVE_PRIVATE","Historical experiment artifact, ledger, prediction record, or generated output.","Retain privately until canonical-result reconciliation.","",""
"PDARTS/output/eval_runs/64/EVAL_target__TARGET__gid15c3110bc2__m12__seed0__img32__bs64__lr0.025__wd0.0003__ep300__20251221-113803/train_history.csv","159",".csv","PRESERVE_PRIVATE","Historical experiment artifact, ledger, prediction record, or generated output.","Retain privately until canonical-result reconciliation.","",""
"PDARTS/output/eval_runs/64/EVAL_target__TARGET__gid15c3110bc2__m14__seed0__img32__bs64__lr0.025__wd0.0003__ep300__20251221-113929/best_full.pt","16971393",".pt","PRESERVE_PRIVATE","Large checkpoint, numerical intermediate, or detailed historical execution log.","Keep outside Git; publish only compact provenance summaries.","",""
"PDARTS/output/eval_runs/64/EVAL_target__TARGET__gid15c3110bc2__m14__seed0__img32__bs64__lr0.025__wd0.0003__ep300__20251221-113929/best_weights.pt","8610874",".pt","PRESERVE_PRIVATE","Large checkpoint, numerical intermediate, or detailed historical execution log.","Keep outside Git; publish only compact provenance summaries.","",""
"PDARTS/output/eval_runs/64/EVAL_target__TARGET__gid15c3110bc2__m14__seed0__img32__bs64__lr0.025__wd0.0003__ep300__20251221-113929/eval.log","1610",".log","PRESERVE_PRIVATE","Large checkpoint, numerical intermediate, or detailed historical execution log.","Keep outside Git; publish only compact provenance summaries.","",""
"PDARTS/output/eval_runs/64/EVAL_target__TARGET__gid15c3110bc2__m14__seed0__img32__bs64__lr0.025__wd0.0003__ep300__20251221-113929/run_args.json","1640",".json","PRESERVE_PRIVATE","Historical experiment artifact, ledger, prediction record, or generated output.","Retain privately until canonical-result reconciliation.","",""
"PDARTS/output/eval_runs/64/EVAL_target__TARGET__gid15c3110bc2__m14__seed0__img32__bs64__lr0.025__wd0.0003__ep300__20251221-113929/train_history.csv","161",".csv","PRESERVE_PRIVATE","Historical experiment artifact, ledger, prediction record, or generated output.","Retain privately until canonical-result reconciliation.","",""
"PDARTS/output/eval_runs/64/EVAL_target__TARGET__gid15c3110bc2__m2__seed0__img32__bs64__lr0.025__wd0.0003__ep300__20251221-113213/best_full.pt","1368058",".pt","PRESERVE_PRIVATE","Large checkpoint, numerical intermediate, or detailed historical execution log.","Keep outside Git; publish only compact provenance summaries.","",""
"PDARTS/output/eval_runs/64/EVAL_target__TARGET__gid15c3110bc2__m2__seed0__img32__bs64__lr0.025__wd0.0003__ep300__20251221-113213/best_weights.pt","694656",".pt","PRESERVE_PRIVATE","Large checkpoint, numerical intermediate, or detailed historical execution log.","Keep outside Git; publish only compact provenance summaries.","",""
"PDARTS/output/eval_runs/64/EVAL_target__TARGET__gid15c3110bc2__m2__seed0__img32__bs64__lr0.025__wd0.0003__ep300__20251221-113213/eval.log","1608",".log","PRESERVE_PRIVATE","Large checkpoint, numerical intermediate, or detailed historical execution log.","Keep outside Git; publish only compact provenance summaries.","",""
"PDARTS/output/eval_runs/64/EVAL_target__TARGET__gid15c3110bc2__m2__seed0__img32__bs64__lr0.025__wd0.0003__ep300__20251221-113213/run_args.json","1639",".json","PRESERVE_PRIVATE","Historical experiment artifact, ledger, prediction record, or generated output.","Retain privately until canonical-result reconciliation.","",""
"PDARTS/output/eval_runs/64/EVAL_target__TARGET__gid15c3110bc2__m2__seed0__img32__bs64__lr0.025__wd0.0003__ep300__20251221-113213/train_history.csv","161",".csv","PRESERVE_PRIVATE","Historical experiment artifact, ledger, prediction record, or generated output.","Retain privately until canonical-result reconciliation.","",""
"PDARTS/output/eval_runs/64/EVAL_target__TARGET__gid15c3110bc2__m4__seed0__img32__bs64__lr0.025__wd0.0003__ep300__20251221-113308/best_full.pt","4227706",".pt","PRESERVE_PRIVATE","Large checkpoint, numerical intermediate, or detailed historical execution log.","Keep outside Git; publish only compact provenance summaries.","",""
"PDARTS/output/eval_runs/64/EVAL_target__TARGET__gid15c3110bc2__m4__seed0__img32__bs64__lr0.025__wd0.0003__ep300__20251221-113308/best_weights.pt","2144194",".pt","PRESERVE_PRIVATE","Large checkpoint, numerical intermediate, or detailed historical execution log.","Keep outside Git; publish only compact provenance summaries.","",""
"PDARTS/output/eval_runs/64/EVAL_target__TARGET__gid15c3110bc2__m4__seed0__img32__bs64__lr0.025__wd0.0003__ep300__20251221-113308/eval.log","1608",".log","PRESERVE_PRIVATE","Large checkpoint, numerical intermediate, or detailed historical execution log.","Keep outside Git; publish only compact provenance summaries.","",""
"PDARTS/output/eval_runs/64/EVAL_target__TARGET__gid15c3110bc2__m4__seed0__img32__bs64__lr0.025__wd0.0003__ep300__20251221-113308/run_args.json","1639",".json","PRESERVE_PRIVATE","Historical experiment artifact, ledger, prediction record, or generated output.","Retain privately until canonical-result reconciliation.","",""
"PDARTS/output/eval_runs/64/EVAL_target__TARGET__gid15c3110bc2__m4__seed0__img32__bs64__lr0.025__wd0.0003__ep300__20251221-113308/train_history.csv","161",".csv","PRESERVE_PRIVATE","Historical experiment artifact, ledger, prediction record, or generated output.","Retain privately until canonical-result reconciliation.","",""
"PDARTS/output/eval_runs/64/EVAL_target__TARGET__gid15c3110bc2__m6__seed0__img32__bs64__lr0.025__wd0.0003__ep300__20251221-113414/best_full.pt","5372474",".pt","PRESERVE_PRIVATE","Large checkpoint, numerical intermediate, or detailed historical execution log.","Keep outside Git; publish only compact provenance summaries.","",""
"PDARTS/output/eval_runs/64/EVAL_target__TARGET__gid15c3110bc2__m6__seed0__img32__bs64__lr0.025__wd0.0003__ep300__20251221-113414/best_weights.pt","2733210",".pt","PRESERVE_PRIVATE","Large checkpoint, numerical intermediate, or detailed historical execution log.","Keep outside Git; publish only compact provenance summaries.","",""
"PDARTS/output/eval_runs/64/EVAL_target__TARGET__gid15c3110bc2__m6__seed0__img32__bs64__lr0.025__wd0.0003__ep300__20251221-113414/eval.log","1608",".log","PRESERVE_PRIVATE","Large checkpoint, numerical intermediate, or detailed historical execution log.","Keep outside Git; publish only compact provenance summaries.","",""
"PDARTS/output/eval_runs/64/EVAL_target__TARGET__gid15c3110bc2__m6__seed0__img32__bs64__lr0.025__wd0.0003__ep300__20251221-113414/run_args.json","1639",".json","PRESERVE_PRIVATE","Historical experiment artifact, ledger, prediction record, or generated output.","Retain privately until canonical-result reconciliation.","",""
"PDARTS/output/eval_runs/64/EVAL_target__TARGET__gid15c3110bc2__m6__seed0__img32__bs64__lr0.025__wd0.0003__ep300__20251221-113414/train_history.csv","161",".csv","PRESERVE_PRIVATE","Historical experiment artifact, ledger, prediction record, or generated output.","Retain privately until canonical-result reconciliation.","",""
"PDARTS/output/eval_runs/64/EVAL_target__TARGET__gid15c3110bc2__m8__seed0__img32__bs64__lr0.025__wd0.0003__ep300__20251221-113525/best_full.pt","9070650",".pt","PRESERVE_PRIVATE","Large checkpoint, numerical intermediate, or detailed historical execution log.","Keep outside Git; publish only compact provenance summaries.","",""
"PDARTS/output/eval_runs/64/EVAL_target__TARGET__gid15c3110bc2__m8__seed0__img32__bs64__lr0.025__wd0.0003__ep300__20251221-113525/best_weights.pt","4603378",".pt","PRESERVE_PRIVATE","Large checkpoint, numerical intermediate, or detailed historical execution log.","Keep outside Git; publish only compact provenance summaries.","",""
"PDARTS/output/eval_runs/64/EVAL_target__TARGET__gid15c3110bc2__m8__seed0__img32__bs64__lr0.025__wd0.0003__ep300__20251221-113525/eval.log","1608",".log","PRESERVE_PRIVATE","Large checkpoint, numerical intermediate, or detailed historical execution log.","Keep outside Git; publish only compact provenance summaries.","",""
"PDARTS/output/eval_runs/64/EVAL_target__TARGET__gid15c3110bc2__m8__seed0__img32__bs64__lr0.025__wd0.0003__ep300__20251221-113525/run_args.json","1639",".json","PRESERVE_PRIVATE","Historical experiment artifact, ledger, prediction record, or generated output.","Retain privately until canonical-result reconciliation.","",""
"PDARTS/output/eval_runs/64/EVAL_target__TARGET__gid15c3110bc2__m8__seed0__img32__bs64__lr0.025__wd0.0003__ep300__20251221-113525/train_history.csv","160",".csv","PRESERVE_PRIVATE","Historical experiment artifact, ledger, prediction record, or generated output.","Retain privately until canonical-result reconciliation.","",""
"PDARTS/output/search_runs/Batch/128/_BATCH_LEDGER.csv","2644",".csv","PRESERVE_PRIVATE","Historical experiment artifact, ledger, prediction record, or generated output.","Retain privately until canonical-result reconciliation.","",""
"PDARTS/output/search_runs/Batch/128/_SEARCH_LEDGER.csv","3085",".csv","PRESERVE_PRIVATE","Historical experiment artifact, ledger, prediction record, or generated output.","Retain privately until canonical-result reconciliation.","",""
"PDARTS/output/search_runs/Batch/128/ISIC_search__ISIC2019__n6__seed0__img32__bs128__lr0.025__wd0.0003__archlr0.0006__eps25x3__20251219-201516/arch_probs_final_normal.npy","576",".npy","PRESERVE_PRIVATE","Large checkpoint, numerical intermediate, or detailed historical execution log.","Keep outside Git; publish only compact provenance summaries.","",""
"PDARTS/output/search_runs/Batch/128/ISIC_search__ISIC2019__n6__seed0__img32__bs128__lr0.025__wd0.0003__archlr0.0006__eps25x3__20251219-201516/arch_probs_final_reduce.npy","576",".npy","PRESERVE_PRIVATE","Large checkpoint, numerical intermediate, or detailed historical execution log.","Keep outside Git; publish only compact provenance summaries.","",""
"PDARTS/output/search_runs/Batch/128/ISIC_search__ISIC2019__n6__seed0__img32__bs128__lr0.025__wd0.0003__archlr0.0006__eps25x3__20251219-201516/arch_probs_stage1_normal_global.npy","576",".npy","PRESERVE_PRIVATE","Large checkpoint, numerical intermediate, or detailed historical execution log.","Keep outside Git; publish only compact provenance summaries.","",""
"PDARTS/output/search_runs/Batch/128/ISIC_search__ISIC2019__n6__seed0__img32__bs128__lr0.025__wd0.0003__archlr0.0006__eps25x3__20251219-201516/arch_probs_stage1_normal_local.npy","576",".npy","PRESERVE_PRIVATE","Large checkpoint, numerical intermediate, or detailed historical execution log.","Keep outside Git; publish only compact provenance summaries.","",""
"PDARTS/output/search_runs/Batch/128/ISIC_search__ISIC2019__n6__seed0__img32__bs128__lr0.025__wd0.0003__archlr0.0006__eps25x3__20251219-201516/arch_probs_stage1_reduce_global.npy","576",".npy","PRESERVE_PRIVATE","Large checkpoint, numerical intermediate, or detailed historical execution log.","Keep outside Git; publish only compact provenance summaries.","",""
"PDARTS/output/search_runs/Batch/128/ISIC_search__ISIC2019__n6__seed0__img32__bs128__lr0.025__wd0.0003__archlr0.0006__eps25x3__20251219-201516/arch_probs_stage1_reduce_local.npy","576",".npy","PRESERVE_PRIVATE","Large checkpoint, numerical intermediate, or detailed historical execution log.","Keep outside Git; publish only compact provenance summaries.","",""
"PDARTS/output/search_runs/Batch/128/ISIC_search__ISIC2019__n6__seed0__img32__bs128__lr0.025__wd0.0003__archlr0.0006__eps25x3__20251219-201516/arch_probs_stage2_normal_global.npy","576",".npy","PRESERVE_PRIVATE","Large checkpoint, numerical intermediate, or detailed historical execution log.","Keep outside Git; publish only compact provenance summaries.","",""
"PDARTS/output/search_runs/Batch/128/ISIC_search__ISIC2019__n6__seed0__img32__bs128__lr0.025__wd0.0003__archlr0.0006__eps25x3__20251219-201516/arch_probs_stage2_normal_local.npy","408",".npy","PRESERVE_PRIVATE","Large checkpoint, numerical intermediate, or detailed historical execution log.","Keep outside Git; publish only compact provenance summaries.","",""
"PDARTS/output/search_runs/Batch/128/ISIC_search__ISIC2019__n6__seed0__img32__bs128__lr0.025__wd0.0003__archlr0.0006__eps25x3__20251219-201516/arch_probs_stage2_reduce_global.npy","576",".npy","PRESERVE_PRIVATE","Large checkpoint, numerical intermediate, or detailed historical execution log.","Keep outside Git; publish only compact provenance summaries.","",""
"PDARTS/output/search_runs/Batch/128/ISIC_search__ISIC2019__n6__seed0__img32__bs128__lr0.025__wd0.0003__archlr0.0006__eps25x3__20251219-201516/arch_probs_stage2_reduce_local.npy","408",".npy","PRESERVE_PRIVATE","Large checkpoint, numerical intermediate, or detailed historical execution log.","Keep outside Git; publish only compact provenance summaries.","",""
"PDARTS/output/search_runs/Batch/128/ISIC_search__ISIC2019__n6__seed0__img32__bs128__lr0.025__wd0.0003__archlr0.0006__eps25x3__20251219-201516/arch_probs_stage3_normal_global.npy","576",".npy","PRESERVE_PRIVATE","Large checkpoint, numerical intermediate, or detailed historical execution log.","Keep outside Git; publish only compact provenance summaries.","",""
"PDARTS/output/search_runs/Batch/128/ISIC_search__ISIC2019__n6__seed0__img32__bs128__lr0.025__wd0.0003__archlr0.0006__eps25x3__20251219-201516/arch_probs_stage3_normal_local.npy","296",".npy","PRESERVE_PRIVATE","Large checkpoint, numerical intermediate, or detailed historical execution log.","Keep outside Git; publish only compact provenance summaries.","",""
"PDARTS/output/search_runs/Batch/128/ISIC_search__ISIC2019__n6__seed0__img32__bs128__lr0.025__wd0.0003__archlr0.0006__eps25x3__20251219-201516/arch_probs_stage3_reduce_global.npy","576",".npy","PRESERVE_PRIVATE","Large checkpoint, numerical intermediate, or detailed historical execution log.","Keep outside Git; publish only compact provenance summaries.","",""
"PDARTS/output/search_runs/Batch/128/ISIC_search__ISIC2019__n6__seed0__img32__bs128__lr0.025__wd0.0003__archlr0.0006__eps25x3__20251219-201516/arch_probs_stage3_reduce_local.npy","296",".npy","PRESERVE_PRIVATE","Large checkpoint, numerical intermediate, or detailed historical execution log.","Keep outside Git; publish only compact provenance summaries.","",""
"PDARTS/output/search_runs/Batch/128/ISIC_search__ISIC2019__n6__seed0__img32__bs128__lr0.025__wd0.0003__archlr0.0006__eps25x3__20251219-201516/final_ops_normal.csv","212",".csv","EXTRACT_CANONICAL_RESULT","Compact genotype or metric artifact potentially relevant to the scientific record.","Reconcile with the manuscript before publishing a normalized result record.","",""
"PDARTS/output/search_runs/Batch/128/ISIC_search__ISIC2019__n6__seed0__img32__bs128__lr0.025__wd0.0003__archlr0.0006__eps25x3__20251219-201516/final_ops_reduce.csv","212",".csv","EXTRACT_CANONICAL_RESULT","Compact genotype or metric artifact potentially relevant to the scientific record.","Reconcile with the manuscript before publishing a normalized result record.","",""
"PDARTS/output/search_runs/Batch/128/ISIC_search__ISIC2019__n6__seed0__img32__bs128__lr0.025__wd0.0003__archlr0.0006__eps25x3__20251219-201516/final_switches_normal.json","240",".json","EXTRACT_CANONICAL_RESULT","Compact genotype or metric artifact potentially relevant to the scientific record.","Reconcile with the manuscript before publishing a normalized result record.","",""
"PDARTS/output/search_runs/Batch/128/ISIC_search__ISIC2019__n6__seed0__img32__bs128__lr0.025__wd0.0003__archlr0.0006__eps25x3__20251219-201516/final_switches_reduce.json","240",".json","EXTRACT_CANONICAL_RESULT","Compact genotype or metric artifact potentially relevant to the scientific record.","Reconcile with the manuscript before publishing a normalized result record.","",""
"PDARTS/output/search_runs/Batch/128/ISIC_search__ISIC2019__n6__seed0__img32__bs128__lr0.025__wd0.0003__archlr0.0006__eps25x3__20251219-201516/genotype.json","1072",".json","EXTRACT_CANONICAL_RESULT","Compact genotype or metric artifact potentially relevant to the scientific record.","Reconcile with the manuscript before publishing a normalized result record.","",""
"PDARTS/output/search_runs/Batch/128/ISIC_search__ISIC2019__n6__seed0__img32__bs128__lr0.025__wd0.0003__archlr0.0006__eps25x3__20251219-201516/genotype.txt","417",".txt","EXTRACT_CANONICAL_RESULT","Compact genotype or metric artifact potentially relevant to the scientific record.","Reconcile with the manuscript before publishing a normalized result record.","",""
"PDARTS/output/search_runs/Batch/128/ISIC_search__ISIC2019__n6__seed0__img32__bs128__lr0.025__wd0.0003__archlr0.0006__eps25x3__20251219-201516/run_args.json","1211",".json","PRESERVE_PRIVATE","Historical experiment artifact, ledger, prediction record, or generated output.","Retain privately until canonical-result reconciliation.","",""
"PDARTS/output/search_runs/Batch/128/ISIC_search__ISIC2019__n6__seed0__img32__bs128__lr0.025__wd0.0003__archlr0.0006__eps25x3__20251219-201516/search.log","37964",".log","PRESERVE_PRIVATE","Large checkpoint, numerical intermediate, or detailed historical execution log.","Keep outside Git; publish only compact provenance summaries.","",""
"PDARTS/output/search_runs/Batch/128/ISIC_search__ISIC2019__n6__seed0__img32__bs128__lr0.025__wd0.0003__archlr0.0006__eps25x3__20251219-201516/stage1_switches_normal.json","822",".json","PRESERVE_PRIVATE","Historical experiment artifact, ledger, prediction record, or generated output.","Retain privately until canonical-result reconciliation.","",""
"PDARTS/output/search_runs/Batch/128/ISIC_search__ISIC2019__n6__seed0__img32__bs128__lr0.025__wd0.0003__archlr0.0006__eps25x3__20251219-201516/stage1_switches_reduce.json","822",".json","PRESERVE_PRIVATE","Historical experiment artifact, ledger, prediction record, or generated output.","Retain privately until canonical-result reconciliation.","",""
"PDARTS/output/search_runs/Batch/128/ISIC_search__ISIC2019__n6__seed0__img32__bs128__lr0.025__wd0.0003__archlr0.0006__eps25x3__20251219-201516/stage1_weights.pt","3025416",".pt","PRESERVE_PRIVATE","Large checkpoint, numerical intermediate, or detailed historical execution log.","Keep outside Git; publish only compact provenance summaries.","",""
"PDARTS/output/search_runs/Batch/128/ISIC_search__ISIC2019__n6__seed0__img32__bs128__lr0.025__wd0.0003__archlr0.0006__eps25x3__20251219-201516/stage2_switches_normal.json","570",".json","PRESERVE_PRIVATE","Historical experiment artifact, ledger, prediction record, or generated output.","Retain privately until canonical-result reconciliation.","",""
"PDARTS/output/search_runs/Batch/128/ISIC_search__ISIC2019__n6__seed0__img32__bs128__lr0.025__wd0.0003__archlr0.0006__eps25x3__20251219-201516/stage2_switches_reduce.json","570",".json","PRESERVE_PRIVATE","Historical experiment artifact, ledger, prediction record, or generated output.","Retain privately until canonical-result reconciliation.","",""
"PDARTS/output/search_runs/Batch/128/ISIC_search__ISIC2019__n6__seed0__img32__bs128__lr0.025__wd0.0003__archlr0.0006__eps25x3__20251219-201516/stage2_weights.pt","3743506",".pt","PRESERVE_PRIVATE","Large checkpoint, numerical intermediate, or detailed historical execution log.","Keep outside Git; publish only compact provenance summaries.","",""
"PDARTS/output/search_runs/Batch/128/ISIC_search__ISIC2019__n6__seed0__img32__bs128__lr0.025__wd0.0003__archlr0.0006__eps25x3__20251219-201516/stage3_switches_normal.json","318",".json","PRESERVE_PRIVATE","Historical experiment artifact, ledger, prediction record, or generated output.","Retain privately until canonical-result reconciliation.","",""
"PDARTS/output/search_runs/Batch/128/ISIC_search__ISIC2019__n6__seed0__img32__bs128__lr0.025__wd0.0003__archlr0.0006__eps25x3__20251219-201516/stage3_switches_reduce.json","318",".json","PRESERVE_PRIVATE","Historical experiment artifact, ledger, prediction record, or generated output.","Retain privately until canonical-result reconciliation.","",""
"PDARTS/output/search_runs/Batch/128/ISIC_search__ISIC2019__n6__seed0__img32__bs128__lr0.025__wd0.0003__archlr0.0006__eps25x3__20251219-201516/stage3_weights.pt","2858998",".pt","PRESERVE_PRIVATE","Large checkpoint, numerical intermediate, or detailed historical execution log.","Keep outside Git; publish only compact provenance summaries.","",""
"PDARTS/output/search_runs/Batch/128/ISIC_search__ISIC2019__n6__seed1__img32__bs128__lr0.025__wd0.0003__archlr0.0006__eps25x3__20251220-064002/arch_probs_final_normal.npy","576",".npy","PRESERVE_PRIVATE","Large checkpoint, numerical intermediate, or detailed historical execution log.","Keep outside Git; publish only compact provenance summaries.","",""
"PDARTS/output/search_runs/Batch/128/ISIC_search__ISIC2019__n6__seed1__img32__bs128__lr0.025__wd0.0003__archlr0.0006__eps25x3__20251220-064002/arch_probs_final_reduce.npy","576",".npy","PRESERVE_PRIVATE","Large checkpoint, numerical intermediate, or detailed historical execution log.","Keep outside Git; publish only compact provenance summaries.","",""
"PDARTS/output/search_runs/Batch/128/ISIC_search__ISIC2019__n6__seed1__img32__bs128__lr0.025__wd0.0003__archlr0.0006__eps25x3__20251220-064002/arch_probs_stage1_normal_global.npy","576",".npy","PRESERVE_PRIVATE","Large checkpoint, numerical intermediate, or detailed historical execution log.","Keep outside Git; publish only compact provenance summaries.","",""
"PDARTS/output/search_runs/Batch/128/ISIC_search__ISIC2019__n6__seed1__img32__bs128__lr0.025__wd0.0003__archlr0.0006__eps25x3__20251220-064002/arch_probs_stage1_normal_local.npy","576",".npy","PRESERVE_PRIVATE","Large checkpoint, numerical intermediate, or detailed historical execution log.","Keep outside Git; publish only compact provenance summaries.","",""
"PDARTS/output/search_runs/Batch/128/ISIC_search__ISIC2019__n6__seed1__img32__bs128__lr0.025__wd0.0003__archlr0.0006__eps25x3__20251220-064002/arch_probs_stage1_reduce_global.npy","576",".npy","PRESERVE_PRIVATE","Large checkpoint, numerical intermediate, or detailed historical execution log.","Keep outside Git; publish only compact provenance summaries.","",""
"PDARTS/output/search_runs/Batch/128/ISIC_search__ISIC2019__n6__seed1__img32__bs128__lr0.025__wd0.0003__archlr0.0006__eps25x3__20251220-064002/arch_probs_stage1_reduce_local.npy","576",".npy","PRESERVE_PRIVATE","Large checkpoint, numerical intermediate, or detailed historical execution log.","Keep outside Git; publish only compact provenance summaries.","",""
"PDARTS/output/search_runs/Batch/128/ISIC_search__ISIC2019__n6__seed1__img32__bs128__lr0.025__wd0.0003__archlr0.0006__eps25x3__20251220-064002/arch_probs_stage2_normal_global.npy","576",".npy","PRESERVE_PRIVATE","Large checkpoint, numerical intermediate, or detailed historical execution log.","Keep outside Git; publish only compact provenance summaries.","",""
"PDARTS/output/search_runs/Batch/128/ISIC_search__ISIC2019__n6__seed1__img32__bs128__lr0.025__wd0.0003__archlr0.0006__eps25x3__20251220-064002/arch_probs_stage2_normal_local.npy","408",".npy","PRESERVE_PRIVATE","Large checkpoint, numerical intermediate, or detailed historical execution log.","Keep outside Git; publish only compact provenance summaries.","",""
"PDARTS/output/search_runs/Batch/128/ISIC_search__ISIC2019__n6__seed1__img32__bs128__lr0.025__wd0.0003__archlr0.0006__eps25x3__20251220-064002/arch_probs_stage2_reduce_global.npy","576",".npy","PRESERVE_PRIVATE","Large checkpoint, numerical intermediate, or detailed historical execution log.","Keep outside Git; publish only compact provenance summaries.","",""
"PDARTS/output/search_runs/Batch/128/ISIC_search__ISIC2019__n6__seed1__img32__bs128__lr0.025__wd0.0003__archlr0.0006__eps25x3__20251220-064002/arch_probs_stage2_reduce_local.npy","408",".npy","PRESERVE_PRIVATE","Large checkpoint, numerical intermediate, or detailed historical execution log.","Keep outside Git; publish only compact provenance summaries.","",""
"PDARTS/output/search_runs/Batch/128/ISIC_search__ISIC2019__n6__seed1__img32__bs128__lr0.025__wd0.0003__archlr0.0006__eps25x3__20251220-064002/arch_probs_stage3_normal_global.npy","576",".npy","PRESERVE_PRIVATE","Large checkpoint, numerical intermediate, or detailed historical execution log.","Keep outside Git; publish only compact provenance summaries.","",""
"PDARTS/output/search_runs/Batch/128/ISIC_search__ISIC2019__n6__seed1__img32__bs128__lr0.025__wd0.0003__archlr0.0006__eps25x3__20251220-064002/arch_probs_stage3_normal_local.npy","296",".npy","PRESERVE_PRIVATE","Large checkpoint, numerical intermediate, or detailed historical execution log.","Keep outside Git; publish only compact provenance summaries.","",""
"PDARTS/output/search_runs/Batch/128/ISIC_search__ISIC2019__n6__seed1__img32__bs128__lr0.025__wd0.0003__archlr0.0006__eps25x3__20251220-064002/arch_probs_stage3_reduce_global.npy","576",".npy","PRESERVE_PRIVATE","Large checkpoint, numerical intermediate, or detailed historical execution log.","Keep outside Git; publish only compact provenance summaries.","",""
"PDARTS/output/search_runs/Batch/128/ISIC_search__ISIC2019__n6__seed1__img32__bs128__lr0.025__wd0.0003__archlr0.0006__eps25x3__20251220-064002/arch_probs_stage3_reduce_local.npy","296",".npy","PRESERVE_PRIVATE","Large checkpoint, numerical intermediate, or detailed historical execution log.","Keep outside Git; publish only compact provenance summaries.","",""
"PDARTS/output/search_runs/Batch/128/ISIC_search__ISIC2019__n6__seed1__img32__bs128__lr0.025__wd0.0003__archlr0.0006__eps25x3__20251220-064002/final_ops_normal.csv","212",".csv","EXTRACT_CANONICAL_RESULT","Compact genotype or metric artifact potentially relevant to the scientific record.","Reconcile with the manuscript before publishing a normalized result record.","",""
"PDARTS/output/search_runs/Batch/128/ISIC_search__ISIC2019__n6__seed1__img32__bs128__lr0.025__wd0.0003__archlr0.0006__eps25x3__20251220-064002/final_ops_reduce.csv","212",".csv","EXTRACT_CANONICAL_RESULT","Compact genotype or metric artifact potentially relevant to the scientific record.","Reconcile with the manuscript before publishing a normalized result record.","",""
"PDARTS/output/search_runs/Batch/128/ISIC_search__ISIC2019__n6__seed1__img32__bs128__lr0.025__wd0.0003__archlr0.0006__eps25x3__20251220-064002/final_switches_normal.json","240",".json","EXTRACT_CANONICAL_RESULT","Compact genotype or metric artifact potentially relevant to the scientific record.","Reconcile with the manuscript before publishing a normalized result record.","",""
"PDARTS/output/search_runs/Batch/128/ISIC_search__ISIC2019__n6__seed1__img32__bs128__lr0.025__wd0.0003__archlr0.0006__eps25x3__20251220-064002/final_switches_reduce.json","240",".json","EXTRACT_CANONICAL_RESULT","Compact genotype or metric artifact potentially relevant to the scientific record.","Reconcile with the manuscript before publishing a normalized result record.","",""
"PDARTS/output/search_runs/Batch/128/ISIC_search__ISIC2019__n6__seed1__img32__bs128__lr0.025__wd0.0003__archlr0.0006__eps25x3__20251220-064002/genotype.json","1072",".json","EXTRACT_CANONICAL_RESULT","Compact genotype or metric artifact potentially relevant to the scientific record.","Reconcile with the manuscript before publishing a normalized result record.","",""
"PDARTS/output/search_runs/Batch/128/ISIC_search__ISIC2019__n6__seed1__img32__bs128__lr0.025__wd0.0003__archlr0.0006__eps25x3__20251220-064002/genotype.txt","417",".txt","EXTRACT_CANONICAL_RESULT","Compact genotype or metric artifact potentially relevant to the scientific record.","Reconcile with the manuscript before publishing a normalized result record.","",""
"PDARTS/output/search_runs/Batch/128/ISIC_search__ISIC2019__n6__seed1__img32__bs128__lr0.025__wd0.0003__archlr0.0006__eps25x3__20251220-064002/run_args.json","1211",".json","PRESERVE_PRIVATE","Historical experiment artifact, ledger, prediction record, or generated output.","Retain privately until canonical-result reconciliation.","",""
"PDARTS/output/search_runs/Batch/128/ISIC_search__ISIC2019__n6__seed1__img32__bs128__lr0.025__wd0.0003__archlr0.0006__eps25x3__20251220-064002/search.log","37946",".log","PRESERVE_PRIVATE","Large checkpoint, numerical intermediate, or detailed historical execution log.","Keep outside Git; publish only compact provenance summaries.","",""
"PDARTS/output/search_runs/Batch/128/ISIC_search__ISIC2019__n6__seed1__img32__bs128__lr0.025__wd0.0003__archlr0.0006__eps25x3__20251220-064002/stage1_switches_normal.json","822",".json","PRESERVE_PRIVATE","Historical experiment artifact, ledger, prediction record, or generated output.","Retain privately until canonical-result reconciliation.","",""
"PDARTS/output/search_runs/Batch/128/ISIC_search__ISIC2019__n6__seed1__img32__bs128__lr0.025__wd0.0003__archlr0.0006__eps25x3__20251220-064002/stage1_switches_reduce.json","822",".json","PRESERVE_PRIVATE","Historical experiment artifact, ledger, prediction record, or generated output.","Retain privately until canonical-result reconciliation.","",""
"PDARTS/output/search_runs/Batch/128/ISIC_search__ISIC2019__n6__seed1__img32__bs128__lr0.025__wd0.0003__archlr0.0006__eps25x3__20251220-064002/stage1_weights.pt","3025416",".pt","PRESERVE_PRIVATE","Large checkpoint, numerical intermediate, or detailed historical execution log.","Keep outside Git; publish only compact provenance summaries.","",""
"PDARTS/output/search_runs/Batch/128/ISIC_search__ISIC2019__n6__seed1__img32__bs128__lr0.025__wd0.0003__archlr0.0006__eps25x3__20251220-064002/stage2_switches_normal.json","570",".json","PRESERVE_PRIVATE","Historical experiment artifact, ledger, prediction record, or generated output.","Retain privately until canonical-result reconciliation.","",""
"PDARTS/output/search_runs/Batch/128/ISIC_search__ISIC2019__n6__seed1__img32__bs128__lr0.025__wd0.0003__archlr0.0006__eps25x3__20251220-064002/stage2_switches_reduce.json","570",".json","PRESERVE_PRIVATE","Historical experiment artifact, ledger, prediction record, or generated output.","Retain privately until canonical-result reconciliation.","",""
"PDARTS/output/search_runs/Batch/128/ISIC_search__ISIC2019__n6__seed1__img32__bs128__lr0.025__wd0.0003__archlr0.0006__eps25x3__20251220-064002/stage2_weights.pt","3520710",".pt","PRESERVE_PRIVATE","Large checkpoint, numerical intermediate, or detailed historical execution log.","Keep outside Git; publish only compact provenance summaries.","",""
"PDARTS/output/search_runs/Batch/128/ISIC_search__ISIC2019__n6__seed1__img32__bs128__lr0.025__wd0.0003__archlr0.0006__eps25x3__20251220-064002/stage3_switches_normal.json","318",".json","PRESERVE_PRIVATE","Historical experiment artifact, ledger, prediction record, or generated output.","Retain privately until canonical-result reconciliation.","",""
"PDARTS/output/search_runs/Batch/128/ISIC_search__ISIC2019__n6__seed1__img32__bs128__lr0.025__wd0.0003__archlr0.0006__eps25x3__20251220-064002/stage3_switches_reduce.json","318",".json","PRESERVE_PRIVATE","Historical experiment artifact, ledger, prediction record, or generated output.","Retain privately until canonical-result reconciliation.","",""
"PDARTS/output/search_runs/Batch/128/ISIC_search__ISIC2019__n6__seed1__img32__bs128__lr0.025__wd0.0003__archlr0.0006__eps25x3__20251220-064002/stage3_weights.pt","2691362",".pt","PRESERVE_PRIVATE","Large checkpoint, numerical intermediate, or detailed historical execution log.","Keep outside Git; publish only compact provenance summaries.","",""
"PDARTS/output/search_runs/Batch/128/ISIC_search__ISIC2019__n6__seed2__img32__bs128__lr0.025__wd0.0003__archlr0.0006__eps25x3__20251220-170008/arch_probs_final_normal.npy","576",".npy","PRESERVE_PRIVATE","Large checkpoint, numerical intermediate, or detailed historical execution log.","Keep outside Git; publish only compact provenance summaries.","",""
"PDARTS/output/search_runs/Batch/128/ISIC_search__ISIC2019__n6__seed2__img32__bs128__lr0.025__wd0.0003__archlr0.0006__eps25x3__20251220-170008/arch_probs_final_reduce.npy","576",".npy","PRESERVE_PRIVATE","Large checkpoint, numerical intermediate, or detailed historical execution log.","Keep outside Git; publish only compact provenance summaries.","",""
"PDARTS/output/search_runs/Batch/128/ISIC_search__ISIC2019__n6__seed2__img32__bs128__lr0.025__wd0.0003__archlr0.0006__eps25x3__20251220-170008/arch_probs_stage1_normal_global.npy","576",".npy","PRESERVE_PRIVATE","Large checkpoint, numerical intermediate, or detailed historical execution log.","Keep outside Git; publish only compact provenance summaries.","",""
"PDARTS/output/search_runs/Batch/128/ISIC_search__ISIC2019__n6__seed2__img32__bs128__lr0.025__wd0.0003__archlr0.0006__eps25x3__20251220-170008/arch_probs_stage1_normal_local.npy","576",".npy","PRESERVE_PRIVATE","Large checkpoint, numerical intermediate, or detailed historical execution log.","Keep outside Git; publish only compact provenance summaries.","",""
"PDARTS/output/search_runs/Batch/128/ISIC_search__ISIC2019__n6__seed2__img32__bs128__lr0.025__wd0.0003__archlr0.0006__eps25x3__20251220-170008/arch_probs_stage1_reduce_global.npy","576",".npy","PRESERVE_PRIVATE","Large checkpoint, numerical intermediate, or detailed historical execution log.","Keep outside Git; publish only compact provenance summaries.","",""
"PDARTS/output/search_runs/Batch/128/ISIC_search__ISIC2019__n6__seed2__img32__bs128__lr0.025__wd0.0003__archlr0.0006__eps25x3__20251220-170008/arch_probs_stage1_reduce_local.npy","576",".npy","PRESERVE_PRIVATE","Large checkpoint, numerical intermediate, or detailed historical execution log.","Keep outside Git; publish only compact provenance summaries.","",""
"PDARTS/output/search_runs/Batch/128/ISIC_search__ISIC2019__n6__seed2__img32__bs128__lr0.025__wd0.0003__archlr0.0006__eps25x3__20251220-170008/arch_probs_stage2_normal_global.npy","576",".npy","PRESERVE_PRIVATE","Large checkpoint, numerical intermediate, or detailed historical execution log.","Keep outside Git; publish only compact provenance summaries.","",""
"PDARTS/output/search_runs/Batch/128/ISIC_search__ISIC2019__n6__seed2__img32__bs128__lr0.025__wd0.0003__archlr0.0006__eps25x3__20251220-170008/arch_probs_stage2_normal_local.npy","408",".npy","PRESERVE_PRIVATE","Large checkpoint, numerical intermediate, or detailed historical execution log.","Keep outside Git; publish only compact provenance summaries.","",""
"PDARTS/output/search_runs/Batch/128/ISIC_search__ISIC2019__n6__seed2__img32__bs128__lr0.025__wd0.0003__archlr0.0006__eps25x3__20251220-170008/arch_probs_stage2_reduce_global.npy","576",".npy","PRESERVE_PRIVATE","Large checkpoint, numerical intermediate, or detailed historical execution log.","Keep outside Git; publish only compact provenance summaries.","",""
"PDARTS/output/search_runs/Batch/128/ISIC_search__ISIC2019__n6__seed2__img32__bs128__lr0.025__wd0.0003__archlr0.0006__eps25x3__20251220-170008/arch_probs_stage2_reduce_local.npy","408",".npy","PRESERVE_PRIVATE","Large checkpoint, numerical intermediate, or detailed historical execution log.","Keep outside Git; publish only compact provenance summaries.","",""
"PDARTS/output/search_runs/Batch/128/ISIC_search__ISIC2019__n6__seed2__img32__bs128__lr0.025__wd0.0003__archlr0.0006__eps25x3__20251220-170008/arch_probs_stage3_normal_global.npy","576",".npy","PRESERVE_PRIVATE","Large checkpoint, numerical intermediate, or detailed historical execution log.","Keep outside Git; publish only compact provenance summaries.","",""
"PDARTS/output/search_runs/Batch/128/ISIC_search__ISIC2019__n6__seed2__img32__bs128__lr0.025__wd0.0003__archlr0.0006__eps25x3__20251220-170008/arch_probs_stage3_normal_local.npy","296",".npy","PRESERVE_PRIVATE","Large checkpoint, numerical intermediate, or detailed historical execution log.","Keep outside Git; publish only compact provenance summaries.","",""
"PDARTS/output/search_runs/Batch/128/ISIC_search__ISIC2019__n6__seed2__img32__bs128__lr0.025__wd0.0003__archlr0.0006__eps25x3__20251220-170008/arch_probs_stage3_reduce_global.npy","576",".npy","PRESERVE_PRIVATE","Large checkpoint, numerical intermediate, or detailed historical execution log.","Keep outside Git; publish only compact provenance summaries.","",""
"PDARTS/output/search_runs/Batch/128/ISIC_search__ISIC2019__n6__seed2__img32__bs128__lr0.025__wd0.0003__archlr0.0006__eps25x3__20251220-170008/arch_probs_stage3_reduce_local.npy","296",".npy","PRESERVE_PRIVATE","Large checkpoint, numerical intermediate, or detailed historical execution log.","Keep outside Git; publish only compact provenance summaries.","",""
"PDARTS/output/search_runs/Batch/128/ISIC_search__ISIC2019__n6__seed2__img32__bs128__lr0.025__wd0.0003__archlr0.0006__eps25x3__20251220-170008/final_ops_normal.csv","212",".csv","EXTRACT_CANONICAL_RESULT","Compact genotype or metric artifact potentially relevant to the scientific record.","Reconcile with the manuscript before publishing a normalized result record.","",""
"PDARTS/output/search_runs/Batch/128/ISIC_search__ISIC2019__n6__seed2__img32__bs128__lr0.025__wd0.0003__archlr0.0006__eps25x3__20251220-170008/final_ops_reduce.csv","212",".csv","EXTRACT_CANONICAL_RESULT","Compact genotype or metric artifact potentially relevant to the scientific record.","Reconcile with the manuscript before publishing a normalized result record.","",""
"PDARTS/output/search_runs/Batch/128/ISIC_search__ISIC2019__n6__seed2__img32__bs128__lr0.025__wd0.0003__archlr0.0006__eps25x3__20251220-170008/final_switches_normal.json","240",".json","EXTRACT_CANONICAL_RESULT","Compact genotype or metric artifact potentially relevant to the scientific record.","Reconcile with the manuscript before publishing a normalized result record.","",""
"PDARTS/output/search_runs/Batch/128/ISIC_search__ISIC2019__n6__seed2__img32__bs128__lr0.025__wd0.0003__archlr0.0006__eps25x3__20251220-170008/final_switches_reduce.json","240",".json","EXTRACT_CANONICAL_RESULT","Compact genotype or metric artifact potentially relevant to the scientific record.","Reconcile with the manuscript before publishing a normalized result record.","",""
"PDARTS/output/search_runs/Batch/128/ISIC_search__ISIC2019__n6__seed2__img32__bs128__lr0.025__wd0.0003__archlr0.0006__eps25x3__20251220-170008/genotype.json","1072",".json","EXTRACT_CANONICAL_RESULT","Compact genotype or metric artifact potentially relevant to the scientific record.","Reconcile with the manuscript before publishing a normalized result record.","",""
"PDARTS/output/search_runs/Batch/128/ISIC_search__ISIC2019__n6__seed2__img32__bs128__lr0.025__wd0.0003__archlr0.0006__eps25x3__20251220-170008/genotype.txt","417",".txt","EXTRACT_CANONICAL_RESULT","Compact genotype or metric artifact potentially relevant to the scientific record.","Reconcile with the manuscript before publishing a normalized result record.","",""
"PDARTS/output/search_runs/Batch/128/ISIC_search__ISIC2019__n6__seed2__img32__bs128__lr0.025__wd0.0003__archlr0.0006__eps25x3__20251220-170008/run_args.json","1211",".json","PRESERVE_PRIVATE","Historical experiment artifact, ledger, prediction record, or generated output.","Retain privately until canonical-result reconciliation.","",""
"PDARTS/output/search_runs/Batch/128/ISIC_search__ISIC2019__n6__seed2__img32__bs128__lr0.025__wd0.0003__archlr0.0006__eps25x3__20251220-170008/search.log","37962",".log","PRESERVE_PRIVATE","Large checkpoint, numerical intermediate, or detailed historical execution log.","Keep outside Git; publish only compact provenance summaries.","",""
"PDARTS/output/search_runs/Batch/128/ISIC_search__ISIC2019__n6__seed2__img32__bs128__lr0.025__wd0.0003__archlr0.0006__eps25x3__20251220-170008/stage1_switches_normal.json","822",".json","PRESERVE_PRIVATE","Historical experiment artifact, ledger, prediction record, or generated output.","Retain privately until canonical-result reconciliation.","",""
"PDARTS/output/search_runs/Batch/128/ISIC_search__ISIC2019__n6__seed2__img32__bs128__lr0.025__wd0.0003__archlr0.0006__eps25x3__20251220-170008/stage1_switches_reduce.json","822",".json","PRESERVE_PRIVATE","Historical experiment artifact, ledger, prediction record, or generated output.","Retain privately until canonical-result reconciliation.","",""
"PDARTS/output/search_runs/Batch/128/ISIC_search__ISIC2019__n6__seed2__img32__bs128__lr0.025__wd0.0003__archlr0.0006__eps25x3__20251220-170008/stage1_weights.pt","3025416",".pt","PRESERVE_PRIVATE","Large checkpoint, numerical intermediate, or detailed historical execution log.","Keep outside Git; publish only compact provenance summaries.","",""
"PDARTS/output/search_runs/Batch/128/ISIC_search__ISIC2019__n6__seed2__img32__bs128__lr0.025__wd0.0003__archlr0.0006__eps25x3__20251220-170008/stage2_switches_normal.json","570",".json","PRESERVE_PRIVATE","Historical experiment artifact, ledger, prediction record, or generated output.","Retain privately until canonical-result reconciliation.","",""
"PDARTS/output/search_runs/Batch/128/ISIC_search__ISIC2019__n6__seed2__img32__bs128__lr0.025__wd0.0003__archlr0.0006__eps25x3__20251220-170008/stage2_switches_reduce.json","570",".json","PRESERVE_PRIVATE","Historical experiment artifact, ledger, prediction record, or generated output.","Retain privately until canonical-result reconciliation.","",""
"PDARTS/output/search_runs/Batch/128/ISIC_search__ISIC2019__n6__seed2__img32__bs128__lr0.025__wd0.0003__archlr0.0006__eps25x3__20251220-170008/stage2_weights.pt","3870078",".pt","PRESERVE_PRIVATE","Large checkpoint, numerical intermediate, or detailed historical execution log.","Keep outside Git; publish only compact provenance summaries.","",""
"PDARTS/output/search_runs/Batch/128/ISIC_search__ISIC2019__n6__seed2__img32__bs128__lr0.025__wd0.0003__archlr0.0006__eps25x3__20251220-170008/stage3_switches_normal.json","318",".json","PRESERVE_PRIVATE","Historical experiment artifact, ledger, prediction record, or generated output.","Retain privately until canonical-result reconciliation.","",""
"PDARTS/output/search_runs/Batch/128/ISIC_search__ISIC2019__n6__seed2__img32__bs128__lr0.025__wd0.0003__archlr0.0006__eps25x3__20251220-170008/stage3_switches_reduce.json","318",".json","PRESERVE_PRIVATE","Historical experiment artifact, ledger, prediction record, or generated output.","Retain privately until canonical-result reconciliation.","",""
"PDARTS/output/search_runs/Batch/128/ISIC_search__ISIC2019__n6__seed2__img32__bs128__lr0.025__wd0.0003__archlr0.0006__eps25x3__20251220-170008/stage3_weights.pt","2847794",".pt","PRESERVE_PRIVATE","Large checkpoint, numerical intermediate, or detailed historical execution log.","Keep outside Git; publish only compact provenance summaries.","",""
"PDARTS/output/search_runs/Batch/128/ISIC_search__ISIC2019__n8__seed0__img32__bs128__lr0.025__wd0.0003__archlr0.0006__eps25x3__20251221-033702/arch_probs_stage1_normal_global.npy","576",".npy","PRESERVE_PRIVATE","Large checkpoint, numerical intermediate, or detailed historical execution log.","Keep outside Git; publish only compact provenance summaries.","",""
"PDARTS/output/search_runs/Batch/128/ISIC_search__ISIC2019__n8__seed0__img32__bs128__lr0.025__wd0.0003__archlr0.0006__eps25x3__20251221-033702/arch_probs_stage1_normal_local.npy","576",".npy","PRESERVE_PRIVATE","Large checkpoint, numerical intermediate, or detailed historical execution log.","Keep outside Git; publish only compact provenance summaries.","",""
"PDARTS/output/search_runs/Batch/128/ISIC_search__ISIC2019__n8__seed0__img32__bs128__lr0.025__wd0.0003__archlr0.0006__eps25x3__20251221-033702/arch_probs_stage1_reduce_global.npy","576",".npy","PRESERVE_PRIVATE","Large checkpoint, numerical intermediate, or detailed historical execution log.","Keep outside Git; publish only compact provenance summaries.","",""
"PDARTS/output/search_runs/Batch/128/ISIC_search__ISIC2019__n8__seed0__img32__bs128__lr0.025__wd0.0003__archlr0.0006__eps25x3__20251221-033702/arch_probs_stage1_reduce_local.npy","576",".npy","PRESERVE_PRIVATE","Large checkpoint, numerical intermediate, or detailed historical execution log.","Keep outside Git; publish only compact provenance summaries.","",""
"PDARTS/output/search_runs/Batch/128/ISIC_search__ISIC2019__n8__seed0__img32__bs128__lr0.025__wd0.0003__archlr0.0006__eps25x3__20251221-033702/run_args.json","1211",".json","PRESERVE_PRIVATE","Historical experiment artifact, ledger, prediction record, or generated output.","Retain privately until canonical-result reconciliation.","",""
"PDARTS/output/search_runs/Batch/128/ISIC_search__ISIC2019__n8__seed0__img32__bs128__lr0.025__wd0.0003__archlr0.0006__eps25x3__20251221-033702/search.log","19739",".log","PRESERVE_PRIVATE","Large checkpoint, numerical intermediate, or detailed historical execution log.","Keep outside Git; publish only compact provenance summaries.","",""
"PDARTS/output/search_runs/Batch/128/ISIC_search__ISIC2019__n8__seed0__img32__bs128__lr0.025__wd0.0003__archlr0.0006__eps25x3__20251221-033702/stage1_switches_normal.json","822",".json","PRESERVE_PRIVATE","Historical experiment artifact, ledger, prediction record, or generated output.","Retain privately until canonical-result reconciliation.","",""
"PDARTS/output/search_runs/Batch/128/ISIC_search__ISIC2019__n8__seed0__img32__bs128__lr0.025__wd0.0003__archlr0.0006__eps25x3__20251221-033702/stage1_switches_reduce.json","822",".json","PRESERVE_PRIVATE","Historical experiment artifact, ledger, prediction record, or generated output.","Retain privately until canonical-result reconciliation.","",""
"PDARTS/output/search_runs/Batch/128/ISIC_search__ISIC2019__n8__seed0__img32__bs128__lr0.025__wd0.0003__archlr0.0006__eps25x3__20251221-033702/stage1_weights.pt","5526094",".pt","PRESERVE_PRIVATE","Large checkpoint, numerical intermediate, or detailed historical execution log.","Keep outside Git; publish only compact provenance summaries.","",""
"PDARTS/output/search_runs/Batch/256/_BATCH_LEDGER.csv","4832",".csv","PRESERVE_PRIVATE","Historical experiment artifact, ledger, prediction record, or generated output.","Retain privately until canonical-result reconciliation.","",""
"PDARTS/output/search_runs/Batch/256/_SEARCH_LEDGER.csv","4901",".csv","PRESERVE_PRIVATE","Historical experiment artifact, ledger, prediction record, or generated output.","Retain privately until canonical-result reconciliation.","",""
"PDARTS/output/search_runs/Batch/256/ISIC_search__ISIC2019__n6__seed0__img32__bs256__lr0.025__wd0.0003__archlr0.0006__eps25x3__20251219-201622/arch_probs_final_normal.npy","576",".npy","PRESERVE_PRIVATE","Large checkpoint, numerical intermediate, or detailed historical execution log.","Keep outside Git; publish only compact provenance summaries.","",""
"PDARTS/output/search_runs/Batch/256/ISIC_search__ISIC2019__n6__seed0__img32__bs256__lr0.025__wd0.0003__archlr0.0006__eps25x3__20251219-201622/arch_probs_final_reduce.npy","576",".npy","PRESERVE_PRIVATE","Large checkpoint, numerical intermediate, or detailed historical execution log.","Keep outside Git; publish only compact provenance summaries.","",""
"PDARTS/output/search_runs/Batch/256/ISIC_search__ISIC2019__n6__seed0__img32__bs256__lr0.025__wd0.0003__archlr0.0006__eps25x3__20251219-201622/arch_probs_stage1_normal_global.npy","576",".npy","PRESERVE_PRIVATE","Large checkpoint, numerical intermediate, or detailed historical execution log.","Keep outside Git; publish only compact provenance summaries.","",""
"PDARTS/output/search_runs/Batch/256/ISIC_search__ISIC2019__n6__seed0__img32__bs256__lr0.025__wd0.0003__archlr0.0006__eps25x3__20251219-201622/arch_probs_stage1_normal_local.npy","576",".npy","PRESERVE_PRIVATE","Large checkpoint, numerical intermediate, or detailed historical execution log.","Keep outside Git; publish only compact provenance summaries.","",""
"PDARTS/output/search_runs/Batch/256/ISIC_search__ISIC2019__n6__seed0__img32__bs256__lr0.025__wd0.0003__archlr0.0006__eps25x3__20251219-201622/arch_probs_stage1_reduce_global.npy","576",".npy","PRESERVE_PRIVATE","Large checkpoint, numerical intermediate, or detailed historical execution log.","Keep outside Git; publish only compact provenance summaries.","",""
"PDARTS/output/search_runs/Batch/256/ISIC_search__ISIC2019__n6__seed0__img32__bs256__lr0.025__wd0.0003__archlr0.0006__eps25x3__20251219-201622/arch_probs_stage1_reduce_local.npy","576",".npy","PRESERVE_PRIVATE","Large checkpoint, numerical intermediate, or detailed historical execution log.","Keep outside Git; publish only compact provenance summaries.","",""
"PDARTS/output/search_runs/Batch/256/ISIC_search__ISIC2019__n6__seed0__img32__bs256__lr0.025__wd0.0003__archlr0.0006__eps25x3__20251219-201622/arch_probs_stage2_normal_global.npy","576",".npy","PRESERVE_PRIVATE","Large checkpoint, numerical intermediate, or detailed historical execution log.","Keep outside Git; publish only compact provenance summaries.","",""
"PDARTS/output/search_runs/Batch/256/ISIC_search__ISIC2019__n6__seed0__img32__bs256__lr0.025__wd0.0003__archlr0.0006__eps25x3__20251219-201622/arch_probs_stage2_normal_local.npy","408",".npy","PRESERVE_PRIVATE","Large checkpoint, numerical intermediate, or detailed historical execution log.","Keep outside Git; publish only compact provenance summaries.","",""
"PDARTS/output/search_runs/Batch/256/ISIC_search__ISIC2019__n6__seed0__img32__bs256__lr0.025__wd0.0003__archlr0.0006__eps25x3__20251219-201622/arch_probs_stage2_reduce_global.npy","576",".npy","PRESERVE_PRIVATE","Large checkpoint, numerical intermediate, or detailed historical execution log.","Keep outside Git; publish only compact provenance summaries.","",""
"PDARTS/output/search_runs/Batch/256/ISIC_search__ISIC2019__n6__seed0__img32__bs256__lr0.025__wd0.0003__archlr0.0006__eps25x3__20251219-201622/arch_probs_stage2_reduce_local.npy","408",".npy","PRESERVE_PRIVATE","Large checkpoint, numerical intermediate, or detailed historical execution log.","Keep outside Git; publish only compact provenance summaries.","",""
"PDARTS/output/search_runs/Batch/256/ISIC_search__ISIC2019__n6__seed0__img32__bs256__lr0.025__wd0.0003__archlr0.0006__eps25x3__20251219-201622/arch_probs_stage3_normal_global.npy","576",".npy","PRESERVE_PRIVATE","Large checkpoint, numerical intermediate, or detailed historical execution log.","Keep outside Git; publish only compact provenance summaries.","",""
"PDARTS/output/search_runs/Batch/256/ISIC_search__ISIC2019__n6__seed0__img32__bs256__lr0.025__wd0.0003__archlr0.0006__eps25x3__20251219-201622/arch_probs_stage3_normal_local.npy","296",".npy","PRESERVE_PRIVATE","Large checkpoint, numerical intermediate, or detailed historical execution log.","Keep outside Git; publish only compact provenance summaries.","",""
"PDARTS/output/search_runs/Batch/256/ISIC_search__ISIC2019__n6__seed0__img32__bs256__lr0.025__wd0.0003__archlr0.0006__eps25x3__20251219-201622/arch_probs_stage3_reduce_global.npy","576",".npy","PRESERVE_PRIVATE","Large checkpoint, numerical intermediate, or detailed historical execution log.","Keep outside Git; publish only compact provenance summaries.","",""
"PDARTS/output/search_runs/Batch/256/ISIC_search__ISIC2019__n6__seed0__img32__bs256__lr0.025__wd0.0003__archlr0.0006__eps25x3__20251219-201622/arch_probs_stage3_reduce_local.npy","296",".npy","PRESERVE_PRIVATE","Large checkpoint, numerical intermediate, or detailed historical execution log.","Keep outside Git; publish only compact provenance summaries.","",""
"PDARTS/output/search_runs/Batch/256/ISIC_search__ISIC2019__n6__seed0__img32__bs256__lr0.025__wd0.0003__archlr0.0006__eps25x3__20251219-201622/final_ops_normal.csv","212",".csv","EXTRACT_CANONICAL_RESULT","Compact genotype or metric artifact potentially relevant to the scientific record.","Reconcile with the manuscript before publishing a normalized result record.","",""
"PDARTS/output/search_runs/Batch/256/ISIC_search__ISIC2019__n6__seed0__img32__bs256__lr0.025__wd0.0003__archlr0.0006__eps25x3__20251219-201622/final_ops_reduce.csv","212",".csv","EXTRACT_CANONICAL_RESULT","Compact genotype or metric artifact potentially relevant to the scientific record.","Reconcile with the manuscript before publishing a normalized result record.","",""
"PDARTS/output/search_runs/Batch/256/ISIC_search__ISIC2019__n6__seed0__img32__bs256__lr0.025__wd0.0003__archlr0.0006__eps25x3__20251219-201622/final_switches_normal.json","240",".json","EXTRACT_CANONICAL_RESULT","Compact genotype or metric artifact potentially relevant to the scientific record.","Reconcile with the manuscript before publishing a normalized result record.","",""
"PDARTS/output/search_runs/Batch/256/ISIC_search__ISIC2019__n6__seed0__img32__bs256__lr0.025__wd0.0003__archlr0.0006__eps25x3__20251219-201622/final_switches_reduce.json","240",".json","EXTRACT_CANONICAL_RESULT","Compact genotype or metric artifact potentially relevant to the scientific record.","Reconcile with the manuscript before publishing a normalized result record.","",""
"PDARTS/output/search_runs/Batch/256/ISIC_search__ISIC2019__n6__seed0__img32__bs256__lr0.025__wd0.0003__archlr0.0006__eps25x3__20251219-201622/genotype.json","1072",".json","EXTRACT_CANONICAL_RESULT","Compact genotype or metric artifact potentially relevant to the scientific record.","Reconcile with the manuscript before publishing a normalized result record.","",""
"PDARTS/output/search_runs/Batch/256/ISIC_search__ISIC2019__n6__seed0__img32__bs256__lr0.025__wd0.0003__archlr0.0006__eps25x3__20251219-201622/genotype.txt","417",".txt","EXTRACT_CANONICAL_RESULT","Compact genotype or metric artifact potentially relevant to the scientific record.","Reconcile with the manuscript before publishing a normalized result record.","",""
"PDARTS/output/search_runs/Batch/256/ISIC_search__ISIC2019__n6__seed0__img32__bs256__lr0.025__wd0.0003__archlr0.0006__eps25x3__20251219-201622/run_args.json","1211",".json","PRESERVE_PRIVATE","Historical experiment artifact, ledger, prediction record, or generated output.","Retain privately until canonical-result reconciliation.","",""
"PDARTS/output/search_runs/Batch/256/ISIC_search__ISIC2019__n6__seed0__img32__bs256__lr0.025__wd0.0003__archlr0.0006__eps25x3__20251219-201622/search.log","32458",".log","PRESERVE_PRIVATE","Large checkpoint, numerical intermediate, or detailed historical execution log.","Keep outside Git; publish only compact provenance summaries.","",""
"PDARTS/output/search_runs/Batch/256/ISIC_search__ISIC2019__n6__seed0__img32__bs256__lr0.025__wd0.0003__archlr0.0006__eps25x3__20251219-201622/stage1_switches_normal.json","822",".json","PRESERVE_PRIVATE","Historical experiment artifact, ledger, prediction record, or generated output.","Retain privately until canonical-result reconciliation.","",""
"PDARTS/output/search_runs/Batch/256/ISIC_search__ISIC2019__n6__seed0__img32__bs256__lr0.025__wd0.0003__archlr0.0006__eps25x3__20251219-201622/stage1_switches_reduce.json","822",".json","PRESERVE_PRIVATE","Historical experiment artifact, ledger, prediction record, or generated output.","Retain privately until canonical-result reconciliation.","",""
"PDARTS/output/search_runs/Batch/256/ISIC_search__ISIC2019__n6__seed0__img32__bs256__lr0.025__wd0.0003__archlr0.0006__eps25x3__20251219-201622/stage1_weights.pt","3025416",".pt","PRESERVE_PRIVATE","Large checkpoint, numerical intermediate, or detailed historical execution log.","Keep outside Git; publish only compact provenance summaries.","",""
"PDARTS/output/search_runs/Batch/256/ISIC_search__ISIC2019__n6__seed0__img32__bs256__lr0.025__wd0.0003__archlr0.0006__eps25x3__20251219-201622/stage2_switches_normal.json","570",".json","PRESERVE_PRIVATE","Historical experiment artifact, ledger, prediction record, or generated output.","Retain privately until canonical-result reconciliation.","",""
"PDARTS/output/search_runs/Batch/256/ISIC_search__ISIC2019__n6__seed0__img32__bs256__lr0.025__wd0.0003__archlr0.0006__eps25x3__20251219-201622/stage2_switches_reduce.json","570",".json","PRESERVE_PRIVATE","Historical experiment artifact, ledger, prediction record, or generated output.","Retain privately until canonical-result reconciliation.","",""
"PDARTS/output/search_runs/Batch/256/ISIC_search__ISIC2019__n6__seed0__img32__bs256__lr0.025__wd0.0003__archlr0.0006__eps25x3__20251219-201622/stage2_weights.pt","3528370",".pt","PRESERVE_PRIVATE","Large checkpoint, numerical intermediate, or detailed historical execution log.","Keep outside Git; publish only compact provenance summaries.","",""
"PDARTS/output/search_runs/Batch/256/ISIC_search__ISIC2019__n6__seed0__img32__bs256__lr0.025__wd0.0003__archlr0.0006__eps25x3__20251219-201622/stage3_switches_normal.json","318",".json","PRESERVE_PRIVATE","Historical experiment artifact, ledger, prediction record, or generated output.","Retain privately until canonical-result reconciliation.","",""
"PDARTS/output/search_runs/Batch/256/ISIC_search__ISIC2019__n6__seed0__img32__bs256__lr0.025__wd0.0003__archlr0.0006__eps25x3__20251219-201622/stage3_switches_reduce.json","318",".json","PRESERVE_PRIVATE","Historical experiment artifact, ledger, prediction record, or generated output.","Retain privately until canonical-result reconciliation.","",""
"PDARTS/output/search_runs/Batch/256/ISIC_search__ISIC2019__n6__seed0__img32__bs256__lr0.025__wd0.0003__archlr0.0006__eps25x3__20251219-201622/stage3_weights.pt","2963458",".pt","PRESERVE_PRIVATE","Large checkpoint, numerical intermediate, or detailed historical execution log.","Keep outside Git; publish only compact provenance summaries.","",""
"PDARTS/output/search_runs/Batch/256/ISIC_search__ISIC2019__n6__seed0__img32__bs256__lr0.025__wd0.0003__archlr0.0006__eps25x3__20251221-113013/run_args.json","1211",".json","PRESERVE_PRIVATE","Historical experiment artifact, ledger, prediction record, or generated output.","Retain privately until canonical-result reconciliation.","",""
"PDARTS/output/search_runs/Batch/256/ISIC_search__ISIC2019__n6__seed0__img32__bs256__lr0.025__wd0.0003__archlr0.0006__eps25x3__20251221-113013/search.log","12281",".log","PRESERVE_PRIVATE","Large checkpoint, numerical intermediate, or detailed historical execution log.","Keep outside Git; publish only compact provenance summaries.","",""
"PDARTS/output/search_runs/Batch/256/ISIC_search__ISIC2019__n6__seed0__img32__bs256__lr0.025__wd0.0003__archlr0.0006__eps25x3__20251221-133712/run_args.json","1211",".json","PRESERVE_PRIVATE","Historical experiment artifact, ledger, prediction record, or generated output.","Retain privately until canonical-result reconciliation.","",""
"PDARTS/output/search_runs/Batch/256/ISIC_search__ISIC2019__n6__seed0__img32__bs256__lr0.025__wd0.0003__archlr0.0006__eps25x3__20251221-133712/search.log","3746",".log","PRESERVE_PRIVATE","Large checkpoint, numerical intermediate, or detailed historical execution log.","Keep outside Git; publish only compact provenance summaries.","",""
"PDARTS/output/search_runs/Batch/256/ISIC_search__ISIC2019__n6__seed0__img32__bs256__lr0.025__wd0.0003__archlr0.0006__eps25x3__20251221-133713/run_args.json","1211",".json","PRESERVE_PRIVATE","Historical experiment artifact, ledger, prediction record, or generated output.","Retain privately until canonical-result reconciliation.","",""
"PDARTS/output/search_runs/Batch/256/ISIC_search__ISIC2019__n6__seed0__img32__bs256__lr0.025__wd0.0003__archlr0.0006__eps25x3__20251221-133713/search.log","8416",".log","PRESERVE_PRIVATE","Large checkpoint, numerical intermediate, or detailed historical execution log.","Keep outside Git; publish only compact provenance summaries.","",""
"PDARTS/output/search_runs/Batch/256/ISIC_search__ISIC2019__n6__seed0__img32__bs256__lr0.025__wd0.0003__archlr0.0006__eps25x3__20251221-160613/run_args.json","1211",".json","PRESERVE_PRIVATE","Historical experiment artifact, ledger, prediction record, or generated output.","Retain privately until canonical-result reconciliation.","",""
"PDARTS/output/search_runs/Batch/256/ISIC_search__ISIC2019__n6__seed0__img32__bs256__lr0.025__wd0.0003__archlr0.0006__eps25x3__20251221-160613/search.log","9176",".log","PRESERVE_PRIVATE","Large checkpoint, numerical intermediate, or detailed historical execution log.","Keep outside Git; publish only compact provenance summaries.","",""
"PDARTS/output/search_runs/Batch/256/ISIC_search__ISIC2019__n6__seed0__img32__bs256__lr0.025__wd0.0003__archlr0.0006__eps25x3__20251221-180313/run_args.json","1211",".json","PRESERVE_PRIVATE","Historical experiment artifact, ledger, prediction record, or generated output.","Retain privately until canonical-result reconciliation.","",""
"PDARTS/output/search_runs/Batch/256/ISIC_search__ISIC2019__n6__seed0__img32__bs256__lr0.025__wd0.0003__archlr0.0006__eps25x3__20251221-180313/search.log","9923",".log","PRESERVE_PRIVATE","Large checkpoint, numerical intermediate, or detailed historical execution log.","Keep outside Git; publish only compact provenance summaries.","",""
"PDARTS/output/search_runs/Batch/256/ISIC_search__ISIC2019__n6__seed0__img32__bs256__lr0.025__wd0.0003__archlr0.0006__eps25x3__20251221-193913/run_args.json","1211",".json","PRESERVE_PRIVATE","Historical experiment artifact, ledger, prediction record, or generated output.","Retain privately until canonical-result reconciliation.","",""
"PDARTS/output/search_runs/Batch/256/ISIC_search__ISIC2019__n6__seed0__img32__bs256__lr0.025__wd0.0003__archlr0.0006__eps25x3__20251221-193913/search.log","11168",".log","PRESERVE_PRIVATE","Large checkpoint, numerical intermediate, or detailed historical execution log.","Keep outside Git; publish only compact provenance summaries.","",""
"PDARTS/output/search_runs/Batch/256/ISIC_search__ISIC2019__n6__seed0__img32__bs256__lr0.025__wd0.0003__archlr0.0006__eps25x3__20251221-213013/arch_probs_final_normal.npy","576",".npy","PRESERVE_PRIVATE","Large checkpoint, numerical intermediate, or detailed historical execution log.","Keep outside Git; publish only compact provenance summaries.","",""
"PDARTS/output/search_runs/Batch/256/ISIC_search__ISIC2019__n6__seed0__img32__bs256__lr0.025__wd0.0003__archlr0.0006__eps25x3__20251221-213013/arch_probs_final_reduce.npy","576",".npy","PRESERVE_PRIVATE","Large checkpoint, numerical intermediate, or detailed historical execution log.","Keep outside Git; publish only compact provenance summaries.","",""
"PDARTS/output/search_runs/Batch/256/ISIC_search__ISIC2019__n6__seed0__img32__bs256__lr0.025__wd0.0003__archlr0.0006__eps25x3__20251221-213013/arch_probs_stage1_normal_global.npy","576",".npy","PRESERVE_PRIVATE","Large checkpoint, numerical intermediate, or detailed historical execution log.","Keep outside Git; publish only compact provenance summaries.","",""
"PDARTS/output/search_runs/Batch/256/ISIC_search__ISIC2019__n6__seed0__img32__bs256__lr0.025__wd0.0003__archlr0.0006__eps25x3__20251221-213013/arch_probs_stage1_normal_local.npy","576",".npy","PRESERVE_PRIVATE","Large checkpoint, numerical intermediate, or detailed historical execution log.","Keep outside Git; publish only compact provenance summaries.","",""
"PDARTS/output/search_runs/Batch/256/ISIC_search__ISIC2019__n6__seed0__img32__bs256__lr0.025__wd0.0003__archlr0.0006__eps25x3__20251221-213013/arch_probs_stage1_reduce_global.npy","576",".npy","PRESERVE_PRIVATE","Large checkpoint, numerical intermediate, or detailed historical execution log.","Keep outside Git; publish only compact provenance summaries.","",""
"PDARTS/output/search_runs/Batch/256/ISIC_search__ISIC2019__n6__seed0__img32__bs256__lr0.025__wd0.0003__archlr0.0006__eps25x3__20251221-213013/arch_probs_stage1_reduce_local.npy","576",".npy","PRESERVE_PRIVATE","Large checkpoint, numerical intermediate, or detailed historical execution log.","Keep outside Git; publish only compact provenance summaries.","",""
"PDARTS/output/search_runs/Batch/256/ISIC_search__ISIC2019__n6__seed0__img32__bs256__lr0.025__wd0.0003__archlr0.0006__eps25x3__20251221-213013/arch_probs_stage2_normal_global.npy","576",".npy","PRESERVE_PRIVATE","Large checkpoint, numerical intermediate, or detailed historical execution log.","Keep outside Git; publish only compact provenance summaries.","",""
"PDARTS/output/search_runs/Batch/256/ISIC_search__ISIC2019__n6__seed0__img32__bs256__lr0.025__wd0.0003__archlr0.0006__eps25x3__20251221-213013/arch_probs_stage2_normal_local.npy","408",".npy","PRESERVE_PRIVATE","Large checkpoint, numerical intermediate, or detailed historical execution log.","Keep outside Git; publish only compact provenance summaries.","",""
"PDARTS/output/search_runs/Batch/256/ISIC_search__ISIC2019__n6__seed0__img32__bs256__lr0.025__wd0.0003__archlr0.0006__eps25x3__20251221-213013/arch_probs_stage2_reduce_global.npy","576",".npy","PRESERVE_PRIVATE","Large checkpoint, numerical intermediate, or detailed historical execution log.","Keep outside Git; publish only compact provenance summaries.","",""
"PDARTS/output/search_runs/Batch/256/ISIC_search__ISIC2019__n6__seed0__img32__bs256__lr0.025__wd0.0003__archlr0.0006__eps25x3__20251221-213013/arch_probs_stage2_reduce_local.npy","408",".npy","PRESERVE_PRIVATE","Large checkpoint, numerical intermediate, or detailed historical execution log.","Keep outside Git; publish only compact provenance summaries.","",""
"PDARTS/output/search_runs/Batch/256/ISIC_search__ISIC2019__n6__seed0__img32__bs256__lr0.025__wd0.0003__archlr0.0006__eps25x3__20251221-213013/arch_probs_stage3_normal_global.npy","576",".npy","PRESERVE_PRIVATE","Large checkpoint, numerical intermediate, or detailed historical execution log.","Keep outside Git; publish only compact provenance summaries.","",""
"PDARTS/output/search_runs/Batch/256/ISIC_search__ISIC2019__n6__seed0__img32__bs256__lr0.025__wd0.0003__archlr0.0006__eps25x3__20251221-213013/arch_probs_stage3_normal_local.npy","296",".npy","PRESERVE_PRIVATE","Large checkpoint, numerical intermediate, or detailed historical execution log.","Keep outside Git; publish only compact provenance summaries.","",""
"PDARTS/output/search_runs/Batch/256/ISIC_search__ISIC2019__n6__seed0__img32__bs256__lr0.025__wd0.0003__archlr0.0006__eps25x3__20251221-213013/arch_probs_stage3_reduce_global.npy","576",".npy","PRESERVE_PRIVATE","Large checkpoint, numerical intermediate, or detailed historical execution log.","Keep outside Git; publish only compact provenance summaries.","",""
"PDARTS/output/search_runs/Batch/256/ISIC_search__ISIC2019__n6__seed0__img32__bs256__lr0.025__wd0.0003__archlr0.0006__eps25x3__20251221-213013/arch_probs_stage3_reduce_local.npy","296",".npy","PRESERVE_PRIVATE","Large checkpoint, numerical intermediate, or detailed historical execution log.","Keep outside Git; publish only compact provenance summaries.","",""
"PDARTS/output/search_runs/Batch/256/ISIC_search__ISIC2019__n6__seed0__img32__bs256__lr0.025__wd0.0003__archlr0.0006__eps25x3__20251221-213013/final_ops_normal.csv","212",".csv","EXTRACT_CANONICAL_RESULT","Compact genotype or metric artifact potentially relevant to the scientific record.","Reconcile with the manuscript before publishing a normalized result record.","",""
"PDARTS/output/search_runs/Batch/256/ISIC_search__ISIC2019__n6__seed0__img32__bs256__lr0.025__wd0.0003__archlr0.0006__eps25x3__20251221-213013/final_ops_reduce.csv","212",".csv","EXTRACT_CANONICAL_RESULT","Compact genotype or metric artifact potentially relevant to the scientific record.","Reconcile with the manuscript before publishing a normalized result record.","",""
"PDARTS/output/search_runs/Batch/256/ISIC_search__ISIC2019__n6__seed0__img32__bs256__lr0.025__wd0.0003__archlr0.0006__eps25x3__20251221-213013/final_switches_normal.json","240",".json","EXTRACT_CANONICAL_RESULT","Compact genotype or metric artifact potentially relevant to the scientific record.","Reconcile with the manuscript before publishing a normalized result record.","",""
"PDARTS/output/search_runs/Batch/256/ISIC_search__ISIC2019__n6__seed0__img32__bs256__lr0.025__wd0.0003__archlr0.0006__eps25x3__20251221-213013/final_switches_reduce.json","240",".json","EXTRACT_CANONICAL_RESULT","Compact genotype or metric artifact potentially relevant to the scientific record.","Reconcile with the manuscript before publishing a normalized result record.","",""
"PDARTS/output/search_runs/Batch/256/ISIC_search__ISIC2019__n6__seed0__img32__bs256__lr0.025__wd0.0003__archlr0.0006__eps25x3__20251221-213013/genotype.json","1072",".json","EXTRACT_CANONICAL_RESULT","Compact genotype or metric artifact potentially relevant to the scientific record.","Reconcile with the manuscript before publishing a normalized result record.","",""
"PDARTS/output/search_runs/Batch/256/ISIC_search__ISIC2019__n6__seed0__img32__bs256__lr0.025__wd0.0003__archlr0.0006__eps25x3__20251221-213013/genotype.txt","417",".txt","EXTRACT_CANONICAL_RESULT","Compact genotype or metric artifact potentially relevant to the scientific record.","Reconcile with the manuscript before publishing a normalized result record.","",""
"PDARTS/output/search_runs/Batch/256/ISIC_search__ISIC2019__n6__seed0__img32__bs256__lr0.025__wd0.0003__archlr0.0006__eps25x3__20251221-213013/run_args.json","1211",".json","PRESERVE_PRIVATE","Historical experiment artifact, ledger, prediction record, or generated output.","Retain privately until canonical-result reconciliation.","",""
"PDARTS/output/search_runs/Batch/256/ISIC_search__ISIC2019__n6__seed0__img32__bs256__lr0.025__wd0.0003__archlr0.0006__eps25x3__20251221-213013/search.log","51447",".log","PRESERVE_PRIVATE","Large checkpoint, numerical intermediate, or detailed historical execution log.","Keep outside Git; publish only compact provenance summaries.","",""
"PDARTS/output/search_runs/Batch/256/ISIC_search__ISIC2019__n6__seed0__img32__bs256__lr0.025__wd0.0003__archlr0.0006__eps25x3__20251221-213013/stage1_switches_normal.json","822",".json","PRESERVE_PRIVATE","Historical experiment artifact, ledger, prediction record, or generated output.","Retain privately until canonical-result reconciliation.","",""
"PDARTS/output/search_runs/Batch/256/ISIC_search__ISIC2019__n6__seed0__img32__bs256__lr0.025__wd0.0003__archlr0.0006__eps25x3__20251221-213013/stage1_switches_reduce.json","822",".json","PRESERVE_PRIVATE","Historical experiment artifact, ledger, prediction record, or generated output.","Retain privately until canonical-result reconciliation.","",""
"PDARTS/output/search_runs/Batch/256/ISIC_search__ISIC2019__n6__seed0__img32__bs256__lr0.025__wd0.0003__archlr0.0006__eps25x3__20251221-213013/stage1_weights.pt","3025416",".pt","PRESERVE_PRIVATE","Large checkpoint, numerical intermediate, or detailed historical execution log.","Keep outside Git; publish only compact provenance summaries.","",""
"PDARTS/output/search_runs/Batch/256/ISIC_search__ISIC2019__n6__seed0__img32__bs256__lr0.025__wd0.0003__archlr0.0006__eps25x3__20251221-213013/stage2_switches_normal.json","570",".json","PRESERVE_PRIVATE","Historical experiment artifact, ledger, prediction record, or generated output.","Retain privately until canonical-result reconciliation.","",""
"PDARTS/output/search_runs/Batch/256/ISIC_search__ISIC2019__n6__seed0__img32__bs256__lr0.025__wd0.0003__archlr0.0006__eps25x3__20251221-213013/stage2_switches_reduce.json","570",".json","PRESERVE_PRIVATE","Historical experiment artifact, ledger, prediction record, or generated output.","Retain privately until canonical-result reconciliation.","",""
"PDARTS/output/search_runs/Batch/256/ISIC_search__ISIC2019__n6__seed0__img32__bs256__lr0.025__wd0.0003__archlr0.0006__eps25x3__20251221-213013/stage2_weights.pt","3528370",".pt","PRESERVE_PRIVATE","Large checkpoint, numerical intermediate, or detailed historical execution log.","Keep outside Git; publish only compact provenance summaries.","",""
"PDARTS/output/search_runs/Batch/256/ISIC_search__ISIC2019__n6__seed0__img32__bs256__lr0.025__wd0.0003__archlr0.0006__eps25x3__20251221-213013/stage3_switches_normal.json","318",".json","PRESERVE_PRIVATE","Historical experiment artifact, ledger, prediction record, or generated output.","Retain privately until canonical-result reconciliation.","",""
"PDARTS/output/search_runs/Batch/256/ISIC_search__ISIC2019__n6__seed0__img32__bs256__lr0.025__wd0.0003__archlr0.0006__eps25x3__20251221-213013/stage3_switches_reduce.json","318",".json","PRESERVE_PRIVATE","Historical experiment artifact, ledger, prediction record, or generated output.","Retain privately until canonical-result reconciliation.","",""
"PDARTS/output/search_runs/Batch/256/ISIC_search__ISIC2019__n6__seed0__img32__bs256__lr0.025__wd0.0003__archlr0.0006__eps25x3__20251221-213013/stage3_weights.pt","2963458",".pt","PRESERVE_PRIVATE","Large checkpoint, numerical intermediate, or detailed historical execution log.","Keep outside Git; publish only compact provenance summaries.","",""
"PDARTS/output/search_runs/Batch/256/ISIC_search__ISIC2019__n6__seed1__img32__bs256__lr0.025__wd0.0003__archlr0.0006__eps25x3__20251220-064504/arch_probs_final_normal.npy","576",".npy","PRESERVE_PRIVATE","Large checkpoint, numerical intermediate, or detailed historical execution log.","Keep outside Git; publish only compact provenance summaries.","",""
"PDARTS/output/search_runs/Batch/256/ISIC_search__ISIC2019__n6__seed1__img32__bs256__lr0.025__wd0.0003__archlr0.0006__eps25x3__20251220-064504/arch_probs_final_reduce.npy","576",".npy","PRESERVE_PRIVATE","Large checkpoint, numerical intermediate, or detailed historical execution log.","Keep outside Git; publish only compact provenance summaries.","",""
"PDARTS/output/search_runs/Batch/256/ISIC_search__ISIC2019__n6__seed1__img32__bs256__lr0.025__wd0.0003__archlr0.0006__eps25x3__20251220-064504/arch_probs_stage1_normal_global.npy","576",".npy","PRESERVE_PRIVATE","Large checkpoint, numerical intermediate, or detailed historical execution log.","Keep outside Git; publish only compact provenance summaries.","",""
"PDARTS/output/search_runs/Batch/256/ISIC_search__ISIC2019__n6__seed1__img32__bs256__lr0.025__wd0.0003__archlr0.0006__eps25x3__20251220-064504/arch_probs_stage1_normal_local.npy","576",".npy","PRESERVE_PRIVATE","Large checkpoint, numerical intermediate, or detailed historical execution log.","Keep outside Git; publish only compact provenance summaries.","",""
"PDARTS/output/search_runs/Batch/256/ISIC_search__ISIC2019__n6__seed1__img32__bs256__lr0.025__wd0.0003__archlr0.0006__eps25x3__20251220-064504/arch_probs_stage1_reduce_global.npy","576",".npy","PRESERVE_PRIVATE","Large checkpoint, numerical intermediate, or detailed historical execution log.","Keep outside Git; publish only compact provenance summaries.","",""
"PDARTS/output/search_runs/Batch/256/ISIC_search__ISIC2019__n6__seed1__img32__bs256__lr0.025__wd0.0003__archlr0.0006__eps25x3__20251220-064504/arch_probs_stage1_reduce_local.npy","576",".npy","PRESERVE_PRIVATE","Large checkpoint, numerical intermediate, or detailed historical execution log.","Keep outside Git; publish only compact provenance summaries.","",""
"PDARTS/output/search_runs/Batch/256/ISIC_search__ISIC2019__n6__seed1__img32__bs256__lr0.025__wd0.0003__archlr0.0006__eps25x3__20251220-064504/arch_probs_stage2_normal_global.npy","576",".npy","PRESERVE_PRIVATE","Large checkpoint, numerical intermediate, or detailed historical execution log.","Keep outside Git; publish only compact provenance summaries.","",""
"PDARTS/output/search_runs/Batch/256/ISIC_search__ISIC2019__n6__seed1__img32__bs256__lr0.025__wd0.0003__archlr0.0006__eps25x3__20251220-064504/arch_probs_stage2_normal_local.npy","408",".npy","PRESERVE_PRIVATE","Large checkpoint, numerical intermediate, or detailed historical execution log.","Keep outside Git; publish only compact provenance summaries.","",""
"PDARTS/output/search_runs/Batch/256/ISIC_search__ISIC2019__n6__seed1__img32__bs256__lr0.025__wd0.0003__archlr0.0006__eps25x3__20251220-064504/arch_probs_stage2_reduce_global.npy","576",".npy","PRESERVE_PRIVATE","Large checkpoint, numerical intermediate, or detailed historical execution log.","Keep outside Git; publish only compact provenance summaries.","",""
"PDARTS/output/search_runs/Batch/256/ISIC_search__ISIC2019__n6__seed1__img32__bs256__lr0.025__wd0.0003__archlr0.0006__eps25x3__20251220-064504/arch_probs_stage2_reduce_local.npy","408",".npy","PRESERVE_PRIVATE","Large checkpoint, numerical intermediate, or detailed historical execution log.","Keep outside Git; publish only compact provenance summaries.","",""
"PDARTS/output/search_runs/Batch/256/ISIC_search__ISIC2019__n6__seed1__img32__bs256__lr0.025__wd0.0003__archlr0.0006__eps25x3__20251220-064504/arch_probs_stage3_normal_global.npy","576",".npy","PRESERVE_PRIVATE","Large checkpoint, numerical intermediate, or detailed historical execution log.","Keep outside Git; publish only compact provenance summaries.","",""
"PDARTS/output/search_runs/Batch/256/ISIC_search__ISIC2019__n6__seed1__img32__bs256__lr0.025__wd0.0003__archlr0.0006__eps25x3__20251220-064504/arch_probs_stage3_normal_local.npy","296",".npy","PRESERVE_PRIVATE","Large checkpoint, numerical intermediate, or detailed historical execution log.","Keep outside Git; publish only compact provenance summaries.","",""
"PDARTS/output/search_runs/Batch/256/ISIC_search__ISIC2019__n6__seed1__img32__bs256__lr0.025__wd0.0003__archlr0.0006__eps25x3__20251220-064504/arch_probs_stage3_reduce_global.npy","576",".npy","PRESERVE_PRIVATE","Large checkpoint, numerical intermediate, or detailed historical execution log.","Keep outside Git; publish only compact provenance summaries.","",""
"PDARTS/output/search_runs/Batch/256/ISIC_search__ISIC2019__n6__seed1__img32__bs256__lr0.025__wd0.0003__archlr0.0006__eps25x3__20251220-064504/arch_probs_stage3_reduce_local.npy","296",".npy","PRESERVE_PRIVATE","Large checkpoint, numerical intermediate, or detailed historical execution log.","Keep outside Git; publish only compact provenance summaries.","",""
"PDARTS/output/search_runs/Batch/256/ISIC_search__ISIC2019__n6__seed1__img32__bs256__lr0.025__wd0.0003__archlr0.0006__eps25x3__20251220-064504/final_ops_normal.csv","212",".csv","EXTRACT_CANONICAL_RESULT","Compact genotype or metric artifact potentially relevant to the scientific record.","Reconcile with the manuscript before publishing a normalized result record.","",""
"PDARTS/output/search_runs/Batch/256/ISIC_search__ISIC2019__n6__seed1__img32__bs256__lr0.025__wd0.0003__archlr0.0006__eps25x3__20251220-064504/final_ops_reduce.csv","212",".csv","EXTRACT_CANONICAL_RESULT","Compact genotype or metric artifact potentially relevant to the scientific record.","Reconcile with the manuscript before publishing a normalized result record.","",""
"PDARTS/output/search_runs/Batch/256/ISIC_search__ISIC2019__n6__seed1__img32__bs256__lr0.025__wd0.0003__archlr0.0006__eps25x3__20251220-064504/final_switches_normal.json","240",".json","EXTRACT_CANONICAL_RESULT","Compact genotype or metric artifact potentially relevant to the scientific record.","Reconcile with the manuscript before publishing a normalized result record.","",""
"PDARTS/output/search_runs/Batch/256/ISIC_search__ISIC2019__n6__seed1__img32__bs256__lr0.025__wd0.0003__archlr0.0006__eps25x3__20251220-064504/final_switches_reduce.json","240",".json","EXTRACT_CANONICAL_RESULT","Compact genotype or metric artifact potentially relevant to the scientific record.","Reconcile with the manuscript before publishing a normalized result record.","",""
"PDARTS/output/search_runs/Batch/256/ISIC_search__ISIC2019__n6__seed1__img32__bs256__lr0.025__wd0.0003__archlr0.0006__eps25x3__20251220-064504/genotype.json","1072",".json","EXTRACT_CANONICAL_RESULT","Compact genotype or metric artifact potentially relevant to the scientific record.","Reconcile with the manuscript before publishing a normalized result record.","",""
"PDARTS/output/search_runs/Batch/256/ISIC_search__ISIC2019__n6__seed1__img32__bs256__lr0.025__wd0.0003__archlr0.0006__eps25x3__20251220-064504/genotype.txt","417",".txt","EXTRACT_CANONICAL_RESULT","Compact genotype or metric artifact potentially relevant to the scientific record.","Reconcile with the manuscript before publishing a normalized result record.","",""
"PDARTS/output/search_runs/Batch/256/ISIC_search__ISIC2019__n6__seed1__img32__bs256__lr0.025__wd0.0003__archlr0.0006__eps25x3__20251220-064504/run_args.json","1211",".json","PRESERVE_PRIVATE","Historical experiment artifact, ledger, prediction record, or generated output.","Retain privately until canonical-result reconciliation.","",""
"PDARTS/output/search_runs/Batch/256/ISIC_search__ISIC2019__n6__seed1__img32__bs256__lr0.025__wd0.0003__archlr0.0006__eps25x3__20251220-064504/search.log","32393",".log","PRESERVE_PRIVATE","Large checkpoint, numerical intermediate, or detailed historical execution log.","Keep outside Git; publish only compact provenance summaries.","",""
"PDARTS/output/search_runs/Batch/256/ISIC_search__ISIC2019__n6__seed1__img32__bs256__lr0.025__wd0.0003__archlr0.0006__eps25x3__20251220-064504/stage1_switches_normal.json","822",".json","PRESERVE_PRIVATE","Historical experiment artifact, ledger, prediction record, or generated output.","Retain privately until canonical-result reconciliation.","",""
"PDARTS/output/search_runs/Batch/256/ISIC_search__ISIC2019__n6__seed1__img32__bs256__lr0.025__wd0.0003__archlr0.0006__eps25x3__20251220-064504/stage1_switches_reduce.json","822",".json","PRESERVE_PRIVATE","Historical experiment artifact, ledger, prediction record, or generated output.","Retain privately until canonical-result reconciliation.","",""
"PDARTS/output/search_runs/Batch/256/ISIC_search__ISIC2019__n6__seed1__img32__bs256__lr0.025__wd0.0003__archlr0.0006__eps25x3__20251220-064504/stage1_weights.pt","3025416",".pt","PRESERVE_PRIVATE","Large checkpoint, numerical intermediate, or detailed historical execution log.","Keep outside Git; publish only compact provenance summaries.","",""
"PDARTS/output/search_runs/Batch/256/ISIC_search__ISIC2019__n6__seed1__img32__bs256__lr0.025__wd0.0003__archlr0.0006__eps25x3__20251220-064504/stage2_switches_normal.json","570",".json","PRESERVE_PRIVATE","Historical experiment artifact, ledger, prediction record, or generated output.","Retain privately until canonical-result reconciliation.","",""
"PDARTS/output/search_runs/Batch/256/ISIC_search__ISIC2019__n6__seed1__img32__bs256__lr0.025__wd0.0003__archlr0.0006__eps25x3__20251220-064504/stage2_switches_reduce.json","570",".json","PRESERVE_PRIVATE","Historical experiment artifact, ledger, prediction record, or generated output.","Retain privately until canonical-result reconciliation.","",""
"PDARTS/output/search_runs/Batch/256/ISIC_search__ISIC2019__n6__seed1__img32__bs256__lr0.025__wd0.0003__archlr0.0006__eps25x3__20251220-064504/stage2_weights.pt","3655542",".pt","PRESERVE_PRIVATE","Large checkpoint, numerical intermediate, or detailed historical execution log.","Keep outside Git; publish only compact provenance summaries.","",""
"PDARTS/output/search_runs/Batch/256/ISIC_search__ISIC2019__n6__seed1__img32__bs256__lr0.025__wd0.0003__archlr0.0006__eps25x3__20251220-064504/stage3_switches_normal.json","318",".json","PRESERVE_PRIVATE","Historical experiment artifact, ledger, prediction record, or generated output.","Retain privately until canonical-result reconciliation.","",""
"PDARTS/output/search_runs/Batch/256/ISIC_search__ISIC2019__n6__seed1__img32__bs256__lr0.025__wd0.0003__archlr0.0006__eps25x3__20251220-064504/stage3_switches_reduce.json","318",".json","PRESERVE_PRIVATE","Historical experiment artifact, ledger, prediction record, or generated output.","Retain privately until canonical-result reconciliation.","",""
"PDARTS/output/search_runs/Batch/256/ISIC_search__ISIC2019__n6__seed1__img32__bs256__lr0.025__wd0.0003__archlr0.0006__eps25x3__20251220-064504/stage3_weights.pt","2847166",".pt","PRESERVE_PRIVATE","Large checkpoint, numerical intermediate, or detailed historical execution log.","Keep outside Git; publish only compact provenance summaries.","",""
"PDARTS/output/search_runs/Batch/256/ISIC_search__ISIC2019__n6__seed1__img32__bs256__lr0.025__wd0.0003__archlr0.0006__eps25x3__20251222-080319/arch_probs_stage1_normal_global.npy","576",".npy","PRESERVE_PRIVATE","Large checkpoint, numerical intermediate, or detailed historical execution log.","Keep outside Git; publish only compact provenance summaries.","",""
"PDARTS/output/search_runs/Batch/256/ISIC_search__ISIC2019__n6__seed1__img32__bs256__lr0.025__wd0.0003__archlr0.0006__eps25x3__20251222-080319/arch_probs_stage1_normal_local.npy","576",".npy","PRESERVE_PRIVATE","Large checkpoint, numerical intermediate, or detailed historical execution log.","Keep outside Git; publish only compact provenance summaries.","",""
"PDARTS/output/search_runs/Batch/256/ISIC_search__ISIC2019__n6__seed1__img32__bs256__lr0.025__wd0.0003__archlr0.0006__eps25x3__20251222-080319/arch_probs_stage1_reduce_global.npy","576",".npy","PRESERVE_PRIVATE","Large checkpoint, numerical intermediate, or detailed historical execution log.","Keep outside Git; publish only compact provenance summaries.","",""
"PDARTS/output/search_runs/Batch/256/ISIC_search__ISIC2019__n6__seed1__img32__bs256__lr0.025__wd0.0003__archlr0.0006__eps25x3__20251222-080319/arch_probs_stage1_reduce_local.npy","576",".npy","PRESERVE_PRIVATE","Large checkpoint, numerical intermediate, or detailed historical execution log.","Keep outside Git; publish only compact provenance summaries.","",""
"PDARTS/output/search_runs/Batch/256/ISIC_search__ISIC2019__n6__seed1__img32__bs256__lr0.025__wd0.0003__archlr0.0006__eps25x3__20251222-080319/run_args.json","1211",".json","PRESERVE_PRIVATE","Historical experiment artifact, ledger, prediction record, or generated output.","Retain privately until canonical-result reconciliation.","",""
"PDARTS/output/search_runs/Batch/256/ISIC_search__ISIC2019__n6__seed1__img32__bs256__lr0.025__wd0.0003__archlr0.0006__eps25x3__20251222-080319/search.log","19150",".log","PRESERVE_PRIVATE","Large checkpoint, numerical intermediate, or detailed historical execution log.","Keep outside Git; publish only compact provenance summaries.","",""
"PDARTS/output/search_runs/Batch/256/ISIC_search__ISIC2019__n6__seed1__img32__bs256__lr0.025__wd0.0003__archlr0.0006__eps25x3__20251222-080319/stage1_switches_normal.json","822",".json","PRESERVE_PRIVATE","Historical experiment artifact, ledger, prediction record, or generated output.","Retain privately until canonical-result reconciliation.","",""
"PDARTS/output/search_runs/Batch/256/ISIC_search__ISIC2019__n6__seed1__img32__bs256__lr0.025__wd0.0003__archlr0.0006__eps25x3__20251222-080319/stage1_switches_reduce.json","822",".json","PRESERVE_PRIVATE","Historical experiment artifact, ledger, prediction record, or generated output.","Retain privately until canonical-result reconciliation.","",""
"PDARTS/output/search_runs/Batch/256/ISIC_search__ISIC2019__n6__seed1__img32__bs256__lr0.025__wd0.0003__archlr0.0006__eps25x3__20251222-080319/stage1_weights.pt","3025416",".pt","PRESERVE_PRIVATE","Large checkpoint, numerical intermediate, or detailed historical execution log.","Keep outside Git; publish only compact provenance summaries.","",""
"PDARTS/output/search_runs/Batch/256/ISIC_search__ISIC2019__n6__seed1__img32__bs256__lr0.025__wd0.0003__archlr0.0006__eps25x3__20251222-080437/arch_probs_stage1_normal_global.npy","576",".npy","PRESERVE_PRIVATE","Large checkpoint, numerical intermediate, or detailed historical execution log.","Keep outside Git; publish only compact provenance summaries.","",""
"PDARTS/output/search_runs/Batch/256/ISIC_search__ISIC2019__n6__seed1__img32__bs256__lr0.025__wd0.0003__archlr0.0006__eps25x3__20251222-080437/arch_probs_stage1_normal_local.npy","576",".npy","PRESERVE_PRIVATE","Large checkpoint, numerical intermediate, or detailed historical execution log.","Keep outside Git; publish only compact provenance summaries.","",""
"PDARTS/output/search_runs/Batch/256/ISIC_search__ISIC2019__n6__seed1__img32__bs256__lr0.025__wd0.0003__archlr0.0006__eps25x3__20251222-080437/arch_probs_stage1_reduce_global.npy","576",".npy","PRESERVE_PRIVATE","Large checkpoint, numerical intermediate, or detailed historical execution log.","Keep outside Git; publish only compact provenance summaries.","",""
"PDARTS/output/search_runs/Batch/256/ISIC_search__ISIC2019__n6__seed1__img32__bs256__lr0.025__wd0.0003__archlr0.0006__eps25x3__20251222-080437/arch_probs_stage1_reduce_local.npy","576",".npy","PRESERVE_PRIVATE","Large checkpoint, numerical intermediate, or detailed historical execution log.","Keep outside Git; publish only compact provenance summaries.","",""
"PDARTS/output/search_runs/Batch/256/ISIC_search__ISIC2019__n6__seed1__img32__bs256__lr0.025__wd0.0003__archlr0.0006__eps25x3__20251222-080437/run_args.json","1211",".json","PRESERVE_PRIVATE","Historical experiment artifact, ledger, prediction record, or generated output.","Retain privately until canonical-result reconciliation.","",""
"PDARTS/output/search_runs/Batch/256/ISIC_search__ISIC2019__n6__seed1__img32__bs256__lr0.025__wd0.0003__archlr0.0006__eps25x3__20251222-080437/search.log","19150",".log","PRESERVE_PRIVATE","Large checkpoint, numerical intermediate, or detailed historical execution log.","Keep outside Git; publish only compact provenance summaries.","",""
"PDARTS/output/search_runs/Batch/256/ISIC_search__ISIC2019__n6__seed1__img32__bs256__lr0.025__wd0.0003__archlr0.0006__eps25x3__20251222-080437/stage1_switches_normal.json","822",".json","PRESERVE_PRIVATE","Historical experiment artifact, ledger, prediction record, or generated output.","Retain privately until canonical-result reconciliation.","",""
"PDARTS/output/search_runs/Batch/256/ISIC_search__ISIC2019__n6__seed1__img32__bs256__lr0.025__wd0.0003__archlr0.0006__eps25x3__20251222-080437/stage1_switches_reduce.json","822",".json","PRESERVE_PRIVATE","Historical experiment artifact, ledger, prediction record, or generated output.","Retain privately until canonical-result reconciliation.","",""
"PDARTS/output/search_runs/Batch/256/ISIC_search__ISIC2019__n6__seed1__img32__bs256__lr0.025__wd0.0003__archlr0.0006__eps25x3__20251222-080437/stage1_weights.pt","3025416",".pt","PRESERVE_PRIVATE","Large checkpoint, numerical intermediate, or detailed historical execution log.","Keep outside Git; publish only compact provenance summaries.","",""
"PDARTS/output/search_runs/Batch/256/ISIC_search__ISIC2019__n6__seed2__img32__bs256__lr0.025__wd0.0003__archlr0.0006__eps25x3__20251220-171308/arch_probs_final_normal.npy","576",".npy","PRESERVE_PRIVATE","Large checkpoint, numerical intermediate, or detailed historical execution log.","Keep outside Git; publish only compact provenance summaries.","",""
"PDARTS/output/search_runs/Batch/256/ISIC_search__ISIC2019__n6__seed2__img32__bs256__lr0.025__wd0.0003__archlr0.0006__eps25x3__20251220-171308/arch_probs_final_reduce.npy","576",".npy","PRESERVE_PRIVATE","Large checkpoint, numerical intermediate, or detailed historical execution log.","Keep outside Git; publish only compact provenance summaries.","",""
"PDARTS/output/search_runs/Batch/256/ISIC_search__ISIC2019__n6__seed2__img32__bs256__lr0.025__wd0.0003__archlr0.0006__eps25x3__20251220-171308/arch_probs_stage1_normal_global.npy","576",".npy","PRESERVE_PRIVATE","Large checkpoint, numerical intermediate, or detailed historical execution log.","Keep outside Git; publish only compact provenance summaries.","",""
"PDARTS/output/search_runs/Batch/256/ISIC_search__ISIC2019__n6__seed2__img32__bs256__lr0.025__wd0.0003__archlr0.0006__eps25x3__20251220-171308/arch_probs_stage1_normal_local.npy","576",".npy","PRESERVE_PRIVATE","Large checkpoint, numerical intermediate, or detailed historical execution log.","Keep outside Git; publish only compact provenance summaries.","",""
"PDARTS/output/search_runs/Batch/256/ISIC_search__ISIC2019__n6__seed2__img32__bs256__lr0.025__wd0.0003__archlr0.0006__eps25x3__20251220-171308/arch_probs_stage1_reduce_global.npy","576",".npy","PRESERVE_PRIVATE","Large checkpoint, numerical intermediate, or detailed historical execution log.","Keep outside Git; publish only compact provenance summaries.","",""
"PDARTS/output/search_runs/Batch/256/ISIC_search__ISIC2019__n6__seed2__img32__bs256__lr0.025__wd0.0003__archlr0.0006__eps25x3__20251220-171308/arch_probs_stage1_reduce_local.npy","576",".npy","PRESERVE_PRIVATE","Large checkpoint, numerical intermediate, or detailed historical execution log.","Keep outside Git; publish only compact provenance summaries.","",""
"PDARTS/output/search_runs/Batch/256/ISIC_search__ISIC2019__n6__seed2__img32__bs256__lr0.025__wd0.0003__archlr0.0006__eps25x3__20251220-171308/arch_probs_stage2_normal_global.npy","576",".npy","PRESERVE_PRIVATE","Large checkpoint, numerical intermediate, or detailed historical execution log.","Keep outside Git; publish only compact provenance summaries.","",""
"PDARTS/output/search_runs/Batch/256/ISIC_search__ISIC2019__n6__seed2__img32__bs256__lr0.025__wd0.0003__archlr0.0006__eps25x3__20251220-171308/arch_probs_stage2_normal_local.npy","408",".npy","PRESERVE_PRIVATE","Large checkpoint, numerical intermediate, or detailed historical execution log.","Keep outside Git; publish only compact provenance summaries.","",""
"PDARTS/output/search_runs/Batch/256/ISIC_search__ISIC2019__n6__seed2__img32__bs256__lr0.025__wd0.0003__archlr0.0006__eps25x3__20251220-171308/arch_probs_stage2_reduce_global.npy","576",".npy","PRESERVE_PRIVATE","Large checkpoint, numerical intermediate, or detailed historical execution log.","Keep outside Git; publish only compact provenance summaries.","",""
"PDARTS/output/search_runs/Batch/256/ISIC_search__ISIC2019__n6__seed2__img32__bs256__lr0.025__wd0.0003__archlr0.0006__eps25x3__20251220-171308/arch_probs_stage2_reduce_local.npy","408",".npy","PRESERVE_PRIVATE","Large checkpoint, numerical intermediate, or detailed historical execution log.","Keep outside Git; publish only compact provenance summaries.","",""
"PDARTS/output/search_runs/Batch/256/ISIC_search__ISIC2019__n6__seed2__img32__bs256__lr0.025__wd0.0003__archlr0.0006__eps25x3__20251220-171308/arch_probs_stage3_normal_global.npy","576",".npy","PRESERVE_PRIVATE","Large checkpoint, numerical intermediate, or detailed historical execution log.","Keep outside Git; publish only compact provenance summaries.","",""
"PDARTS/output/search_runs/Batch/256/ISIC_search__ISIC2019__n6__seed2__img32__bs256__lr0.025__wd0.0003__archlr0.0006__eps25x3__20251220-171308/arch_probs_stage3_normal_local.npy","296",".npy","PRESERVE_PRIVATE","Large checkpoint, numerical intermediate, or detailed historical execution log.","Keep outside Git; publish only compact provenance summaries.","",""
"PDARTS/output/search_runs/Batch/256/ISIC_search__ISIC2019__n6__seed2__img32__bs256__lr0.025__wd0.0003__archlr0.0006__eps25x3__20251220-171308/arch_probs_stage3_reduce_global.npy","576",".npy","PRESERVE_PRIVATE","Large checkpoint, numerical intermediate, or detailed historical execution log.","Keep outside Git; publish only compact provenance summaries.","",""
"PDARTS/output/search_runs/Batch/256/ISIC_search__ISIC2019__n6__seed2__img32__bs256__lr0.025__wd0.0003__archlr0.0006__eps25x3__20251220-171308/arch_probs_stage3_reduce_local.npy","296",".npy","PRESERVE_PRIVATE","Large checkpoint, numerical intermediate, or detailed historical execution log.","Keep outside Git; publish only compact provenance summaries.","",""
"PDARTS/output/search_runs/Batch/256/ISIC_search__ISIC2019__n6__seed2__img32__bs256__lr0.025__wd0.0003__archlr0.0006__eps25x3__20251220-171308/final_ops_normal.csv","212",".csv","EXTRACT_CANONICAL_RESULT","Compact genotype or metric artifact potentially relevant to the scientific record.","Reconcile with the manuscript before publishing a normalized result record.","",""
"PDARTS/output/search_runs/Batch/256/ISIC_search__ISIC2019__n6__seed2__img32__bs256__lr0.025__wd0.0003__archlr0.0006__eps25x3__20251220-171308/final_ops_reduce.csv","212",".csv","EXTRACT_CANONICAL_RESULT","Compact genotype or metric artifact potentially relevant to the scientific record.","Reconcile with the manuscript before publishing a normalized result record.","",""
"PDARTS/output/search_runs/Batch/256/ISIC_search__ISIC2019__n6__seed2__img32__bs256__lr0.025__wd0.0003__archlr0.0006__eps25x3__20251220-171308/final_switches_normal.json","240",".json","EXTRACT_CANONICAL_RESULT","Compact genotype or metric artifact potentially relevant to the scientific record.","Reconcile with the manuscript before publishing a normalized result record.","",""
"PDARTS/output/search_runs/Batch/256/ISIC_search__ISIC2019__n6__seed2__img32__bs256__lr0.025__wd0.0003__archlr0.0006__eps25x3__20251220-171308/final_switches_reduce.json","240",".json","EXTRACT_CANONICAL_RESULT","Compact genotype or metric artifact potentially relevant to the scientific record.","Reconcile with the manuscript before publishing a normalized result record.","",""
"PDARTS/output/search_runs/Batch/256/ISIC_search__ISIC2019__n6__seed2__img32__bs256__lr0.025__wd0.0003__archlr0.0006__eps25x3__20251220-171308/genotype.json","1072",".json","EXTRACT_CANONICAL_RESULT","Compact genotype or metric artifact potentially relevant to the scientific record.","Reconcile with the manuscript before publishing a normalized result record.","",""
"PDARTS/output/search_runs/Batch/256/ISIC_search__ISIC2019__n6__seed2__img32__bs256__lr0.025__wd0.0003__archlr0.0006__eps25x3__20251220-171308/genotype.txt","417",".txt","EXTRACT_CANONICAL_RESULT","Compact genotype or metric artifact potentially relevant to the scientific record.","Reconcile with the manuscript before publishing a normalized result record.","",""
"PDARTS/output/search_runs/Batch/256/ISIC_search__ISIC2019__n6__seed2__img32__bs256__lr0.025__wd0.0003__archlr0.0006__eps25x3__20251220-171308/run_args.json","1211",".json","PRESERVE_PRIVATE","Historical experiment artifact, ledger, prediction record, or generated output.","Retain privately until canonical-result reconciliation.","",""
"PDARTS/output/search_runs/Batch/256/ISIC_search__ISIC2019__n6__seed2__img32__bs256__lr0.025__wd0.0003__archlr0.0006__eps25x3__20251220-171308/search.log","32438",".log","PRESERVE_PRIVATE","Large checkpoint, numerical intermediate, or detailed historical execution log.","Keep outside Git; publish only compact provenance summaries.","",""
"PDARTS/output/search_runs/Batch/256/ISIC_search__ISIC2019__n6__seed2__img32__bs256__lr0.025__wd0.0003__archlr0.0006__eps25x3__20251220-171308/stage1_switches_normal.json","822",".json","PRESERVE_PRIVATE","Historical experiment artifact, ledger, prediction record, or generated output.","Retain privately until canonical-result reconciliation.","",""
"PDARTS/output/search_runs/Batch/256/ISIC_search__ISIC2019__n6__seed2__img32__bs256__lr0.025__wd0.0003__archlr0.0006__eps25x3__20251220-171308/stage1_switches_reduce.json","822",".json","PRESERVE_PRIVATE","Historical experiment artifact, ledger, prediction record, or generated output.","Retain privately until canonical-result reconciliation.","",""
"PDARTS/output/search_runs/Batch/256/ISIC_search__ISIC2019__n6__seed2__img32__bs256__lr0.025__wd0.0003__archlr0.0006__eps25x3__20251220-171308/stage1_weights.pt","3025416",".pt","PRESERVE_PRIVATE","Large checkpoint, numerical intermediate, or detailed historical execution log.","Keep outside Git; publish only compact provenance summaries.","",""
"PDARTS/output/search_runs/Batch/256/ISIC_search__ISIC2019__n6__seed2__img32__bs256__lr0.025__wd0.0003__archlr0.0006__eps25x3__20251220-171308/stage2_switches_normal.json","570",".json","PRESERVE_PRIVATE","Historical experiment artifact, ledger, prediction record, or generated output.","Retain privately until canonical-result reconciliation.","",""
"PDARTS/output/search_runs/Batch/256/ISIC_search__ISIC2019__n6__seed2__img32__bs256__lr0.025__wd0.0003__archlr0.0006__eps25x3__20251220-171308/stage2_switches_reduce.json","570",".json","PRESERVE_PRIVATE","Historical experiment artifact, ledger, prediction record, or generated output.","Retain privately until canonical-result reconciliation.","",""
"PDARTS/output/search_runs/Batch/256/ISIC_search__ISIC2019__n6__seed2__img32__bs256__lr0.025__wd0.0003__archlr0.0006__eps25x3__20251220-171308/stage2_weights.pt","3407818",".pt","PRESERVE_PRIVATE","Large checkpoint, numerical intermediate, or detailed historical execution log.","Keep outside Git; publish only compact provenance summaries.","",""
"PDARTS/output/search_runs/Batch/256/ISIC_search__ISIC2019__n6__seed2__img32__bs256__lr0.025__wd0.0003__archlr0.0006__eps25x3__20251220-171308/stage3_switches_normal.json","318",".json","PRESERVE_PRIVATE","Historical experiment artifact, ledger, prediction record, or generated output.","Retain privately until canonical-result reconciliation.","",""
"PDARTS/output/search_runs/Batch/256/ISIC_search__ISIC2019__n6__seed2__img32__bs256__lr0.025__wd0.0003__archlr0.0006__eps25x3__20251220-171308/stage3_switches_reduce.json","318",".json","PRESERVE_PRIVATE","Historical experiment artifact, ledger, prediction record, or generated output.","Retain privately until canonical-result reconciliation.","",""
"PDARTS/output/search_runs/Batch/256/ISIC_search__ISIC2019__n6__seed2__img32__bs256__lr0.025__wd0.0003__archlr0.0006__eps25x3__20251220-171308/stage3_weights.pt","2918698",".pt","PRESERVE_PRIVATE","Large checkpoint, numerical intermediate, or detailed historical execution log.","Keep outside Git; publish only compact provenance summaries.","",""
"PDARTS/output/search_runs/Batch/256/ISIC_search__ISIC2019__n8__seed0__img32__bs256__lr0.025__wd0.0003__archlr0.0006__eps25x3__20251221-033827/arch_probs_stage1_normal_global.npy","576",".npy","PRESERVE_PRIVATE","Large checkpoint, numerical intermediate, or detailed historical execution log.","Keep outside Git; publish only compact provenance summaries.","",""
"PDARTS/output/search_runs/Batch/256/ISIC_search__ISIC2019__n8__seed0__img32__bs256__lr0.025__wd0.0003__archlr0.0006__eps25x3__20251221-033827/arch_probs_stage1_normal_local.npy","576",".npy","PRESERVE_PRIVATE","Large checkpoint, numerical intermediate, or detailed historical execution log.","Keep outside Git; publish only compact provenance summaries.","",""
"PDARTS/output/search_runs/Batch/256/ISIC_search__ISIC2019__n8__seed0__img32__bs256__lr0.025__wd0.0003__archlr0.0006__eps25x3__20251221-033827/arch_probs_stage1_reduce_global.npy","576",".npy","PRESERVE_PRIVATE","Large checkpoint, numerical intermediate, or detailed historical execution log.","Keep outside Git; publish only compact provenance summaries.","",""
"PDARTS/output/search_runs/Batch/256/ISIC_search__ISIC2019__n8__seed0__img32__bs256__lr0.025__wd0.0003__archlr0.0006__eps25x3__20251221-033827/arch_probs_stage1_reduce_local.npy","576",".npy","PRESERVE_PRIVATE","Large checkpoint, numerical intermediate, or detailed historical execution log.","Keep outside Git; publish only compact provenance summaries.","",""
"PDARTS/output/search_runs/Batch/256/ISIC_search__ISIC2019__n8__seed0__img32__bs256__lr0.025__wd0.0003__archlr0.0006__eps25x3__20251221-033827/run_args.json","1211",".json","PRESERVE_PRIVATE","Historical experiment artifact, ledger, prediction record, or generated output.","Retain privately until canonical-result reconciliation.","",""
"PDARTS/output/search_runs/Batch/256/ISIC_search__ISIC2019__n8__seed0__img32__bs256__lr0.025__wd0.0003__archlr0.0006__eps25x3__20251221-033827/search.log","16546",".log","PRESERVE_PRIVATE","Large checkpoint, numerical intermediate, or detailed historical execution log.","Keep outside Git; publish only compact provenance summaries.","",""
"PDARTS/output/search_runs/Batch/256/ISIC_search__ISIC2019__n8__seed0__img32__bs256__lr0.025__wd0.0003__archlr0.0006__eps25x3__20251221-033827/stage1_switches_normal.json","822",".json","PRESERVE_PRIVATE","Historical experiment artifact, ledger, prediction record, or generated output.","Retain privately until canonical-result reconciliation.","",""
"PDARTS/output/search_runs/Batch/256/ISIC_search__ISIC2019__n8__seed0__img32__bs256__lr0.025__wd0.0003__archlr0.0006__eps25x3__20251221-033827/stage1_switches_reduce.json","822",".json","PRESERVE_PRIVATE","Historical experiment artifact, ledger, prediction record, or generated output.","Retain privately until canonical-result reconciliation.","",""
"PDARTS/output/search_runs/Batch/256/ISIC_search__ISIC2019__n8__seed0__img32__bs256__lr0.025__wd0.0003__archlr0.0006__eps25x3__20251221-033827/stage1_weights.pt","5526094",".pt","PRESERVE_PRIVATE","Large checkpoint, numerical intermediate, or detailed historical execution log.","Keep outside Git; publish only compact provenance summaries.","",""
"PDARTS/output/search_runs/Batch/32/_BATCH_LEDGER.csv","1814",".csv","PRESERVE_PRIVATE","Historical experiment artifact, ledger, prediction record, or generated output.","Retain privately until canonical-result reconciliation.","",""
"PDARTS/output/search_runs/Batch/32/_SEARCH_LEDGER.csv","2171",".csv","PRESERVE_PRIVATE","Historical experiment artifact, ledger, prediction record, or generated output.","Retain privately until canonical-result reconciliation.","",""
"PDARTS/output/search_runs/Batch/32/ISIC_search__ISIC2019__n6__seed0__img32__bs32__lr0.025__wd0.0003__archlr0.0006__eps25x3__20251219-201335/arch_probs_final_normal.npy","576",".npy","PRESERVE_PRIVATE","Large checkpoint, numerical intermediate, or detailed historical execution log.","Keep outside Git; publish only compact provenance summaries.","",""
"PDARTS/output/search_runs/Batch/32/ISIC_search__ISIC2019__n6__seed0__img32__bs32__lr0.025__wd0.0003__archlr0.0006__eps25x3__20251219-201335/arch_probs_final_reduce.npy","576",".npy","PRESERVE_PRIVATE","Large checkpoint, numerical intermediate, or detailed historical execution log.","Keep outside Git; publish only compact provenance summaries.","",""
"PDARTS/output/search_runs/Batch/32/ISIC_search__ISIC2019__n6__seed0__img32__bs32__lr0.025__wd0.0003__archlr0.0006__eps25x3__20251219-201335/arch_probs_stage1_normal_global.npy","576",".npy","PRESERVE_PRIVATE","Large checkpoint, numerical intermediate, or detailed historical execution log.","Keep outside Git; publish only compact provenance summaries.","",""
"PDARTS/output/search_runs/Batch/32/ISIC_search__ISIC2019__n6__seed0__img32__bs32__lr0.025__wd0.0003__archlr0.0006__eps25x3__20251219-201335/arch_probs_stage1_normal_local.npy","576",".npy","PRESERVE_PRIVATE","Large checkpoint, numerical intermediate, or detailed historical execution log.","Keep outside Git; publish only compact provenance summaries.","",""
"PDARTS/output/search_runs/Batch/32/ISIC_search__ISIC2019__n6__seed0__img32__bs32__lr0.025__wd0.0003__archlr0.0006__eps25x3__20251219-201335/arch_probs_stage1_reduce_global.npy","576",".npy","PRESERVE_PRIVATE","Large checkpoint, numerical intermediate, or detailed historical execution log.","Keep outside Git; publish only compact provenance summaries.","",""
"PDARTS/output/search_runs/Batch/32/ISIC_search__ISIC2019__n6__seed0__img32__bs32__lr0.025__wd0.0003__archlr0.0006__eps25x3__20251219-201335/arch_probs_stage1_reduce_local.npy","576",".npy","PRESERVE_PRIVATE","Large checkpoint, numerical intermediate, or detailed historical execution log.","Keep outside Git; publish only compact provenance summaries.","",""
"PDARTS/output/search_runs/Batch/32/ISIC_search__ISIC2019__n6__seed0__img32__bs32__lr0.025__wd0.0003__archlr0.0006__eps25x3__20251219-201335/arch_probs_stage2_normal_global.npy","576",".npy","PRESERVE_PRIVATE","Large checkpoint, numerical intermediate, or detailed historical execution log.","Keep outside Git; publish only compact provenance summaries.","",""
"PDARTS/output/search_runs/Batch/32/ISIC_search__ISIC2019__n6__seed0__img32__bs32__lr0.025__wd0.0003__archlr0.0006__eps25x3__20251219-201335/arch_probs_stage2_normal_local.npy","408",".npy","PRESERVE_PRIVATE","Large checkpoint, numerical intermediate, or detailed historical execution log.","Keep outside Git; publish only compact provenance summaries.","",""
"PDARTS/output/search_runs/Batch/32/ISIC_search__ISIC2019__n6__seed0__img32__bs32__lr0.025__wd0.0003__archlr0.0006__eps25x3__20251219-201335/arch_probs_stage2_reduce_global.npy","576",".npy","PRESERVE_PRIVATE","Large checkpoint, numerical intermediate, or detailed historical execution log.","Keep outside Git; publish only compact provenance summaries.","",""
"PDARTS/output/search_runs/Batch/32/ISIC_search__ISIC2019__n6__seed0__img32__bs32__lr0.025__wd0.0003__archlr0.0006__eps25x3__20251219-201335/arch_probs_stage2_reduce_local.npy","408",".npy","PRESERVE_PRIVATE","Large checkpoint, numerical intermediate, or detailed historical execution log.","Keep outside Git; publish only compact provenance summaries.","",""
"PDARTS/output/search_runs/Batch/32/ISIC_search__ISIC2019__n6__seed0__img32__bs32__lr0.025__wd0.0003__archlr0.0006__eps25x3__20251219-201335/arch_probs_stage3_normal_global.npy","576",".npy","PRESERVE_PRIVATE","Large checkpoint, numerical intermediate, or detailed historical execution log.","Keep outside Git; publish only compact provenance summaries.","",""
"PDARTS/output/search_runs/Batch/32/ISIC_search__ISIC2019__n6__seed0__img32__bs32__lr0.025__wd0.0003__archlr0.0006__eps25x3__20251219-201335/arch_probs_stage3_normal_local.npy","296",".npy","PRESERVE_PRIVATE","Large checkpoint, numerical intermediate, or detailed historical execution log.","Keep outside Git; publish only compact provenance summaries.","",""
"PDARTS/output/search_runs/Batch/32/ISIC_search__ISIC2019__n6__seed0__img32__bs32__lr0.025__wd0.0003__archlr0.0006__eps25x3__20251219-201335/arch_probs_stage3_reduce_global.npy","576",".npy","PRESERVE_PRIVATE","Large checkpoint, numerical intermediate, or detailed historical execution log.","Keep outside Git; publish only compact provenance summaries.","",""
"PDARTS/output/search_runs/Batch/32/ISIC_search__ISIC2019__n6__seed0__img32__bs32__lr0.025__wd0.0003__archlr0.0006__eps25x3__20251219-201335/arch_probs_stage3_reduce_local.npy","296",".npy","PRESERVE_PRIVATE","Large checkpoint, numerical intermediate, or detailed historical execution log.","Keep outside Git; publish only compact provenance summaries.","",""
"PDARTS/output/search_runs/Batch/32/ISIC_search__ISIC2019__n6__seed0__img32__bs32__lr0.025__wd0.0003__archlr0.0006__eps25x3__20251219-201335/final_ops_normal.csv","212",".csv","EXTRACT_CANONICAL_RESULT","Compact genotype or metric artifact potentially relevant to the scientific record.","Reconcile with the manuscript before publishing a normalized result record.","",""
"PDARTS/output/search_runs/Batch/32/ISIC_search__ISIC2019__n6__seed0__img32__bs32__lr0.025__wd0.0003__archlr0.0006__eps25x3__20251219-201335/final_ops_reduce.csv","212",".csv","EXTRACT_CANONICAL_RESULT","Compact genotype or metric artifact potentially relevant to the scientific record.","Reconcile with the manuscript before publishing a normalized result record.","",""
"PDARTS/output/search_runs/Batch/32/ISIC_search__ISIC2019__n6__seed0__img32__bs32__lr0.025__wd0.0003__archlr0.0006__eps25x3__20251219-201335/final_switches_normal.json","240",".json","EXTRACT_CANONICAL_RESULT","Compact genotype or metric artifact potentially relevant to the scientific record.","Reconcile with the manuscript before publishing a normalized result record.","",""
"PDARTS/output/search_runs/Batch/32/ISIC_search__ISIC2019__n6__seed0__img32__bs32__lr0.025__wd0.0003__archlr0.0006__eps25x3__20251219-201335/final_switches_reduce.json","240",".json","EXTRACT_CANONICAL_RESULT","Compact genotype or metric artifact potentially relevant to the scientific record.","Reconcile with the manuscript before publishing a normalized result record.","",""
"PDARTS/output/search_runs/Batch/32/ISIC_search__ISIC2019__n6__seed0__img32__bs32__lr0.025__wd0.0003__archlr0.0006__eps25x3__20251219-201335/genotype.json","1072",".json","EXTRACT_CANONICAL_RESULT","Compact genotype or metric artifact potentially relevant to the scientific record.","Reconcile with the manuscript before publishing a normalized result record.","",""
"PDARTS/output/search_runs/Batch/32/ISIC_search__ISIC2019__n6__seed0__img32__bs32__lr0.025__wd0.0003__archlr0.0006__eps25x3__20251219-201335/genotype.txt","417",".txt","EXTRACT_CANONICAL_RESULT","Compact genotype or metric artifact potentially relevant to the scientific record.","Reconcile with the manuscript before publishing a normalized result record.","",""
"PDARTS/output/search_runs/Batch/32/ISIC_search__ISIC2019__n6__seed0__img32__bs32__lr0.025__wd0.0003__archlr0.0006__eps25x3__20251219-201335/run_args.json","1209",".json","PRESERVE_PRIVATE","Historical experiment artifact, ledger, prediction record, or generated output.","Retain privately until canonical-result reconciliation.","",""
"PDARTS/output/search_runs/Batch/32/ISIC_search__ISIC2019__n6__seed0__img32__bs32__lr0.025__wd0.0003__archlr0.0006__eps25x3__20251219-201335/search.log","74090",".log","PRESERVE_PRIVATE","Large checkpoint, numerical intermediate, or detailed historical execution log.","Keep outside Git; publish only compact provenance summaries.","",""
"PDARTS/output/search_runs/Batch/32/ISIC_search__ISIC2019__n6__seed0__img32__bs32__lr0.025__wd0.0003__archlr0.0006__eps25x3__20251219-201335/stage1_switches_normal.json","822",".json","PRESERVE_PRIVATE","Historical experiment artifact, ledger, prediction record, or generated output.","Retain privately until canonical-result reconciliation.","",""
"PDARTS/output/search_runs/Batch/32/ISIC_search__ISIC2019__n6__seed0__img32__bs32__lr0.025__wd0.0003__archlr0.0006__eps25x3__20251219-201335/stage1_switches_reduce.json","822",".json","PRESERVE_PRIVATE","Historical experiment artifact, ledger, prediction record, or generated output.","Retain privately until canonical-result reconciliation.","",""
"PDARTS/output/search_runs/Batch/32/ISIC_search__ISIC2019__n6__seed0__img32__bs32__lr0.025__wd0.0003__archlr0.0006__eps25x3__20251219-201335/stage1_weights.pt","3025416",".pt","PRESERVE_PRIVATE","Large checkpoint, numerical intermediate, or detailed historical execution log.","Keep outside Git; publish only compact provenance summaries.","",""
"PDARTS/output/search_runs/Batch/32/ISIC_search__ISIC2019__n6__seed0__img32__bs32__lr0.025__wd0.0003__archlr0.0006__eps25x3__20251219-201335/stage2_switches_normal.json","570",".json","PRESERVE_PRIVATE","Historical experiment artifact, ledger, prediction record, or generated output.","Retain privately until canonical-result reconciliation.","",""
"PDARTS/output/search_runs/Batch/32/ISIC_search__ISIC2019__n6__seed0__img32__bs32__lr0.025__wd0.0003__archlr0.0006__eps25x3__20251219-201335/stage2_switches_reduce.json","570",".json","PRESERVE_PRIVATE","Historical experiment artifact, ledger, prediction record, or generated output.","Retain privately until canonical-result reconciliation.","",""
"PDARTS/output/search_runs/Batch/32/ISIC_search__ISIC2019__n6__seed0__img32__bs32__lr0.025__wd0.0003__archlr0.0006__eps25x3__20251219-201335/stage2_weights.pt","3108390",".pt","PRESERVE_PRIVATE","Large checkpoint, numerical intermediate, or detailed historical execution log.","Keep outside Git; publish only compact provenance summaries.","",""
"PDARTS/output/search_runs/Batch/32/ISIC_search__ISIC2019__n6__seed0__img32__bs32__lr0.025__wd0.0003__archlr0.0006__eps25x3__20251219-201335/stage3_switches_normal.json","318",".json","PRESERVE_PRIVATE","Historical experiment artifact, ledger, prediction record, or generated output.","Retain privately until canonical-result reconciliation.","",""
"PDARTS/output/search_runs/Batch/32/ISIC_search__ISIC2019__n6__seed0__img32__bs32__lr0.025__wd0.0003__archlr0.0006__eps25x3__20251219-201335/stage3_switches_reduce.json","318",".json","PRESERVE_PRIVATE","Historical experiment artifact, ledger, prediction record, or generated output.","Retain privately until canonical-result reconciliation.","",""
"PDARTS/output/search_runs/Batch/32/ISIC_search__ISIC2019__n6__seed0__img32__bs32__lr0.025__wd0.0003__archlr0.0006__eps25x3__20251219-201335/stage3_weights.pt","2283482",".pt","PRESERVE_PRIVATE","Large checkpoint, numerical intermediate, or detailed historical execution log.","Keep outside Git; publish only compact provenance summaries.","",""
"PDARTS/output/search_runs/Batch/32/ISIC_search__ISIC2019__n6__seed1__img32__bs32__lr0.025__wd0.0003__archlr0.0006__eps25x3__20251220-093707/arch_probs_final_normal.npy","576",".npy","PRESERVE_PRIVATE","Large checkpoint, numerical intermediate, or detailed historical execution log.","Keep outside Git; publish only compact provenance summaries.","",""
"PDARTS/output/search_runs/Batch/32/ISIC_search__ISIC2019__n6__seed1__img32__bs32__lr0.025__wd0.0003__archlr0.0006__eps25x3__20251220-093707/arch_probs_final_reduce.npy","576",".npy","PRESERVE_PRIVATE","Large checkpoint, numerical intermediate, or detailed historical execution log.","Keep outside Git; publish only compact provenance summaries.","",""
"PDARTS/output/search_runs/Batch/32/ISIC_search__ISIC2019__n6__seed1__img32__bs32__lr0.025__wd0.0003__archlr0.0006__eps25x3__20251220-093707/arch_probs_stage1_normal_global.npy","576",".npy","PRESERVE_PRIVATE","Large checkpoint, numerical intermediate, or detailed historical execution log.","Keep outside Git; publish only compact provenance summaries.","",""
"PDARTS/output/search_runs/Batch/32/ISIC_search__ISIC2019__n6__seed1__img32__bs32__lr0.025__wd0.0003__archlr0.0006__eps25x3__20251220-093707/arch_probs_stage1_normal_local.npy","576",".npy","PRESERVE_PRIVATE","Large checkpoint, numerical intermediate, or detailed historical execution log.","Keep outside Git; publish only compact provenance summaries.","",""
"PDARTS/output/search_runs/Batch/32/ISIC_search__ISIC2019__n6__seed1__img32__bs32__lr0.025__wd0.0003__archlr0.0006__eps25x3__20251220-093707/arch_probs_stage1_reduce_global.npy","576",".npy","PRESERVE_PRIVATE","Large checkpoint, numerical intermediate, or detailed historical execution log.","Keep outside Git; publish only compact provenance summaries.","",""
"PDARTS/output/search_runs/Batch/32/ISIC_search__ISIC2019__n6__seed1__img32__bs32__lr0.025__wd0.0003__archlr0.0006__eps25x3__20251220-093707/arch_probs_stage1_reduce_local.npy","576",".npy","PRESERVE_PRIVATE","Large checkpoint, numerical intermediate, or detailed historical execution log.","Keep outside Git; publish only compact provenance summaries.","",""
"PDARTS/output/search_runs/Batch/32/ISIC_search__ISIC2019__n6__seed1__img32__bs32__lr0.025__wd0.0003__archlr0.0006__eps25x3__20251220-093707/arch_probs_stage2_normal_global.npy","576",".npy","PRESERVE_PRIVATE","Large checkpoint, numerical intermediate, or detailed historical execution log.","Keep outside Git; publish only compact provenance summaries.","",""
"PDARTS/output/search_runs/Batch/32/ISIC_search__ISIC2019__n6__seed1__img32__bs32__lr0.025__wd0.0003__archlr0.0006__eps25x3__20251220-093707/arch_probs_stage2_normal_local.npy","408",".npy","PRESERVE_PRIVATE","Large checkpoint, numerical intermediate, or detailed historical execution log.","Keep outside Git; publish only compact provenance summaries.","",""
"PDARTS/output/search_runs/Batch/32/ISIC_search__ISIC2019__n6__seed1__img32__bs32__lr0.025__wd0.0003__archlr0.0006__eps25x3__20251220-093707/arch_probs_stage2_reduce_global.npy","576",".npy","PRESERVE_PRIVATE","Large checkpoint, numerical intermediate, or detailed historical execution log.","Keep outside Git; publish only compact provenance summaries.","",""
"PDARTS/output/search_runs/Batch/32/ISIC_search__ISIC2019__n6__seed1__img32__bs32__lr0.025__wd0.0003__archlr0.0006__eps25x3__20251220-093707/arch_probs_stage2_reduce_local.npy","408",".npy","PRESERVE_PRIVATE","Large checkpoint, numerical intermediate, or detailed historical execution log.","Keep outside Git; publish only compact provenance summaries.","",""
"PDARTS/output/search_runs/Batch/32/ISIC_search__ISIC2019__n6__seed1__img32__bs32__lr0.025__wd0.0003__archlr0.0006__eps25x3__20251220-093707/arch_probs_stage3_normal_global.npy","576",".npy","PRESERVE_PRIVATE","Large checkpoint, numerical intermediate, or detailed historical execution log.","Keep outside Git; publish only compact provenance summaries.","",""
"PDARTS/output/search_runs/Batch/32/ISIC_search__ISIC2019__n6__seed1__img32__bs32__lr0.025__wd0.0003__archlr0.0006__eps25x3__20251220-093707/arch_probs_stage3_normal_local.npy","296",".npy","PRESERVE_PRIVATE","Large checkpoint, numerical intermediate, or detailed historical execution log.","Keep outside Git; publish only compact provenance summaries.","",""
"PDARTS/output/search_runs/Batch/32/ISIC_search__ISIC2019__n6__seed1__img32__bs32__lr0.025__wd0.0003__archlr0.0006__eps25x3__20251220-093707/arch_probs_stage3_reduce_global.npy","576",".npy","PRESERVE_PRIVATE","Large checkpoint, numerical intermediate, or detailed historical execution log.","Keep outside Git; publish only compact provenance summaries.","",""
"PDARTS/output/search_runs/Batch/32/ISIC_search__ISIC2019__n6__seed1__img32__bs32__lr0.025__wd0.0003__archlr0.0006__eps25x3__20251220-093707/arch_probs_stage3_reduce_local.npy","296",".npy","PRESERVE_PRIVATE","Large checkpoint, numerical intermediate, or detailed historical execution log.","Keep outside Git; publish only compact provenance summaries.","",""
"PDARTS/output/search_runs/Batch/32/ISIC_search__ISIC2019__n6__seed1__img32__bs32__lr0.025__wd0.0003__archlr0.0006__eps25x3__20251220-093707/final_ops_normal.csv","212",".csv","EXTRACT_CANONICAL_RESULT","Compact genotype or metric artifact potentially relevant to the scientific record.","Reconcile with the manuscript before publishing a normalized result record.","",""
"PDARTS/output/search_runs/Batch/32/ISIC_search__ISIC2019__n6__seed1__img32__bs32__lr0.025__wd0.0003__archlr0.0006__eps25x3__20251220-093707/final_ops_reduce.csv","212",".csv","EXTRACT_CANONICAL_RESULT","Compact genotype or metric artifact potentially relevant to the scientific record.","Reconcile with the manuscript before publishing a normalized result record.","",""
"PDARTS/output/search_runs/Batch/32/ISIC_search__ISIC2019__n6__seed1__img32__bs32__lr0.025__wd0.0003__archlr0.0006__eps25x3__20251220-093707/final_switches_normal.json","240",".json","EXTRACT_CANONICAL_RESULT","Compact genotype or metric artifact potentially relevant to the scientific record.","Reconcile with the manuscript before publishing a normalized result record.","",""
"PDARTS/output/search_runs/Batch/32/ISIC_search__ISIC2019__n6__seed1__img32__bs32__lr0.025__wd0.0003__archlr0.0006__eps25x3__20251220-093707/final_switches_reduce.json","240",".json","EXTRACT_CANONICAL_RESULT","Compact genotype or metric artifact potentially relevant to the scientific record.","Reconcile with the manuscript before publishing a normalized result record.","",""
"PDARTS/output/search_runs/Batch/32/ISIC_search__ISIC2019__n6__seed1__img32__bs32__lr0.025__wd0.0003__archlr0.0006__eps25x3__20251220-093707/genotype.json","1072",".json","EXTRACT_CANONICAL_RESULT","Compact genotype or metric artifact potentially relevant to the scientific record.","Reconcile with the manuscript before publishing a normalized result record.","",""
"PDARTS/output/search_runs/Batch/32/ISIC_search__ISIC2019__n6__seed1__img32__bs32__lr0.025__wd0.0003__archlr0.0006__eps25x3__20251220-093707/genotype.txt","417",".txt","EXTRACT_CANONICAL_RESULT","Compact genotype or metric artifact potentially relevant to the scientific record.","Reconcile with the manuscript before publishing a normalized result record.","",""
"PDARTS/output/search_runs/Batch/32/ISIC_search__ISIC2019__n6__seed1__img32__bs32__lr0.025__wd0.0003__archlr0.0006__eps25x3__20251220-093707/run_args.json","1209",".json","PRESERVE_PRIVATE","Historical experiment artifact, ledger, prediction record, or generated output.","Retain privately until canonical-result reconciliation.","",""
"PDARTS/output/search_runs/Batch/32/ISIC_search__ISIC2019__n6__seed1__img32__bs32__lr0.025__wd0.0003__archlr0.0006__eps25x3__20251220-093707/search.log","74071",".log","PRESERVE_PRIVATE","Large checkpoint, numerical intermediate, or detailed historical execution log.","Keep outside Git; publish only compact provenance summaries.","",""
"PDARTS/output/search_runs/Batch/32/ISIC_search__ISIC2019__n6__seed1__img32__bs32__lr0.025__wd0.0003__archlr0.0006__eps25x3__20251220-093707/stage1_switches_normal.json","822",".json","PRESERVE_PRIVATE","Historical experiment artifact, ledger, prediction record, or generated output.","Retain privately until canonical-result reconciliation.","",""
"PDARTS/output/search_runs/Batch/32/ISIC_search__ISIC2019__n6__seed1__img32__bs32__lr0.025__wd0.0003__archlr0.0006__eps25x3__20251220-093707/stage1_switches_reduce.json","822",".json","PRESERVE_PRIVATE","Historical experiment artifact, ledger, prediction record, or generated output.","Retain privately until canonical-result reconciliation.","",""
"PDARTS/output/search_runs/Batch/32/ISIC_search__ISIC2019__n6__seed1__img32__bs32__lr0.025__wd0.0003__archlr0.0006__eps25x3__20251220-093707/stage1_weights.pt","3025416",".pt","PRESERVE_PRIVATE","Large checkpoint, numerical intermediate, or detailed historical execution log.","Keep outside Git; publish only compact provenance summaries.","",""
"PDARTS/output/search_runs/Batch/32/ISIC_search__ISIC2019__n6__seed1__img32__bs32__lr0.025__wd0.0003__archlr0.0006__eps25x3__20251220-093707/stage2_switches_normal.json","570",".json","PRESERVE_PRIVATE","Historical experiment artifact, ledger, prediction record, or generated output.","Retain privately until canonical-result reconciliation.","",""
"PDARTS/output/search_runs/Batch/32/ISIC_search__ISIC2019__n6__seed1__img32__bs32__lr0.025__wd0.0003__archlr0.0006__eps25x3__20251220-093707/stage2_switches_reduce.json","570",".json","PRESERVE_PRIVATE","Historical experiment artifact, ledger, prediction record, or generated output.","Retain privately until canonical-result reconciliation.","",""
"PDARTS/output/search_runs/Batch/32/ISIC_search__ISIC2019__n6__seed1__img32__bs32__lr0.025__wd0.0003__archlr0.0006__eps25x3__20251220-093707/stage2_weights.pt","3162638",".pt","PRESERVE_PRIVATE","Large checkpoint, numerical intermediate, or detailed historical execution log.","Keep outside Git; publish only compact provenance summaries.","",""
"PDARTS/output/search_runs/Batch/32/ISIC_search__ISIC2019__n6__seed1__img32__bs32__lr0.025__wd0.0003__archlr0.0006__eps25x3__20251220-093707/stage3_switches_normal.json","318",".json","PRESERVE_PRIVATE","Historical experiment artifact, ledger, prediction record, or generated output.","Retain privately until canonical-result reconciliation.","",""
"PDARTS/output/search_runs/Batch/32/ISIC_search__ISIC2019__n6__seed1__img32__bs32__lr0.025__wd0.0003__archlr0.0006__eps25x3__20251220-093707/stage3_switches_reduce.json","318",".json","PRESERVE_PRIVATE","Historical experiment artifact, ledger, prediction record, or generated output.","Retain privately until canonical-result reconciliation.","",""
"PDARTS/output/search_runs/Batch/32/ISIC_search__ISIC2019__n6__seed1__img32__bs32__lr0.025__wd0.0003__archlr0.0006__eps25x3__20251220-093707/stage3_weights.pt","2015428",".pt","PRESERVE_PRIVATE","Large checkpoint, numerical intermediate, or detailed historical execution log.","Keep outside Git; publish only compact provenance summaries.","",""
"PDARTS/output/search_runs/Batch/32/ISIC_search__ISIC2019__n6__seed2__img32__bs32__lr0.025__wd0.0003__archlr0.0006__eps25x3__20251220-224907/arch_probs_stage1_normal_global.npy","576",".npy","PRESERVE_PRIVATE","Large checkpoint, numerical intermediate, or detailed historical execution log.","Keep outside Git; publish only compact provenance summaries.","",""
"PDARTS/output/search_runs/Batch/32/ISIC_search__ISIC2019__n6__seed2__img32__bs32__lr0.025__wd0.0003__archlr0.0006__eps25x3__20251220-224907/arch_probs_stage1_normal_local.npy","576",".npy","PRESERVE_PRIVATE","Large checkpoint, numerical intermediate, or detailed historical execution log.","Keep outside Git; publish only compact provenance summaries.","",""
"PDARTS/output/search_runs/Batch/32/ISIC_search__ISIC2019__n6__seed2__img32__bs32__lr0.025__wd0.0003__archlr0.0006__eps25x3__20251220-224907/arch_probs_stage1_reduce_global.npy","576",".npy","PRESERVE_PRIVATE","Large checkpoint, numerical intermediate, or detailed historical execution log.","Keep outside Git; publish only compact provenance summaries.","",""
"PDARTS/output/search_runs/Batch/32/ISIC_search__ISIC2019__n6__seed2__img32__bs32__lr0.025__wd0.0003__archlr0.0006__eps25x3__20251220-224907/arch_probs_stage1_reduce_local.npy","576",".npy","PRESERVE_PRIVATE","Large checkpoint, numerical intermediate, or detailed historical execution log.","Keep outside Git; publish only compact provenance summaries.","",""
"PDARTS/output/search_runs/Batch/32/ISIC_search__ISIC2019__n6__seed2__img32__bs32__lr0.025__wd0.0003__archlr0.0006__eps25x3__20251220-224907/arch_probs_stage2_normal_global.npy","576",".npy","PRESERVE_PRIVATE","Large checkpoint, numerical intermediate, or detailed historical execution log.","Keep outside Git; publish only compact provenance summaries.","",""
"PDARTS/output/search_runs/Batch/32/ISIC_search__ISIC2019__n6__seed2__img32__bs32__lr0.025__wd0.0003__archlr0.0006__eps25x3__20251220-224907/arch_probs_stage2_normal_local.npy","408",".npy","PRESERVE_PRIVATE","Large checkpoint, numerical intermediate, or detailed historical execution log.","Keep outside Git; publish only compact provenance summaries.","",""
"PDARTS/output/search_runs/Batch/32/ISIC_search__ISIC2019__n6__seed2__img32__bs32__lr0.025__wd0.0003__archlr0.0006__eps25x3__20251220-224907/arch_probs_stage2_reduce_global.npy","576",".npy","PRESERVE_PRIVATE","Large checkpoint, numerical intermediate, or detailed historical execution log.","Keep outside Git; publish only compact provenance summaries.","",""
"PDARTS/output/search_runs/Batch/32/ISIC_search__ISIC2019__n6__seed2__img32__bs32__lr0.025__wd0.0003__archlr0.0006__eps25x3__20251220-224907/arch_probs_stage2_reduce_local.npy","408",".npy","PRESERVE_PRIVATE","Large checkpoint, numerical intermediate, or detailed historical execution log.","Keep outside Git; publish only compact provenance summaries.","",""
"PDARTS/output/search_runs/Batch/32/ISIC_search__ISIC2019__n6__seed2__img32__bs32__lr0.025__wd0.0003__archlr0.0006__eps25x3__20251220-224907/run_args.json","1209",".json","PRESERVE_PRIVATE","Historical experiment artifact, ledger, prediction record, or generated output.","Retain privately until canonical-result reconciliation.","",""
"PDARTS/output/search_runs/Batch/32/ISIC_search__ISIC2019__n6__seed2__img32__bs32__lr0.025__wd0.0003__archlr0.0006__eps25x3__20251220-224907/search.log","66990",".log","PRESERVE_PRIVATE","Large checkpoint, numerical intermediate, or detailed historical execution log.","Keep outside Git; publish only compact provenance summaries.","",""
"PDARTS/output/search_runs/Batch/32/ISIC_search__ISIC2019__n6__seed2__img32__bs32__lr0.025__wd0.0003__archlr0.0006__eps25x3__20251220-224907/stage1_switches_normal.json","822",".json","PRESERVE_PRIVATE","Historical experiment artifact, ledger, prediction record, or generated output.","Retain privately until canonical-result reconciliation.","",""
"PDARTS/output/search_runs/Batch/32/ISIC_search__ISIC2019__n6__seed2__img32__bs32__lr0.025__wd0.0003__archlr0.0006__eps25x3__20251220-224907/stage1_switches_reduce.json","822",".json","PRESERVE_PRIVATE","Historical experiment artifact, ledger, prediction record, or generated output.","Retain privately until canonical-result reconciliation.","",""
"PDARTS/output/search_runs/Batch/32/ISIC_search__ISIC2019__n6__seed2__img32__bs32__lr0.025__wd0.0003__archlr0.0006__eps25x3__20251220-224907/stage1_weights.pt","3025416",".pt","PRESERVE_PRIVATE","Large checkpoint, numerical intermediate, or detailed historical execution log.","Keep outside Git; publish only compact provenance summaries.","",""
"PDARTS/output/search_runs/Batch/32/ISIC_search__ISIC2019__n6__seed2__img32__bs32__lr0.025__wd0.0003__archlr0.0006__eps25x3__20251220-224907/stage2_switches_normal.json","570",".json","PRESERVE_PRIVATE","Historical experiment artifact, ledger, prediction record, or generated output.","Retain privately until canonical-result reconciliation.","",""
"PDARTS/output/search_runs/Batch/32/ISIC_search__ISIC2019__n6__seed2__img32__bs32__lr0.025__wd0.0003__archlr0.0006__eps25x3__20251220-224907/stage2_switches_reduce.json","570",".json","PRESERVE_PRIVATE","Historical experiment artifact, ledger, prediction record, or generated output.","Retain privately until canonical-result reconciliation.","",""
"PDARTS/output/search_runs/Batch/32/ISIC_search__ISIC2019__n6__seed2__img32__bs32__lr0.025__wd0.0003__archlr0.0006__eps25x3__20251220-224907/stage2_weights.pt","3060994",".pt","PRESERVE_PRIVATE","Large checkpoint, numerical intermediate, or detailed historical execution log.","Keep outside Git; publish only compact provenance summaries.","",""
"PDARTS/output/search_runs/Batch/64/_BATCH_LEDGER.csv","7720",".csv","PRESERVE_PRIVATE","Historical experiment artifact, ledger, prediction record, or generated output.","Retain privately until canonical-result reconciliation.","",""
"PDARTS/output/search_runs/Batch/64/_SEARCH_LEDGER.csv","8695",".csv","PRESERVE_PRIVATE","Historical experiment artifact, ledger, prediction record, or generated output.","Retain privately until canonical-result reconciliation.","",""
"PDARTS/output/search_runs/Batch/64/genotypes/10/genotype0.txt","418",".txt","PRESERVE_PRIVATE","Historical experiment artifact, ledger, prediction record, or generated output.","Retain privately until canonical-result reconciliation.","",""
"PDARTS/output/search_runs/Batch/64/genotypes/10/genotype1.txt","418",".txt","PRESERVE_PRIVATE","Historical experiment artifact, ledger, prediction record, or generated output.","Retain privately until canonical-result reconciliation.","",""
"PDARTS/output/search_runs/Batch/64/genotypes/10/genotype2.txt","418",".txt","PRESERVE_PRIVATE","Historical experiment artifact, ledger, prediction record, or generated output.","Retain privately until canonical-result reconciliation.","",""
"PDARTS/output/search_runs/Batch/64/genotypes/6/genotype0.txt","418",".txt","PRESERVE_PRIVATE","Historical experiment artifact, ledger, prediction record, or generated output.","Retain privately until canonical-result reconciliation.","",""
"PDARTS/output/search_runs/Batch/64/genotypes/6/genotype1.txt","418",".txt","PRESERVE_PRIVATE","Historical experiment artifact, ledger, prediction record, or generated output.","Retain privately until canonical-result reconciliation.","",""
"PDARTS/output/search_runs/Batch/64/genotypes/6/genotype2.txt","418",".txt","PRESERVE_PRIVATE","Historical experiment artifact, ledger, prediction record, or generated output.","Retain privately until canonical-result reconciliation.","",""
"PDARTS/output/search_runs/Batch/64/genotypes/8/genotype0.txt","418",".txt","PRESERVE_PRIVATE","Historical experiment artifact, ledger, prediction record, or generated output.","Retain privately until canonical-result reconciliation.","",""
"PDARTS/output/search_runs/Batch/64/genotypes/8/genotype1.txt","418",".txt","PRESERVE_PRIVATE","Historical experiment artifact, ledger, prediction record, or generated output.","Retain privately until canonical-result reconciliation.","",""
"PDARTS/output/search_runs/Batch/64/genotypes/8/genotype2.txt","418",".txt","PRESERVE_PRIVATE","Historical experiment artifact, ledger, prediction record, or generated output.","Retain privately until canonical-result reconciliation.","",""
"PDARTS/output/search_runs/Batch/64/ISIC_search__ISIC2019__n10__seed0__img32__bs64__lr0.025__wd0.0003__archlr0.0006__eps25x3__20251219-014721/arch_probs_final_normal.npy","576",".npy","PRESERVE_PRIVATE","Large checkpoint, numerical intermediate, or detailed historical execution log.","Keep outside Git; publish only compact provenance summaries.","",""
"PDARTS/output/search_runs/Batch/64/ISIC_search__ISIC2019__n10__seed0__img32__bs64__lr0.025__wd0.0003__archlr0.0006__eps25x3__20251219-014721/arch_probs_final_reduce.npy","576",".npy","PRESERVE_PRIVATE","Large checkpoint, numerical intermediate, or detailed historical execution log.","Keep outside Git; publish only compact provenance summaries.","",""
"PDARTS/output/search_runs/Batch/64/ISIC_search__ISIC2019__n10__seed0__img32__bs64__lr0.025__wd0.0003__archlr0.0006__eps25x3__20251219-014721/arch_probs_stage1_normal_global.npy","576",".npy","PRESERVE_PRIVATE","Large checkpoint, numerical intermediate, or detailed historical execution log.","Keep outside Git; publish only compact provenance summaries.","",""
"PDARTS/output/search_runs/Batch/64/ISIC_search__ISIC2019__n10__seed0__img32__bs64__lr0.025__wd0.0003__archlr0.0006__eps25x3__20251219-014721/arch_probs_stage1_normal_local.npy","576",".npy","PRESERVE_PRIVATE","Large checkpoint, numerical intermediate, or detailed historical execution log.","Keep outside Git; publish only compact provenance summaries.","",""
"PDARTS/output/search_runs/Batch/64/ISIC_search__ISIC2019__n10__seed0__img32__bs64__lr0.025__wd0.0003__archlr0.0006__eps25x3__20251219-014721/arch_probs_stage1_reduce_global.npy","576",".npy","PRESERVE_PRIVATE","Large checkpoint, numerical intermediate, or detailed historical execution log.","Keep outside Git; publish only compact provenance summaries.","",""
"PDARTS/output/search_runs/Batch/64/ISIC_search__ISIC2019__n10__seed0__img32__bs64__lr0.025__wd0.0003__archlr0.0006__eps25x3__20251219-014721/arch_probs_stage1_reduce_local.npy","576",".npy","PRESERVE_PRIVATE","Large checkpoint, numerical intermediate, or detailed historical execution log.","Keep outside Git; publish only compact provenance summaries.","",""
"PDARTS/output/search_runs/Batch/64/ISIC_search__ISIC2019__n10__seed0__img32__bs64__lr0.025__wd0.0003__archlr0.0006__eps25x3__20251219-014721/arch_probs_stage2_normal_global.npy","576",".npy","PRESERVE_PRIVATE","Large checkpoint, numerical intermediate, or detailed historical execution log.","Keep outside Git; publish only compact provenance summaries.","",""
"PDARTS/output/search_runs/Batch/64/ISIC_search__ISIC2019__n10__seed0__img32__bs64__lr0.025__wd0.0003__archlr0.0006__eps25x3__20251219-014721/arch_probs_stage2_normal_local.npy","408",".npy","PRESERVE_PRIVATE","Large checkpoint, numerical intermediate, or detailed historical execution log.","Keep outside Git; publish only compact provenance summaries.","",""
"PDARTS/output/search_runs/Batch/64/ISIC_search__ISIC2019__n10__seed0__img32__bs64__lr0.025__wd0.0003__archlr0.0006__eps25x3__20251219-014721/arch_probs_stage2_reduce_global.npy","576",".npy","PRESERVE_PRIVATE","Large checkpoint, numerical intermediate, or detailed historical execution log.","Keep outside Git; publish only compact provenance summaries.","",""
"PDARTS/output/search_runs/Batch/64/ISIC_search__ISIC2019__n10__seed0__img32__bs64__lr0.025__wd0.0003__archlr0.0006__eps25x3__20251219-014721/arch_probs_stage2_reduce_local.npy","408",".npy","PRESERVE_PRIVATE","Large checkpoint, numerical intermediate, or detailed historical execution log.","Keep outside Git; publish only compact provenance summaries.","",""
"PDARTS/output/search_runs/Batch/64/ISIC_search__ISIC2019__n10__seed0__img32__bs64__lr0.025__wd0.0003__archlr0.0006__eps25x3__20251219-014721/arch_probs_stage3_normal_global.npy","576",".npy","PRESERVE_PRIVATE","Large checkpoint, numerical intermediate, or detailed historical execution log.","Keep outside Git; publish only compact provenance summaries.","",""
"PDARTS/output/search_runs/Batch/64/ISIC_search__ISIC2019__n10__seed0__img32__bs64__lr0.025__wd0.0003__archlr0.0006__eps25x3__20251219-014721/arch_probs_stage3_normal_local.npy","296",".npy","PRESERVE_PRIVATE","Large checkpoint, numerical intermediate, or detailed historical execution log.","Keep outside Git; publish only compact provenance summaries.","",""
"PDARTS/output/search_runs/Batch/64/ISIC_search__ISIC2019__n10__seed0__img32__bs64__lr0.025__wd0.0003__archlr0.0006__eps25x3__20251219-014721/arch_probs_stage3_reduce_global.npy","576",".npy","PRESERVE_PRIVATE","Large checkpoint, numerical intermediate, or detailed historical execution log.","Keep outside Git; publish only compact provenance summaries.","",""
"PDARTS/output/search_runs/Batch/64/ISIC_search__ISIC2019__n10__seed0__img32__bs64__lr0.025__wd0.0003__archlr0.0006__eps25x3__20251219-014721/arch_probs_stage3_reduce_local.npy","296",".npy","PRESERVE_PRIVATE","Large checkpoint, numerical intermediate, or detailed historical execution log.","Keep outside Git; publish only compact provenance summaries.","",""
"PDARTS/output/search_runs/Batch/64/ISIC_search__ISIC2019__n10__seed0__img32__bs64__lr0.025__wd0.0003__archlr0.0006__eps25x3__20251219-014721/final_ops_normal.csv","212",".csv","EXTRACT_CANONICAL_RESULT","Compact genotype or metric artifact potentially relevant to the scientific record.","Reconcile with the manuscript before publishing a normalized result record.","",""
"PDARTS/output/search_runs/Batch/64/ISIC_search__ISIC2019__n10__seed0__img32__bs64__lr0.025__wd0.0003__archlr0.0006__eps25x3__20251219-014721/final_ops_reduce.csv","212",".csv","EXTRACT_CANONICAL_RESULT","Compact genotype or metric artifact potentially relevant to the scientific record.","Reconcile with the manuscript before publishing a normalized result record.","",""
"PDARTS/output/search_runs/Batch/64/ISIC_search__ISIC2019__n10__seed0__img32__bs64__lr0.025__wd0.0003__archlr0.0006__eps25x3__20251219-014721/final_switches_normal.json","273",".json","EXTRACT_CANONICAL_RESULT","Compact genotype or metric artifact potentially relevant to the scientific record.","Reconcile with the manuscript before publishing a normalized result record.","",""
"PDARTS/output/search_runs/Batch/64/ISIC_search__ISIC2019__n10__seed0__img32__bs64__lr0.025__wd0.0003__archlr0.0006__eps25x3__20251219-014721/final_switches_reduce.json","273",".json","EXTRACT_CANONICAL_RESULT","Compact genotype or metric artifact potentially relevant to the scientific record.","Reconcile with the manuscript before publishing a normalized result record.","",""
"PDARTS/output/search_runs/Batch/64/ISIC_search__ISIC2019__n10__seed0__img32__bs64__lr0.025__wd0.0003__archlr0.0006__eps25x3__20251219-014721/genotype.json","1153",".json","EXTRACT_CANONICAL_RESULT","Compact genotype or metric artifact potentially relevant to the scientific record.","Reconcile with the manuscript before publishing a normalized result record.","",""
"PDARTS/output/search_runs/Batch/64/ISIC_search__ISIC2019__n10__seed0__img32__bs64__lr0.025__wd0.0003__archlr0.0006__eps25x3__20251219-014721/genotype.txt","418",".txt","EXTRACT_CANONICAL_RESULT","Compact genotype or metric artifact potentially relevant to the scientific record.","Reconcile with the manuscript before publishing a normalized result record.","",""
"PDARTS/output/search_runs/Batch/64/ISIC_search__ISIC2019__n10__seed0__img32__bs64__lr0.025__wd0.0003__archlr0.0006__eps25x3__20251219-014721/run_args.json","1312",".json","PRESERVE_PRIVATE","Historical experiment artifact, ledger, prediction record, or generated output.","Retain privately until canonical-result reconciliation.","",""
"PDARTS/output/search_runs/Batch/64/ISIC_search__ISIC2019__n10__seed0__img32__bs64__lr0.025__wd0.0003__archlr0.0006__eps25x3__20251219-014721/search.log","50688",".log","PRESERVE_PRIVATE","Large checkpoint, numerical intermediate, or detailed historical execution log.","Keep outside Git; publish only compact provenance summaries.","",""
"PDARTS/output/search_runs/Batch/64/ISIC_search__ISIC2019__n10__seed0__img32__bs64__lr0.025__wd0.0003__archlr0.0006__eps25x3__20251219-014721/stage1_switches_normal.json","923",".json","PRESERVE_PRIVATE","Historical experiment artifact, ledger, prediction record, or generated output.","Retain privately until canonical-result reconciliation.","",""
"PDARTS/output/search_runs/Batch/64/ISIC_search__ISIC2019__n10__seed0__img32__bs64__lr0.025__wd0.0003__archlr0.0006__eps25x3__20251219-014721/stage1_switches_reduce.json","923",".json","PRESERVE_PRIVATE","Historical experiment artifact, ledger, prediction record, or generated output.","Retain privately until canonical-result reconciliation.","",""
"PDARTS/output/search_runs/Batch/64/ISIC_search__ISIC2019__n10__seed0__img32__bs64__lr0.025__wd0.0003__archlr0.0006__eps25x3__20251219-014721/stage1_weights.pt","6814377",".pt","PRESERVE_PRIVATE","Large checkpoint, numerical intermediate, or detailed historical execution log.","Keep outside Git; publish only compact provenance summaries.","",""
"PDARTS/output/search_runs/Batch/64/ISIC_search__ISIC2019__n10__seed0__img32__bs64__lr0.025__wd0.0003__archlr0.0006__eps25x3__20251219-014721/stage2_switches_normal.json","643",".json","PRESERVE_PRIVATE","Historical experiment artifact, ledger, prediction record, or generated output.","Retain privately until canonical-result reconciliation.","",""
"PDARTS/output/search_runs/Batch/64/ISIC_search__ISIC2019__n10__seed0__img32__bs64__lr0.025__wd0.0003__archlr0.0006__eps25x3__20251219-014721/stage2_switches_reduce.json","643",".json","PRESERVE_PRIVATE","Historical experiment artifact, ledger, prediction record, or generated output.","Retain privately until canonical-result reconciliation.","",""
"PDARTS/output/search_runs/Batch/64/ISIC_search__ISIC2019__n10__seed0__img32__bs64__lr0.025__wd0.0003__archlr0.0006__eps25x3__20251219-014721/stage2_weights.pt","7066017",".pt","PRESERVE_PRIVATE","Large checkpoint, numerical intermediate, or detailed historical execution log.","Keep outside Git; publish only compact provenance summaries.","",""
"PDARTS/output/search_runs/Batch/64/ISIC_search__ISIC2019__n10__seed0__img32__bs64__lr0.025__wd0.0003__archlr0.0006__eps25x3__20251219-014721/stage3_switches_normal.json","363",".json","PRESERVE_PRIVATE","Historical experiment artifact, ledger, prediction record, or generated output.","Retain privately until canonical-result reconciliation.","",""
"PDARTS/output/search_runs/Batch/64/ISIC_search__ISIC2019__n10__seed0__img32__bs64__lr0.025__wd0.0003__archlr0.0006__eps25x3__20251219-014721/stage3_switches_reduce.json","363",".json","PRESERVE_PRIVATE","Historical experiment artifact, ledger, prediction record, or generated output.","Retain privately until canonical-result reconciliation.","",""
"PDARTS/output/search_runs/Batch/64/ISIC_search__ISIC2019__n10__seed0__img32__bs64__lr0.025__wd0.0003__archlr0.0006__eps25x3__20251219-014721/stage3_weights.pt","4637417",".pt","PRESERVE_PRIVATE","Large checkpoint, numerical intermediate, or detailed historical execution log.","Keep outside Git; publish only compact provenance summaries.","",""
"PDARTS/output/search_runs/Batch/64/ISIC_search__ISIC2019__n10__seed1__img32__bs64__lr0.025__wd0.0003__archlr0.0006__eps25x3__20251219-032822/arch_probs_final_normal.npy","576",".npy","PRESERVE_PRIVATE","Large checkpoint, numerical intermediate, or detailed historical execution log.","Keep outside Git; publish only compact provenance summaries.","",""
"PDARTS/output/search_runs/Batch/64/ISIC_search__ISIC2019__n10__seed1__img32__bs64__lr0.025__wd0.0003__archlr0.0006__eps25x3__20251219-032822/arch_probs_final_reduce.npy","576",".npy","PRESERVE_PRIVATE","Large checkpoint, numerical intermediate, or detailed historical execution log.","Keep outside Git; publish only compact provenance summaries.","",""
"PDARTS/output/search_runs/Batch/64/ISIC_search__ISIC2019__n10__seed1__img32__bs64__lr0.025__wd0.0003__archlr0.0006__eps25x3__20251219-032822/arch_probs_stage1_normal_global.npy","576",".npy","PRESERVE_PRIVATE","Large checkpoint, numerical intermediate, or detailed historical execution log.","Keep outside Git; publish only compact provenance summaries.","",""
"PDARTS/output/search_runs/Batch/64/ISIC_search__ISIC2019__n10__seed1__img32__bs64__lr0.025__wd0.0003__archlr0.0006__eps25x3__20251219-032822/arch_probs_stage1_normal_local.npy","576",".npy","PRESERVE_PRIVATE","Large checkpoint, numerical intermediate, or detailed historical execution log.","Keep outside Git; publish only compact provenance summaries.","",""
"PDARTS/output/search_runs/Batch/64/ISIC_search__ISIC2019__n10__seed1__img32__bs64__lr0.025__wd0.0003__archlr0.0006__eps25x3__20251219-032822/arch_probs_stage1_reduce_global.npy","576",".npy","PRESERVE_PRIVATE","Large checkpoint, numerical intermediate, or detailed historical execution log.","Keep outside Git; publish only compact provenance summaries.","",""
"PDARTS/output/search_runs/Batch/64/ISIC_search__ISIC2019__n10__seed1__img32__bs64__lr0.025__wd0.0003__archlr0.0006__eps25x3__20251219-032822/arch_probs_stage1_reduce_local.npy","576",".npy","PRESERVE_PRIVATE","Large checkpoint, numerical intermediate, or detailed historical execution log.","Keep outside Git; publish only compact provenance summaries.","",""
"PDARTS/output/search_runs/Batch/64/ISIC_search__ISIC2019__n10__seed1__img32__bs64__lr0.025__wd0.0003__archlr0.0006__eps25x3__20251219-032822/arch_probs_stage2_normal_global.npy","576",".npy","PRESERVE_PRIVATE","Large checkpoint, numerical intermediate, or detailed historical execution log.","Keep outside Git; publish only compact provenance summaries.","",""
"PDARTS/output/search_runs/Batch/64/ISIC_search__ISIC2019__n10__seed1__img32__bs64__lr0.025__wd0.0003__archlr0.0006__eps25x3__20251219-032822/arch_probs_stage2_normal_local.npy","408",".npy","PRESERVE_PRIVATE","Large checkpoint, numerical intermediate, or detailed historical execution log.","Keep outside Git; publish only compact provenance summaries.","",""
"PDARTS/output/search_runs/Batch/64/ISIC_search__ISIC2019__n10__seed1__img32__bs64__lr0.025__wd0.0003__archlr0.0006__eps25x3__20251219-032822/arch_probs_stage2_reduce_global.npy","576",".npy","PRESERVE_PRIVATE","Large checkpoint, numerical intermediate, or detailed historical execution log.","Keep outside Git; publish only compact provenance summaries.","",""
"PDARTS/output/search_runs/Batch/64/ISIC_search__ISIC2019__n10__seed1__img32__bs64__lr0.025__wd0.0003__archlr0.0006__eps25x3__20251219-032822/arch_probs_stage2_reduce_local.npy","408",".npy","PRESERVE_PRIVATE","Large checkpoint, numerical intermediate, or detailed historical execution log.","Keep outside Git; publish only compact provenance summaries.","",""
"PDARTS/output/search_runs/Batch/64/ISIC_search__ISIC2019__n10__seed1__img32__bs64__lr0.025__wd0.0003__archlr0.0006__eps25x3__20251219-032822/arch_probs_stage3_normal_global.npy","576",".npy","PRESERVE_PRIVATE","Large checkpoint, numerical intermediate, or detailed historical execution log.","Keep outside Git; publish only compact provenance summaries.","",""
"PDARTS/output/search_runs/Batch/64/ISIC_search__ISIC2019__n10__seed1__img32__bs64__lr0.025__wd0.0003__archlr0.0006__eps25x3__20251219-032822/arch_probs_stage3_normal_local.npy","296",".npy","PRESERVE_PRIVATE","Large checkpoint, numerical intermediate, or detailed historical execution log.","Keep outside Git; publish only compact provenance summaries.","",""
"PDARTS/output/search_runs/Batch/64/ISIC_search__ISIC2019__n10__seed1__img32__bs64__lr0.025__wd0.0003__archlr0.0006__eps25x3__20251219-032822/arch_probs_stage3_reduce_global.npy","576",".npy","PRESERVE_PRIVATE","Large checkpoint, numerical intermediate, or detailed historical execution log.","Keep outside Git; publish only compact provenance summaries.","",""
"PDARTS/output/search_runs/Batch/64/ISIC_search__ISIC2019__n10__seed1__img32__bs64__lr0.025__wd0.0003__archlr0.0006__eps25x3__20251219-032822/arch_probs_stage3_reduce_local.npy","296",".npy","PRESERVE_PRIVATE","Large checkpoint, numerical intermediate, or detailed historical execution log.","Keep outside Git; publish only compact provenance summaries.","",""
"PDARTS/output/search_runs/Batch/64/ISIC_search__ISIC2019__n10__seed1__img32__bs64__lr0.025__wd0.0003__archlr0.0006__eps25x3__20251219-032822/final_ops_normal.csv","212",".csv","EXTRACT_CANONICAL_RESULT","Compact genotype or metric artifact potentially relevant to the scientific record.","Reconcile with the manuscript before publishing a normalized result record.","",""
"PDARTS/output/search_runs/Batch/64/ISIC_search__ISIC2019__n10__seed1__img32__bs64__lr0.025__wd0.0003__archlr0.0006__eps25x3__20251219-032822/final_ops_reduce.csv","212",".csv","EXTRACT_CANONICAL_RESULT","Compact genotype or metric artifact potentially relevant to the scientific record.","Reconcile with the manuscript before publishing a normalized result record.","",""
"PDARTS/output/search_runs/Batch/64/ISIC_search__ISIC2019__n10__seed1__img32__bs64__lr0.025__wd0.0003__archlr0.0006__eps25x3__20251219-032822/final_switches_normal.json","273",".json","EXTRACT_CANONICAL_RESULT","Compact genotype or metric artifact potentially relevant to the scientific record.","Reconcile with the manuscript before publishing a normalized result record.","",""
"PDARTS/output/search_runs/Batch/64/ISIC_search__ISIC2019__n10__seed1__img32__bs64__lr0.025__wd0.0003__archlr0.0006__eps25x3__20251219-032822/final_switches_reduce.json","273",".json","EXTRACT_CANONICAL_RESULT","Compact genotype or metric artifact potentially relevant to the scientific record.","Reconcile with the manuscript before publishing a normalized result record.","",""
"PDARTS/output/search_runs/Batch/64/ISIC_search__ISIC2019__n10__seed1__img32__bs64__lr0.025__wd0.0003__archlr0.0006__eps25x3__20251219-032822/genotype.json","1153",".json","EXTRACT_CANONICAL_RESULT","Compact genotype or metric artifact potentially relevant to the scientific record.","Reconcile with the manuscript before publishing a normalized result record.","",""
"PDARTS/output/search_runs/Batch/64/ISIC_search__ISIC2019__n10__seed1__img32__bs64__lr0.025__wd0.0003__archlr0.0006__eps25x3__20251219-032822/genotype.txt","418",".txt","EXTRACT_CANONICAL_RESULT","Compact genotype or metric artifact potentially relevant to the scientific record.","Reconcile with the manuscript before publishing a normalized result record.","",""
"PDARTS/output/search_runs/Batch/64/ISIC_search__ISIC2019__n10__seed1__img32__bs64__lr0.025__wd0.0003__archlr0.0006__eps25x3__20251219-032822/run_args.json","1312",".json","PRESERVE_PRIVATE","Historical experiment artifact, ledger, prediction record, or generated output.","Retain privately until canonical-result reconciliation.","",""
"PDARTS/output/search_runs/Batch/64/ISIC_search__ISIC2019__n10__seed1__img32__bs64__lr0.025__wd0.0003__archlr0.0006__eps25x3__20251219-032822/search.log","50717",".log","PRESERVE_PRIVATE","Large checkpoint, numerical intermediate, or detailed historical execution log.","Keep outside Git; publish only compact provenance summaries.","",""
"PDARTS/output/search_runs/Batch/64/ISIC_search__ISIC2019__n10__seed1__img32__bs64__lr0.025__wd0.0003__archlr0.0006__eps25x3__20251219-032822/stage1_switches_normal.json","923",".json","PRESERVE_PRIVATE","Historical experiment artifact, ledger, prediction record, or generated output.","Retain privately until canonical-result reconciliation.","",""
"PDARTS/output/search_runs/Batch/64/ISIC_search__ISIC2019__n10__seed1__img32__bs64__lr0.025__wd0.0003__archlr0.0006__eps25x3__20251219-032822/stage1_switches_reduce.json","923",".json","PRESERVE_PRIVATE","Historical experiment artifact, ledger, prediction record, or generated output.","Retain privately until canonical-result reconciliation.","",""
"PDARTS/output/search_runs/Batch/64/ISIC_search__ISIC2019__n10__seed1__img32__bs64__lr0.025__wd0.0003__archlr0.0006__eps25x3__20251219-032822/stage1_weights.pt","6814377",".pt","PRESERVE_PRIVATE","Large checkpoint, numerical intermediate, or detailed historical execution log.","Keep outside Git; publish only compact provenance summaries.","",""
"PDARTS/output/search_runs/Batch/64/ISIC_search__ISIC2019__n10__seed1__img32__bs64__lr0.025__wd0.0003__archlr0.0006__eps25x3__20251219-032822/stage2_switches_normal.json","643",".json","PRESERVE_PRIVATE","Historical experiment artifact, ledger, prediction record, or generated output.","Retain privately until canonical-result reconciliation.","",""
"PDARTS/output/search_runs/Batch/64/ISIC_search__ISIC2019__n10__seed1__img32__bs64__lr0.025__wd0.0003__archlr0.0006__eps25x3__20251219-032822/stage2_switches_reduce.json","643",".json","PRESERVE_PRIVATE","Historical experiment artifact, ledger, prediction record, or generated output.","Retain privately until canonical-result reconciliation.","",""
"PDARTS/output/search_runs/Batch/64/ISIC_search__ISIC2019__n10__seed1__img32__bs64__lr0.025__wd0.0003__archlr0.0006__eps25x3__20251219-032822/stage2_weights.pt","7463153",".pt","PRESERVE_PRIVATE","Large checkpoint, numerical intermediate, or detailed historical execution log.","Keep outside Git; publish only compact provenance summaries.","",""
"PDARTS/output/search_runs/Batch/64/ISIC_search__ISIC2019__n10__seed1__img32__bs64__lr0.025__wd0.0003__archlr0.0006__eps25x3__20251219-032822/stage3_switches_normal.json","363",".json","PRESERVE_PRIVATE","Historical experiment artifact, ledger, prediction record, or generated output.","Retain privately until canonical-result reconciliation.","",""
"PDARTS/output/search_runs/Batch/64/ISIC_search__ISIC2019__n10__seed1__img32__bs64__lr0.025__wd0.0003__archlr0.0006__eps25x3__20251219-032822/stage3_switches_reduce.json","363",".json","PRESERVE_PRIVATE","Historical experiment artifact, ledger, prediction record, or generated output.","Retain privately until canonical-result reconciliation.","",""
"PDARTS/output/search_runs/Batch/64/ISIC_search__ISIC2019__n10__seed1__img32__bs64__lr0.025__wd0.0003__archlr0.0006__eps25x3__20251219-032822/stage3_weights.pt","4821029",".pt","PRESERVE_PRIVATE","Large checkpoint, numerical intermediate, or detailed historical execution log.","Keep outside Git; publish only compact provenance summaries.","",""
"PDARTS/output/search_runs/Batch/64/ISIC_search__ISIC2019__n10__seed2__img32__bs64__lr0.025__wd0.0003__archlr0.0006__eps25x3__20251219-051030/arch_probs_final_normal.npy","576",".npy","PRESERVE_PRIVATE","Large checkpoint, numerical intermediate, or detailed historical execution log.","Keep outside Git; publish only compact provenance summaries.","",""
"PDARTS/output/search_runs/Batch/64/ISIC_search__ISIC2019__n10__seed2__img32__bs64__lr0.025__wd0.0003__archlr0.0006__eps25x3__20251219-051030/arch_probs_final_reduce.npy","576",".npy","PRESERVE_PRIVATE","Large checkpoint, numerical intermediate, or detailed historical execution log.","Keep outside Git; publish only compact provenance summaries.","",""
"PDARTS/output/search_runs/Batch/64/ISIC_search__ISIC2019__n10__seed2__img32__bs64__lr0.025__wd0.0003__archlr0.0006__eps25x3__20251219-051030/arch_probs_stage1_normal_global.npy","576",".npy","PRESERVE_PRIVATE","Large checkpoint, numerical intermediate, or detailed historical execution log.","Keep outside Git; publish only compact provenance summaries.","",""
"PDARTS/output/search_runs/Batch/64/ISIC_search__ISIC2019__n10__seed2__img32__bs64__lr0.025__wd0.0003__archlr0.0006__eps25x3__20251219-051030/arch_probs_stage1_normal_local.npy","576",".npy","PRESERVE_PRIVATE","Large checkpoint, numerical intermediate, or detailed historical execution log.","Keep outside Git; publish only compact provenance summaries.","",""
"PDARTS/output/search_runs/Batch/64/ISIC_search__ISIC2019__n10__seed2__img32__bs64__lr0.025__wd0.0003__archlr0.0006__eps25x3__20251219-051030/arch_probs_stage1_reduce_global.npy","576",".npy","PRESERVE_PRIVATE","Large checkpoint, numerical intermediate, or detailed historical execution log.","Keep outside Git; publish only compact provenance summaries.","",""
"PDARTS/output/search_runs/Batch/64/ISIC_search__ISIC2019__n10__seed2__img32__bs64__lr0.025__wd0.0003__archlr0.0006__eps25x3__20251219-051030/arch_probs_stage1_reduce_local.npy","576",".npy","PRESERVE_PRIVATE","Large checkpoint, numerical intermediate, or detailed historical execution log.","Keep outside Git; publish only compact provenance summaries.","",""
"PDARTS/output/search_runs/Batch/64/ISIC_search__ISIC2019__n10__seed2__img32__bs64__lr0.025__wd0.0003__archlr0.0006__eps25x3__20251219-051030/arch_probs_stage2_normal_global.npy","576",".npy","PRESERVE_PRIVATE","Large checkpoint, numerical intermediate, or detailed historical execution log.","Keep outside Git; publish only compact provenance summaries.","",""
"PDARTS/output/search_runs/Batch/64/ISIC_search__ISIC2019__n10__seed2__img32__bs64__lr0.025__wd0.0003__archlr0.0006__eps25x3__20251219-051030/arch_probs_stage2_normal_local.npy","408",".npy","PRESERVE_PRIVATE","Large checkpoint, numerical intermediate, or detailed historical execution log.","Keep outside Git; publish only compact provenance summaries.","",""
"PDARTS/output/search_runs/Batch/64/ISIC_search__ISIC2019__n10__seed2__img32__bs64__lr0.025__wd0.0003__archlr0.0006__eps25x3__20251219-051030/arch_probs_stage2_reduce_global.npy","576",".npy","PRESERVE_PRIVATE","Large checkpoint, numerical intermediate, or detailed historical execution log.","Keep outside Git; publish only compact provenance summaries.","",""
"PDARTS/output/search_runs/Batch/64/ISIC_search__ISIC2019__n10__seed2__img32__bs64__lr0.025__wd0.0003__archlr0.0006__eps25x3__20251219-051030/arch_probs_stage2_reduce_local.npy","408",".npy","PRESERVE_PRIVATE","Large checkpoint, numerical intermediate, or detailed historical execution log.","Keep outside Git; publish only compact provenance summaries.","",""
"PDARTS/output/search_runs/Batch/64/ISIC_search__ISIC2019__n10__seed2__img32__bs64__lr0.025__wd0.0003__archlr0.0006__eps25x3__20251219-051030/arch_probs_stage3_normal_global.npy","576",".npy","PRESERVE_PRIVATE","Large checkpoint, numerical intermediate, or detailed historical execution log.","Keep outside Git; publish only compact provenance summaries.","",""
"PDARTS/output/search_runs/Batch/64/ISIC_search__ISIC2019__n10__seed2__img32__bs64__lr0.025__wd0.0003__archlr0.0006__eps25x3__20251219-051030/arch_probs_stage3_normal_local.npy","296",".npy","PRESERVE_PRIVATE","Large checkpoint, numerical intermediate, or detailed historical execution log.","Keep outside Git; publish only compact provenance summaries.","",""
"PDARTS/output/search_runs/Batch/64/ISIC_search__ISIC2019__n10__seed2__img32__bs64__lr0.025__wd0.0003__archlr0.0006__eps25x3__20251219-051030/arch_probs_stage3_reduce_global.npy","576",".npy","PRESERVE_PRIVATE","Large checkpoint, numerical intermediate, or detailed historical execution log.","Keep outside Git; publish only compact provenance summaries.","",""
"PDARTS/output/search_runs/Batch/64/ISIC_search__ISIC2019__n10__seed2__img32__bs64__lr0.025__wd0.0003__archlr0.0006__eps25x3__20251219-051030/arch_probs_stage3_reduce_local.npy","296",".npy","PRESERVE_PRIVATE","Large checkpoint, numerical intermediate, or detailed historical execution log.","Keep outside Git; publish only compact provenance summaries.","",""
"PDARTS/output/search_runs/Batch/64/ISIC_search__ISIC2019__n10__seed2__img32__bs64__lr0.025__wd0.0003__archlr0.0006__eps25x3__20251219-051030/final_ops_normal.csv","212",".csv","EXTRACT_CANONICAL_RESULT","Compact genotype or metric artifact potentially relevant to the scientific record.","Reconcile with the manuscript before publishing a normalized result record.","",""
"PDARTS/output/search_runs/Batch/64/ISIC_search__ISIC2019__n10__seed2__img32__bs64__lr0.025__wd0.0003__archlr0.0006__eps25x3__20251219-051030/final_ops_reduce.csv","212",".csv","EXTRACT_CANONICAL_RESULT","Compact genotype or metric artifact potentially relevant to the scientific record.","Reconcile with the manuscript before publishing a normalized result record.","",""
"PDARTS/output/search_runs/Batch/64/ISIC_search__ISIC2019__n10__seed2__img32__bs64__lr0.025__wd0.0003__archlr0.0006__eps25x3__20251219-051030/final_switches_normal.json","273",".json","EXTRACT_CANONICAL_RESULT","Compact genotype or metric artifact potentially relevant to the scientific record.","Reconcile with the manuscript before publishing a normalized result record.","",""
"PDARTS/output/search_runs/Batch/64/ISIC_search__ISIC2019__n10__seed2__img32__bs64__lr0.025__wd0.0003__archlr0.0006__eps25x3__20251219-051030/final_switches_reduce.json","273",".json","EXTRACT_CANONICAL_RESULT","Compact genotype or metric artifact potentially relevant to the scientific record.","Reconcile with the manuscript before publishing a normalized result record.","",""
"PDARTS/output/search_runs/Batch/64/ISIC_search__ISIC2019__n10__seed2__img32__bs64__lr0.025__wd0.0003__archlr0.0006__eps25x3__20251219-051030/genotype.json","1153",".json","EXTRACT_CANONICAL_RESULT","Compact genotype or metric artifact potentially relevant to the scientific record.","Reconcile with the manuscript before publishing a normalized result record.","",""
"PDARTS/output/search_runs/Batch/64/ISIC_search__ISIC2019__n10__seed2__img32__bs64__lr0.025__wd0.0003__archlr0.0006__eps25x3__20251219-051030/genotype.txt","418",".txt","EXTRACT_CANONICAL_RESULT","Compact genotype or metric artifact potentially relevant to the scientific record.","Reconcile with the manuscript before publishing a normalized result record.","",""
"PDARTS/output/search_runs/Batch/64/ISIC_search__ISIC2019__n10__seed2__img32__bs64__lr0.025__wd0.0003__archlr0.0006__eps25x3__20251219-051030/run_args.json","1312",".json","PRESERVE_PRIVATE","Historical experiment artifact, ledger, prediction record, or generated output.","Retain privately until canonical-result reconciliation.","",""
"PDARTS/output/search_runs/Batch/64/ISIC_search__ISIC2019__n10__seed2__img32__bs64__lr0.025__wd0.0003__archlr0.0006__eps25x3__20251219-051030/search.log","50695",".log","PRESERVE_PRIVATE","Large checkpoint, numerical intermediate, or detailed historical execution log.","Keep outside Git; publish only compact provenance summaries.","",""
"PDARTS/output/search_runs/Batch/64/ISIC_search__ISIC2019__n10__seed2__img32__bs64__lr0.025__wd0.0003__archlr0.0006__eps25x3__20251219-051030/stage1_switches_normal.json","923",".json","PRESERVE_PRIVATE","Historical experiment artifact, ledger, prediction record, or generated output.","Retain privately until canonical-result reconciliation.","",""
"PDARTS/output/search_runs/Batch/64/ISIC_search__ISIC2019__n10__seed2__img32__bs64__lr0.025__wd0.0003__archlr0.0006__eps25x3__20251219-051030/stage1_switches_reduce.json","923",".json","PRESERVE_PRIVATE","Historical experiment artifact, ledger, prediction record, or generated output.","Retain privately until canonical-result reconciliation.","",""
"PDARTS/output/search_runs/Batch/64/ISIC_search__ISIC2019__n10__seed2__img32__bs64__lr0.025__wd0.0003__archlr0.0006__eps25x3__20251219-051030/stage1_weights.pt","6814377",".pt","PRESERVE_PRIVATE","Large checkpoint, numerical intermediate, or detailed historical execution log.","Keep outside Git; publish only compact provenance summaries.","",""
"PDARTS/output/search_runs/Batch/64/ISIC_search__ISIC2019__n10__seed2__img32__bs64__lr0.025__wd0.0003__archlr0.0006__eps25x3__20251219-051030/stage2_switches_normal.json","643",".json","PRESERVE_PRIVATE","Historical experiment artifact, ledger, prediction record, or generated output.","Retain privately until canonical-result reconciliation.","",""
"PDARTS/output/search_runs/Batch/64/ISIC_search__ISIC2019__n10__seed2__img32__bs64__lr0.025__wd0.0003__archlr0.0006__eps25x3__20251219-051030/stage2_switches_reduce.json","643",".json","PRESERVE_PRIVATE","Historical experiment artifact, ledger, prediction record, or generated output.","Retain privately until canonical-result reconciliation.","",""
"PDARTS/output/search_runs/Batch/64/ISIC_search__ISIC2019__n10__seed2__img32__bs64__lr0.025__wd0.0003__archlr0.0006__eps25x3__20251219-051030/stage2_weights.pt","7335145",".pt","PRESERVE_PRIVATE","Large checkpoint, numerical intermediate, or detailed historical execution log.","Keep outside Git; publish only compact provenance summaries.","",""
"PDARTS/output/search_runs/Batch/64/ISIC_search__ISIC2019__n10__seed2__img32__bs64__lr0.025__wd0.0003__archlr0.0006__eps25x3__20251219-051030/stage3_switches_normal.json","363",".json","PRESERVE_PRIVATE","Historical experiment artifact, ledger, prediction record, or generated output.","Retain privately until canonical-result reconciliation.","",""
"PDARTS/output/search_runs/Batch/64/ISIC_search__ISIC2019__n10__seed2__img32__bs64__lr0.025__wd0.0003__archlr0.0006__eps25x3__20251219-051030/stage3_switches_reduce.json","363",".json","PRESERVE_PRIVATE","Historical experiment artifact, ledger, prediction record, or generated output.","Retain privately until canonical-result reconciliation.","",""
"PDARTS/output/search_runs/Batch/64/ISIC_search__ISIC2019__n10__seed2__img32__bs64__lr0.025__wd0.0003__archlr0.0006__eps25x3__20251219-051030/stage3_weights.pt","4565037",".pt","PRESERVE_PRIVATE","Large checkpoint, numerical intermediate, or detailed historical execution log.","Keep outside Git; publish only compact provenance summaries.","",""
"PDARTS/output/search_runs/Batch/64/ISIC_search__ISIC2019__n6__seed0__img32__bs64__lr0.025__wd0.0003__archlr0.0006__eps25x3__20251218-175711/arch_probs_final_normal.npy","576",".npy","PRESERVE_PRIVATE","Large checkpoint, numerical intermediate, or detailed historical execution log.","Keep outside Git; publish only compact provenance summaries.","",""
"PDARTS/output/search_runs/Batch/64/ISIC_search__ISIC2019__n6__seed0__img32__bs64__lr0.025__wd0.0003__archlr0.0006__eps25x3__20251218-175711/arch_probs_final_reduce.npy","576",".npy","PRESERVE_PRIVATE","Large checkpoint, numerical intermediate, or detailed historical execution log.","Keep outside Git; publish only compact provenance summaries.","",""
"PDARTS/output/search_runs/Batch/64/ISIC_search__ISIC2019__n6__seed0__img32__bs64__lr0.025__wd0.0003__archlr0.0006__eps25x3__20251218-175711/arch_probs_stage1_normal_global.npy","576",".npy","PRESERVE_PRIVATE","Large checkpoint, numerical intermediate, or detailed historical execution log.","Keep outside Git; publish only compact provenance summaries.","",""
"PDARTS/output/search_runs/Batch/64/ISIC_search__ISIC2019__n6__seed0__img32__bs64__lr0.025__wd0.0003__archlr0.0006__eps25x3__20251218-175711/arch_probs_stage1_normal_local.npy","576",".npy","PRESERVE_PRIVATE","Large checkpoint, numerical intermediate, or detailed historical execution log.","Keep outside Git; publish only compact provenance summaries.","",""
"PDARTS/output/search_runs/Batch/64/ISIC_search__ISIC2019__n6__seed0__img32__bs64__lr0.025__wd0.0003__archlr0.0006__eps25x3__20251218-175711/arch_probs_stage1_reduce_global.npy","576",".npy","PRESERVE_PRIVATE","Large checkpoint, numerical intermediate, or detailed historical execution log.","Keep outside Git; publish only compact provenance summaries.","",""
"PDARTS/output/search_runs/Batch/64/ISIC_search__ISIC2019__n6__seed0__img32__bs64__lr0.025__wd0.0003__archlr0.0006__eps25x3__20251218-175711/arch_probs_stage1_reduce_local.npy","576",".npy","PRESERVE_PRIVATE","Large checkpoint, numerical intermediate, or detailed historical execution log.","Keep outside Git; publish only compact provenance summaries.","",""
"PDARTS/output/search_runs/Batch/64/ISIC_search__ISIC2019__n6__seed0__img32__bs64__lr0.025__wd0.0003__archlr0.0006__eps25x3__20251218-175711/arch_probs_stage2_normal_global.npy","576",".npy","PRESERVE_PRIVATE","Large checkpoint, numerical intermediate, or detailed historical execution log.","Keep outside Git; publish only compact provenance summaries.","",""
"PDARTS/output/search_runs/Batch/64/ISIC_search__ISIC2019__n6__seed0__img32__bs64__lr0.025__wd0.0003__archlr0.0006__eps25x3__20251218-175711/arch_probs_stage2_normal_local.npy","408",".npy","PRESERVE_PRIVATE","Large checkpoint, numerical intermediate, or detailed historical execution log.","Keep outside Git; publish only compact provenance summaries.","",""
"PDARTS/output/search_runs/Batch/64/ISIC_search__ISIC2019__n6__seed0__img32__bs64__lr0.025__wd0.0003__archlr0.0006__eps25x3__20251218-175711/arch_probs_stage2_reduce_global.npy","576",".npy","PRESERVE_PRIVATE","Large checkpoint, numerical intermediate, or detailed historical execution log.","Keep outside Git; publish only compact provenance summaries.","",""
"PDARTS/output/search_runs/Batch/64/ISIC_search__ISIC2019__n6__seed0__img32__bs64__lr0.025__wd0.0003__archlr0.0006__eps25x3__20251218-175711/arch_probs_stage2_reduce_local.npy","408",".npy","PRESERVE_PRIVATE","Large checkpoint, numerical intermediate, or detailed historical execution log.","Keep outside Git; publish only compact provenance summaries.","",""
"PDARTS/output/search_runs/Batch/64/ISIC_search__ISIC2019__n6__seed0__img32__bs64__lr0.025__wd0.0003__archlr0.0006__eps25x3__20251218-175711/arch_probs_stage3_normal_global.npy","576",".npy","PRESERVE_PRIVATE","Large checkpoint, numerical intermediate, or detailed historical execution log.","Keep outside Git; publish only compact provenance summaries.","",""
"PDARTS/output/search_runs/Batch/64/ISIC_search__ISIC2019__n6__seed0__img32__bs64__lr0.025__wd0.0003__archlr0.0006__eps25x3__20251218-175711/arch_probs_stage3_normal_local.npy","296",".npy","PRESERVE_PRIVATE","Large checkpoint, numerical intermediate, or detailed historical execution log.","Keep outside Git; publish only compact provenance summaries.","",""
"PDARTS/output/search_runs/Batch/64/ISIC_search__ISIC2019__n6__seed0__img32__bs64__lr0.025__wd0.0003__archlr0.0006__eps25x3__20251218-175711/arch_probs_stage3_reduce_global.npy","576",".npy","PRESERVE_PRIVATE","Large checkpoint, numerical intermediate, or detailed historical execution log.","Keep outside Git; publish only compact provenance summaries.","",""
"PDARTS/output/search_runs/Batch/64/ISIC_search__ISIC2019__n6__seed0__img32__bs64__lr0.025__wd0.0003__archlr0.0006__eps25x3__20251218-175711/arch_probs_stage3_reduce_local.npy","296",".npy","PRESERVE_PRIVATE","Large checkpoint, numerical intermediate, or detailed historical execution log.","Keep outside Git; publish only compact provenance summaries.","",""
"PDARTS/output/search_runs/Batch/64/ISIC_search__ISIC2019__n6__seed0__img32__bs64__lr0.025__wd0.0003__archlr0.0006__eps25x3__20251218-175711/final_ops_normal.csv","212",".csv","EXTRACT_CANONICAL_RESULT","Compact genotype or metric artifact potentially relevant to the scientific record.","Reconcile with the manuscript before publishing a normalized result record.","",""
"PDARTS/output/search_runs/Batch/64/ISIC_search__ISIC2019__n6__seed0__img32__bs64__lr0.025__wd0.0003__archlr0.0006__eps25x3__20251218-175711/final_ops_reduce.csv","212",".csv","EXTRACT_CANONICAL_RESULT","Compact genotype or metric artifact potentially relevant to the scientific record.","Reconcile with the manuscript before publishing a normalized result record.","",""
"PDARTS/output/search_runs/Batch/64/ISIC_search__ISIC2019__n6__seed0__img32__bs64__lr0.025__wd0.0003__archlr0.0006__eps25x3__20251218-175711/final_switches_normal.json","273",".json","EXTRACT_CANONICAL_RESULT","Compact genotype or metric artifact potentially relevant to the scientific record.","Reconcile with the manuscript before publishing a normalized result record.","",""
"PDARTS/output/search_runs/Batch/64/ISIC_search__ISIC2019__n6__seed0__img32__bs64__lr0.025__wd0.0003__archlr0.0006__eps25x3__20251218-175711/final_switches_reduce.json","273",".json","EXTRACT_CANONICAL_RESULT","Compact genotype or metric artifact potentially relevant to the scientific record.","Reconcile with the manuscript before publishing a normalized result record.","",""
"PDARTS/output/search_runs/Batch/64/ISIC_search__ISIC2019__n6__seed0__img32__bs64__lr0.025__wd0.0003__archlr0.0006__eps25x3__20251218-175711/genotype.json","1153",".json","EXTRACT_CANONICAL_RESULT","Compact genotype or metric artifact potentially relevant to the scientific record.","Reconcile with the manuscript before publishing a normalized result record.","",""
"PDARTS/output/search_runs/Batch/64/ISIC_search__ISIC2019__n6__seed0__img32__bs64__lr0.025__wd0.0003__archlr0.0006__eps25x3__20251218-175711/genotype.txt","418",".txt","EXTRACT_CANONICAL_RESULT","Compact genotype or metric artifact potentially relevant to the scientific record.","Reconcile with the manuscript before publishing a normalized result record.","",""
"PDARTS/output/search_runs/Batch/64/ISIC_search__ISIC2019__n6__seed0__img32__bs64__lr0.025__wd0.0003__archlr0.0006__eps25x3__20251218-175711/run_args.json","1310",".json","PRESERVE_PRIVATE","Historical experiment artifact, ledger, prediction record, or generated output.","Retain privately until canonical-result reconciliation.","",""
"PDARTS/output/search_runs/Batch/64/ISIC_search__ISIC2019__n6__seed0__img32__bs64__lr0.025__wd0.0003__archlr0.0006__eps25x3__20251218-175711/search.log","50777",".log","PRESERVE_PRIVATE","Large checkpoint, numerical intermediate, or detailed historical execution log.","Keep outside Git; publish only compact provenance summaries.","",""
"PDARTS/output/search_runs/Batch/64/ISIC_search__ISIC2019__n6__seed0__img32__bs64__lr0.025__wd0.0003__archlr0.0006__eps25x3__20251218-175711/stage1_switches_normal.json","923",".json","PRESERVE_PRIVATE","Historical experiment artifact, ledger, prediction record, or generated output.","Retain privately until canonical-result reconciliation.","",""
"PDARTS/output/search_runs/Batch/64/ISIC_search__ISIC2019__n6__seed0__img32__bs64__lr0.025__wd0.0003__archlr0.0006__eps25x3__20251218-175711/stage1_switches_reduce.json","923",".json","PRESERVE_PRIVATE","Historical experiment artifact, ledger, prediction record, or generated output.","Retain privately until canonical-result reconciliation.","",""
"PDARTS/output/search_runs/Batch/64/ISIC_search__ISIC2019__n6__seed0__img32__bs64__lr0.025__wd0.0003__archlr0.0006__eps25x3__20251218-175711/stage1_weights.pt","3058211",".pt","PRESERVE_PRIVATE","Large checkpoint, numerical intermediate, or detailed historical execution log.","Keep outside Git; publish only compact provenance summaries.","",""
"PDARTS/output/search_runs/Batch/64/ISIC_search__ISIC2019__n6__seed0__img32__bs64__lr0.025__wd0.0003__archlr0.0006__eps25x3__20251218-175711/stage2_switches_normal.json","643",".json","PRESERVE_PRIVATE","Historical experiment artifact, ledger, prediction record, or generated output.","Retain privately until canonical-result reconciliation.","",""
"PDARTS/output/search_runs/Batch/64/ISIC_search__ISIC2019__n6__seed0__img32__bs64__lr0.025__wd0.0003__archlr0.0006__eps25x3__20251218-175711/stage2_switches_reduce.json","643",".json","PRESERVE_PRIVATE","Historical experiment artifact, ledger, prediction record, or generated output.","Retain privately until canonical-result reconciliation.","",""
"PDARTS/output/search_runs/Batch/64/ISIC_search__ISIC2019__n6__seed0__img32__bs64__lr0.025__wd0.0003__archlr0.0006__eps25x3__20251218-175711/stage2_weights.pt","3493361",".pt","PRESERVE_PRIVATE","Large checkpoint, numerical intermediate, or detailed historical execution log.","Keep outside Git; publish only compact provenance summaries.","",""
"PDARTS/output/search_runs/Batch/64/ISIC_search__ISIC2019__n6__seed0__img32__bs64__lr0.025__wd0.0003__archlr0.0006__eps25x3__20251218-175711/stage3_switches_normal.json","363",".json","PRESERVE_PRIVATE","Historical experiment artifact, ledger, prediction record, or generated output.","Retain privately until canonical-result reconciliation.","",""
"PDARTS/output/search_runs/Batch/64/ISIC_search__ISIC2019__n6__seed0__img32__bs64__lr0.025__wd0.0003__archlr0.0006__eps25x3__20251218-175711/stage3_switches_reduce.json","363",".json","PRESERVE_PRIVATE","Historical experiment artifact, ledger, prediction record, or generated output.","Retain privately until canonical-result reconciliation.","",""
"PDARTS/output/search_runs/Batch/64/ISIC_search__ISIC2019__n6__seed0__img32__bs64__lr0.025__wd0.0003__archlr0.0006__eps25x3__20251218-175711/stage3_weights.pt","2452365",".pt","PRESERVE_PRIVATE","Large checkpoint, numerical intermediate, or detailed historical execution log.","Keep outside Git; publish only compact provenance summaries.","",""
"PDARTS/output/search_runs/Batch/64/ISIC_search__ISIC2019__n6__seed1__img32__bs64__lr0.025__wd0.0003__archlr0.0006__eps25x3__20251218-190910/arch_probs_final_normal.npy","576",".npy","PRESERVE_PRIVATE","Large checkpoint, numerical intermediate, or detailed historical execution log.","Keep outside Git; publish only compact provenance summaries.","",""
"PDARTS/output/search_runs/Batch/64/ISIC_search__ISIC2019__n6__seed1__img32__bs64__lr0.025__wd0.0003__archlr0.0006__eps25x3__20251218-190910/arch_probs_final_reduce.npy","576",".npy","PRESERVE_PRIVATE","Large checkpoint, numerical intermediate, or detailed historical execution log.","Keep outside Git; publish only compact provenance summaries.","",""
"PDARTS/output/search_runs/Batch/64/ISIC_search__ISIC2019__n6__seed1__img32__bs64__lr0.025__wd0.0003__archlr0.0006__eps25x3__20251218-190910/arch_probs_stage1_normal_global.npy","576",".npy","PRESERVE_PRIVATE","Large checkpoint, numerical intermediate, or detailed historical execution log.","Keep outside Git; publish only compact provenance summaries.","",""
"PDARTS/output/search_runs/Batch/64/ISIC_search__ISIC2019__n6__seed1__img32__bs64__lr0.025__wd0.0003__archlr0.0006__eps25x3__20251218-190910/arch_probs_stage1_normal_local.npy","576",".npy","PRESERVE_PRIVATE","Large checkpoint, numerical intermediate, or detailed historical execution log.","Keep outside Git; publish only compact provenance summaries.","",""
"PDARTS/output/search_runs/Batch/64/ISIC_search__ISIC2019__n6__seed1__img32__bs64__lr0.025__wd0.0003__archlr0.0006__eps25x3__20251218-190910/arch_probs_stage1_reduce_global.npy","576",".npy","PRESERVE_PRIVATE","Large checkpoint, numerical intermediate, or detailed historical execution log.","Keep outside Git; publish only compact provenance summaries.","",""
"PDARTS/output/search_runs/Batch/64/ISIC_search__ISIC2019__n6__seed1__img32__bs64__lr0.025__wd0.0003__archlr0.0006__eps25x3__20251218-190910/arch_probs_stage1_reduce_local.npy","576",".npy","PRESERVE_PRIVATE","Large checkpoint, numerical intermediate, or detailed historical execution log.","Keep outside Git; publish only compact provenance summaries.","",""
"PDARTS/output/search_runs/Batch/64/ISIC_search__ISIC2019__n6__seed1__img32__bs64__lr0.025__wd0.0003__archlr0.0006__eps25x3__20251218-190910/arch_probs_stage2_normal_global.npy","576",".npy","PRESERVE_PRIVATE","Large checkpoint, numerical intermediate, or detailed historical execution log.","Keep outside Git; publish only compact provenance summaries.","",""
"PDARTS/output/search_runs/Batch/64/ISIC_search__ISIC2019__n6__seed1__img32__bs64__lr0.025__wd0.0003__archlr0.0006__eps25x3__20251218-190910/arch_probs_stage2_normal_local.npy","408",".npy","PRESERVE_PRIVATE","Large checkpoint, numerical intermediate, or detailed historical execution log.","Keep outside Git; publish only compact provenance summaries.","",""
"PDARTS/output/search_runs/Batch/64/ISIC_search__ISIC2019__n6__seed1__img32__bs64__lr0.025__wd0.0003__archlr0.0006__eps25x3__20251218-190910/arch_probs_stage2_reduce_global.npy","576",".npy","PRESERVE_PRIVATE","Large checkpoint, numerical intermediate, or detailed historical execution log.","Keep outside Git; publish only compact provenance summaries.","",""
"PDARTS/output/search_runs/Batch/64/ISIC_search__ISIC2019__n6__seed1__img32__bs64__lr0.025__wd0.0003__archlr0.0006__eps25x3__20251218-190910/arch_probs_stage2_reduce_local.npy","408",".npy","PRESERVE_PRIVATE","Large checkpoint, numerical intermediate, or detailed historical execution log.","Keep outside Git; publish only compact provenance summaries.","",""
"PDARTS/output/search_runs/Batch/64/ISIC_search__ISIC2019__n6__seed1__img32__bs64__lr0.025__wd0.0003__archlr0.0006__eps25x3__20251218-190910/arch_probs_stage3_normal_global.npy","576",".npy","PRESERVE_PRIVATE","Large checkpoint, numerical intermediate, or detailed historical execution log.","Keep outside Git; publish only compact provenance summaries.","",""
"PDARTS/output/search_runs/Batch/64/ISIC_search__ISIC2019__n6__seed1__img32__bs64__lr0.025__wd0.0003__archlr0.0006__eps25x3__20251218-190910/arch_probs_stage3_normal_local.npy","296",".npy","PRESERVE_PRIVATE","Large checkpoint, numerical intermediate, or detailed historical execution log.","Keep outside Git; publish only compact provenance summaries.","",""
"PDARTS/output/search_runs/Batch/64/ISIC_search__ISIC2019__n6__seed1__img32__bs64__lr0.025__wd0.0003__archlr0.0006__eps25x3__20251218-190910/arch_probs_stage3_reduce_global.npy","576",".npy","PRESERVE_PRIVATE","Large checkpoint, numerical intermediate, or detailed historical execution log.","Keep outside Git; publish only compact provenance summaries.","",""
"PDARTS/output/search_runs/Batch/64/ISIC_search__ISIC2019__n6__seed1__img32__bs64__lr0.025__wd0.0003__archlr0.0006__eps25x3__20251218-190910/arch_probs_stage3_reduce_local.npy","296",".npy","PRESERVE_PRIVATE","Large checkpoint, numerical intermediate, or detailed historical execution log.","Keep outside Git; publish only compact provenance summaries.","",""
"PDARTS/output/search_runs/Batch/64/ISIC_search__ISIC2019__n6__seed1__img32__bs64__lr0.025__wd0.0003__archlr0.0006__eps25x3__20251218-190910/final_ops_normal.csv","212",".csv","EXTRACT_CANONICAL_RESULT","Compact genotype or metric artifact potentially relevant to the scientific record.","Reconcile with the manuscript before publishing a normalized result record.","",""
"PDARTS/output/search_runs/Batch/64/ISIC_search__ISIC2019__n6__seed1__img32__bs64__lr0.025__wd0.0003__archlr0.0006__eps25x3__20251218-190910/final_ops_reduce.csv","212",".csv","EXTRACT_CANONICAL_RESULT","Compact genotype or metric artifact potentially relevant to the scientific record.","Reconcile with the manuscript before publishing a normalized result record.","",""
"PDARTS/output/search_runs/Batch/64/ISIC_search__ISIC2019__n6__seed1__img32__bs64__lr0.025__wd0.0003__archlr0.0006__eps25x3__20251218-190910/final_switches_normal.json","273",".json","EXTRACT_CANONICAL_RESULT","Compact genotype or metric artifact potentially relevant to the scientific record.","Reconcile with the manuscript before publishing a normalized result record.","",""
"PDARTS/output/search_runs/Batch/64/ISIC_search__ISIC2019__n6__seed1__img32__bs64__lr0.025__wd0.0003__archlr0.0006__eps25x3__20251218-190910/final_switches_reduce.json","273",".json","EXTRACT_CANONICAL_RESULT","Compact genotype or metric artifact potentially relevant to the scientific record.","Reconcile with the manuscript before publishing a normalized result record.","",""
"PDARTS/output/search_runs/Batch/64/ISIC_search__ISIC2019__n6__seed1__img32__bs64__lr0.025__wd0.0003__archlr0.0006__eps25x3__20251218-190910/genotype.json","1153",".json","EXTRACT_CANONICAL_RESULT","Compact genotype or metric artifact potentially relevant to the scientific record.","Reconcile with the manuscript before publishing a normalized result record.","",""
"PDARTS/output/search_runs/Batch/64/ISIC_search__ISIC2019__n6__seed1__img32__bs64__lr0.025__wd0.0003__archlr0.0006__eps25x3__20251218-190910/genotype.txt","418",".txt","EXTRACT_CANONICAL_RESULT","Compact genotype or metric artifact potentially relevant to the scientific record.","Reconcile with the manuscript before publishing a normalized result record.","",""
"PDARTS/output/search_runs/Batch/64/ISIC_search__ISIC2019__n6__seed1__img32__bs64__lr0.025__wd0.0003__archlr0.0006__eps25x3__20251218-190910/run_args.json","1310",".json","PRESERVE_PRIVATE","Historical experiment artifact, ledger, prediction record, or generated output.","Retain privately until canonical-result reconciliation.","",""
"PDARTS/output/search_runs/Batch/64/ISIC_search__ISIC2019__n6__seed1__img32__bs64__lr0.025__wd0.0003__archlr0.0006__eps25x3__20251218-190910/search.log","50711",".log","PRESERVE_PRIVATE","Large checkpoint, numerical intermediate, or detailed historical execution log.","Keep outside Git; publish only compact provenance summaries.","",""
"PDARTS/output/search_runs/Batch/64/ISIC_search__ISIC2019__n6__seed1__img32__bs64__lr0.025__wd0.0003__archlr0.0006__eps25x3__20251218-190910/stage1_switches_normal.json","923",".json","PRESERVE_PRIVATE","Historical experiment artifact, ledger, prediction record, or generated output.","Retain privately until canonical-result reconciliation.","",""
"PDARTS/output/search_runs/Batch/64/ISIC_search__ISIC2019__n6__seed1__img32__bs64__lr0.025__wd0.0003__archlr0.0006__eps25x3__20251218-190910/stage1_switches_reduce.json","923",".json","PRESERVE_PRIVATE","Historical experiment artifact, ledger, prediction record, or generated output.","Retain privately until canonical-result reconciliation.","",""
"PDARTS/output/search_runs/Batch/64/ISIC_search__ISIC2019__n6__seed1__img32__bs64__lr0.025__wd0.0003__archlr0.0006__eps25x3__20251218-190910/stage1_weights.pt","3058211",".pt","PRESERVE_PRIVATE","Large checkpoint, numerical intermediate, or detailed historical execution log.","Keep outside Git; publish only compact provenance summaries.","",""
"PDARTS/output/search_runs/Batch/64/ISIC_search__ISIC2019__n6__seed1__img32__bs64__lr0.025__wd0.0003__archlr0.0006__eps25x3__20251218-190910/stage2_switches_normal.json","643",".json","PRESERVE_PRIVATE","Historical experiment artifact, ledger, prediction record, or generated output.","Retain privately until canonical-result reconciliation.","",""
"PDARTS/output/search_runs/Batch/64/ISIC_search__ISIC2019__n6__seed1__img32__bs64__lr0.025__wd0.0003__archlr0.0006__eps25x3__20251218-190910/stage2_switches_reduce.json","643",".json","PRESERVE_PRIVATE","Historical experiment artifact, ledger, prediction record, or generated output.","Retain privately until canonical-result reconciliation.","",""
"PDARTS/output/search_runs/Batch/64/ISIC_search__ISIC2019__n6__seed1__img32__bs64__lr0.025__wd0.0003__archlr0.0006__eps25x3__20251218-190910/stage2_weights.pt","3296917",".pt","PRESERVE_PRIVATE","Large checkpoint, numerical intermediate, or detailed historical execution log.","Keep outside Git; publish only compact provenance summaries.","",""
"PDARTS/output/search_runs/Batch/64/ISIC_search__ISIC2019__n6__seed1__img32__bs64__lr0.025__wd0.0003__archlr0.0006__eps25x3__20251218-190910/stage3_switches_normal.json","363",".json","PRESERVE_PRIVATE","Historical experiment artifact, ledger, prediction record, or generated output.","Retain privately until canonical-result reconciliation.","",""
"PDARTS/output/search_runs/Batch/64/ISIC_search__ISIC2019__n6__seed1__img32__bs64__lr0.025__wd0.0003__archlr0.0006__eps25x3__20251218-190910/stage3_switches_reduce.json","363",".json","PRESERVE_PRIVATE","Historical experiment artifact, ledger, prediction record, or generated output.","Retain privately until canonical-result reconciliation.","",""
"PDARTS/output/search_runs/Batch/64/ISIC_search__ISIC2019__n6__seed1__img32__bs64__lr0.025__wd0.0003__archlr0.0006__eps25x3__20251218-190910/stage3_weights.pt","2158797",".pt","PRESERVE_PRIVATE","Large checkpoint, numerical intermediate, or detailed historical execution log.","Keep outside Git; publish only compact provenance summaries.","",""
"PDARTS/output/search_runs/Batch/64/ISIC_search__ISIC2019__n6__seed2__img32__bs64__lr0.025__wd0.0003__archlr0.0006__eps25x3__20251218-202032/arch_probs_final_normal.npy","576",".npy","PRESERVE_PRIVATE","Large checkpoint, numerical intermediate, or detailed historical execution log.","Keep outside Git; publish only compact provenance summaries.","",""
"PDARTS/output/search_runs/Batch/64/ISIC_search__ISIC2019__n6__seed2__img32__bs64__lr0.025__wd0.0003__archlr0.0006__eps25x3__20251218-202032/arch_probs_final_reduce.npy","576",".npy","PRESERVE_PRIVATE","Large checkpoint, numerical intermediate, or detailed historical execution log.","Keep outside Git; publish only compact provenance summaries.","",""
"PDARTS/output/search_runs/Batch/64/ISIC_search__ISIC2019__n6__seed2__img32__bs64__lr0.025__wd0.0003__archlr0.0006__eps25x3__20251218-202032/arch_probs_stage1_normal_global.npy","576",".npy","PRESERVE_PRIVATE","Large checkpoint, numerical intermediate, or detailed historical execution log.","Keep outside Git; publish only compact provenance summaries.","",""
"PDARTS/output/search_runs/Batch/64/ISIC_search__ISIC2019__n6__seed2__img32__bs64__lr0.025__wd0.0003__archlr0.0006__eps25x3__20251218-202032/arch_probs_stage1_normal_local.npy","576",".npy","PRESERVE_PRIVATE","Large checkpoint, numerical intermediate, or detailed historical execution log.","Keep outside Git; publish only compact provenance summaries.","",""
"PDARTS/output/search_runs/Batch/64/ISIC_search__ISIC2019__n6__seed2__img32__bs64__lr0.025__wd0.0003__archlr0.0006__eps25x3__20251218-202032/arch_probs_stage1_reduce_global.npy","576",".npy","PRESERVE_PRIVATE","Large checkpoint, numerical intermediate, or detailed historical execution log.","Keep outside Git; publish only compact provenance summaries.","",""
"PDARTS/output/search_runs/Batch/64/ISIC_search__ISIC2019__n6__seed2__img32__bs64__lr0.025__wd0.0003__archlr0.0006__eps25x3__20251218-202032/arch_probs_stage1_reduce_local.npy","576",".npy","PRESERVE_PRIVATE","Large checkpoint, numerical intermediate, or detailed historical execution log.","Keep outside Git; publish only compact provenance summaries.","",""
"PDARTS/output/search_runs/Batch/64/ISIC_search__ISIC2019__n6__seed2__img32__bs64__lr0.025__wd0.0003__archlr0.0006__eps25x3__20251218-202032/arch_probs_stage2_normal_global.npy","576",".npy","PRESERVE_PRIVATE","Large checkpoint, numerical intermediate, or detailed historical execution log.","Keep outside Git; publish only compact provenance summaries.","",""
"PDARTS/output/search_runs/Batch/64/ISIC_search__ISIC2019__n6__seed2__img32__bs64__lr0.025__wd0.0003__archlr0.0006__eps25x3__20251218-202032/arch_probs_stage2_normal_local.npy","408",".npy","PRESERVE_PRIVATE","Large checkpoint, numerical intermediate, or detailed historical execution log.","Keep outside Git; publish only compact provenance summaries.","",""
"PDARTS/output/search_runs/Batch/64/ISIC_search__ISIC2019__n6__seed2__img32__bs64__lr0.025__wd0.0003__archlr0.0006__eps25x3__20251218-202032/arch_probs_stage2_reduce_global.npy","576",".npy","PRESERVE_PRIVATE","Large checkpoint, numerical intermediate, or detailed historical execution log.","Keep outside Git; publish only compact provenance summaries.","",""
"PDARTS/output/search_runs/Batch/64/ISIC_search__ISIC2019__n6__seed2__img32__bs64__lr0.025__wd0.0003__archlr0.0006__eps25x3__20251218-202032/arch_probs_stage2_reduce_local.npy","408",".npy","PRESERVE_PRIVATE","Large checkpoint, numerical intermediate, or detailed historical execution log.","Keep outside Git; publish only compact provenance summaries.","",""
"PDARTS/output/search_runs/Batch/64/ISIC_search__ISIC2019__n6__seed2__img32__bs64__lr0.025__wd0.0003__archlr0.0006__eps25x3__20251218-202032/arch_probs_stage3_normal_global.npy","576",".npy","PRESERVE_PRIVATE","Large checkpoint, numerical intermediate, or detailed historical execution log.","Keep outside Git; publish only compact provenance summaries.","",""
"PDARTS/output/search_runs/Batch/64/ISIC_search__ISIC2019__n6__seed2__img32__bs64__lr0.025__wd0.0003__archlr0.0006__eps25x3__20251218-202032/arch_probs_stage3_normal_local.npy","296",".npy","PRESERVE_PRIVATE","Large checkpoint, numerical intermediate, or detailed historical execution log.","Keep outside Git; publish only compact provenance summaries.","",""
"PDARTS/output/search_runs/Batch/64/ISIC_search__ISIC2019__n6__seed2__img32__bs64__lr0.025__wd0.0003__archlr0.0006__eps25x3__20251218-202032/arch_probs_stage3_reduce_global.npy","576",".npy","PRESERVE_PRIVATE","Large checkpoint, numerical intermediate, or detailed historical execution log.","Keep outside Git; publish only compact provenance summaries.","",""
"PDARTS/output/search_runs/Batch/64/ISIC_search__ISIC2019__n6__seed2__img32__bs64__lr0.025__wd0.0003__archlr0.0006__eps25x3__20251218-202032/arch_probs_stage3_reduce_local.npy","296",".npy","PRESERVE_PRIVATE","Large checkpoint, numerical intermediate, or detailed historical execution log.","Keep outside Git; publish only compact provenance summaries.","",""
"PDARTS/output/search_runs/Batch/64/ISIC_search__ISIC2019__n6__seed2__img32__bs64__lr0.025__wd0.0003__archlr0.0006__eps25x3__20251218-202032/final_ops_normal.csv","212",".csv","EXTRACT_CANONICAL_RESULT","Compact genotype or metric artifact potentially relevant to the scientific record.","Reconcile with the manuscript before publishing a normalized result record.","",""
"PDARTS/output/search_runs/Batch/64/ISIC_search__ISIC2019__n6__seed2__img32__bs64__lr0.025__wd0.0003__archlr0.0006__eps25x3__20251218-202032/final_ops_reduce.csv","212",".csv","EXTRACT_CANONICAL_RESULT","Compact genotype or metric artifact potentially relevant to the scientific record.","Reconcile with the manuscript before publishing a normalized result record.","",""
"PDARTS/output/search_runs/Batch/64/ISIC_search__ISIC2019__n6__seed2__img32__bs64__lr0.025__wd0.0003__archlr0.0006__eps25x3__20251218-202032/final_switches_normal.json","273",".json","EXTRACT_CANONICAL_RESULT","Compact genotype or metric artifact potentially relevant to the scientific record.","Reconcile with the manuscript before publishing a normalized result record.","",""
"PDARTS/output/search_runs/Batch/64/ISIC_search__ISIC2019__n6__seed2__img32__bs64__lr0.025__wd0.0003__archlr0.0006__eps25x3__20251218-202032/final_switches_reduce.json","273",".json","EXTRACT_CANONICAL_RESULT","Compact genotype or metric artifact potentially relevant to the scientific record.","Reconcile with the manuscript before publishing a normalized result record.","",""
"PDARTS/output/search_runs/Batch/64/ISIC_search__ISIC2019__n6__seed2__img32__bs64__lr0.025__wd0.0003__archlr0.0006__eps25x3__20251218-202032/genotype.json","1153",".json","EXTRACT_CANONICAL_RESULT","Compact genotype or metric artifact potentially relevant to the scientific record.","Reconcile with the manuscript before publishing a normalized result record.","",""
"PDARTS/output/search_runs/Batch/64/ISIC_search__ISIC2019__n6__seed2__img32__bs64__lr0.025__wd0.0003__archlr0.0006__eps25x3__20251218-202032/genotype.txt","418",".txt","EXTRACT_CANONICAL_RESULT","Compact genotype or metric artifact potentially relevant to the scientific record.","Reconcile with the manuscript before publishing a normalized result record.","",""
"PDARTS/output/search_runs/Batch/64/ISIC_search__ISIC2019__n6__seed2__img32__bs64__lr0.025__wd0.0003__archlr0.0006__eps25x3__20251218-202032/run_args.json","1310",".json","PRESERVE_PRIVATE","Historical experiment artifact, ledger, prediction record, or generated output.","Retain privately until canonical-result reconciliation.","",""
"PDARTS/output/search_runs/Batch/64/ISIC_search__ISIC2019__n6__seed2__img32__bs64__lr0.025__wd0.0003__archlr0.0006__eps25x3__20251218-202032/search.log","50766",".log","PRESERVE_PRIVATE","Large checkpoint, numerical intermediate, or detailed historical execution log.","Keep outside Git; publish only compact provenance summaries.","",""
"PDARTS/output/search_runs/Batch/64/ISIC_search__ISIC2019__n6__seed2__img32__bs64__lr0.025__wd0.0003__archlr0.0006__eps25x3__20251218-202032/stage1_switches_normal.json","923",".json","PRESERVE_PRIVATE","Historical experiment artifact, ledger, prediction record, or generated output.","Retain privately until canonical-result reconciliation.","",""
"PDARTS/output/search_runs/Batch/64/ISIC_search__ISIC2019__n6__seed2__img32__bs64__lr0.025__wd0.0003__archlr0.0006__eps25x3__20251218-202032/stage1_switches_reduce.json","923",".json","PRESERVE_PRIVATE","Historical experiment artifact, ledger, prediction record, or generated output.","Retain privately until canonical-result reconciliation.","",""
"PDARTS/output/search_runs/Batch/64/ISIC_search__ISIC2019__n6__seed2__img32__bs64__lr0.025__wd0.0003__archlr0.0006__eps25x3__20251218-202032/stage1_weights.pt","3058211",".pt","PRESERVE_PRIVATE","Large checkpoint, numerical intermediate, or detailed historical execution log.","Keep outside Git; publish only compact provenance summaries.","",""
"PDARTS/output/search_runs/Batch/64/ISIC_search__ISIC2019__n6__seed2__img32__bs64__lr0.025__wd0.0003__archlr0.0006__eps25x3__20251218-202032/stage2_switches_normal.json","643",".json","PRESERVE_PRIVATE","Historical experiment artifact, ledger, prediction record, or generated output.","Retain privately until canonical-result reconciliation.","",""
"PDARTS/output/search_runs/Batch/64/ISIC_search__ISIC2019__n6__seed2__img32__bs64__lr0.025__wd0.0003__archlr0.0006__eps25x3__20251218-202032/stage2_switches_reduce.json","643",".json","PRESERVE_PRIVATE","Historical experiment artifact, ledger, prediction record, or generated output.","Retain privately until canonical-result reconciliation.","",""
"PDARTS/output/search_runs/Batch/64/ISIC_search__ISIC2019__n6__seed2__img32__bs64__lr0.025__wd0.0003__archlr0.0006__eps25x3__20251218-202032/stage2_weights.pt","3371469",".pt","PRESERVE_PRIVATE","Large checkpoint, numerical intermediate, or detailed historical execution log.","Keep outside Git; publish only compact provenance summaries.","",""
"PDARTS/output/search_runs/Batch/64/ISIC_search__ISIC2019__n6__seed2__img32__bs64__lr0.025__wd0.0003__archlr0.0006__eps25x3__20251218-202032/stage3_switches_normal.json","363",".json","PRESERVE_PRIVATE","Historical experiment artifact, ledger, prediction record, or generated output.","Retain privately until canonical-result reconciliation.","",""
"PDARTS/output/search_runs/Batch/64/ISIC_search__ISIC2019__n6__seed2__img32__bs64__lr0.025__wd0.0003__archlr0.0006__eps25x3__20251218-202032/stage3_switches_reduce.json","363",".json","PRESERVE_PRIVATE","Historical experiment artifact, ledger, prediction record, or generated output.","Retain privately until canonical-result reconciliation.","",""
"PDARTS/output/search_runs/Batch/64/ISIC_search__ISIC2019__n6__seed2__img32__bs64__lr0.025__wd0.0003__archlr0.0006__eps25x3__20251218-202032/stage3_weights.pt","2448117",".pt","PRESERVE_PRIVATE","Large checkpoint, numerical intermediate, or detailed historical execution log.","Keep outside Git; publish only compact provenance summaries.","",""
"PDARTS/output/search_runs/Batch/64/ISIC_search__ISIC2019__n8__seed0__img32__bs64__lr0.025__wd0.0003__archlr0.0006__eps25x3__20251218-213148/arch_probs_final_normal.npy","576",".npy","PRESERVE_PRIVATE","Large checkpoint, numerical intermediate, or detailed historical execution log.","Keep outside Git; publish only compact provenance summaries.","",""
"PDARTS/output/search_runs/Batch/64/ISIC_search__ISIC2019__n8__seed0__img32__bs64__lr0.025__wd0.0003__archlr0.0006__eps25x3__20251218-213148/arch_probs_final_reduce.npy","576",".npy","PRESERVE_PRIVATE","Large checkpoint, numerical intermediate, or detailed historical execution log.","Keep outside Git; publish only compact provenance summaries.","",""
"PDARTS/output/search_runs/Batch/64/ISIC_search__ISIC2019__n8__seed0__img32__bs64__lr0.025__wd0.0003__archlr0.0006__eps25x3__20251218-213148/arch_probs_stage1_normal_global.npy","576",".npy","PRESERVE_PRIVATE","Large checkpoint, numerical intermediate, or detailed historical execution log.","Keep outside Git; publish only compact provenance summaries.","",""
"PDARTS/output/search_runs/Batch/64/ISIC_search__ISIC2019__n8__seed0__img32__bs64__lr0.025__wd0.0003__archlr0.0006__eps25x3__20251218-213148/arch_probs_stage1_normal_local.npy","576",".npy","PRESERVE_PRIVATE","Large checkpoint, numerical intermediate, or detailed historical execution log.","Keep outside Git; publish only compact provenance summaries.","",""
"PDARTS/output/search_runs/Batch/64/ISIC_search__ISIC2019__n8__seed0__img32__bs64__lr0.025__wd0.0003__archlr0.0006__eps25x3__20251218-213148/arch_probs_stage1_reduce_global.npy","576",".npy","PRESERVE_PRIVATE","Large checkpoint, numerical intermediate, or detailed historical execution log.","Keep outside Git; publish only compact provenance summaries.","",""
"PDARTS/output/search_runs/Batch/64/ISIC_search__ISIC2019__n8__seed0__img32__bs64__lr0.025__wd0.0003__archlr0.0006__eps25x3__20251218-213148/arch_probs_stage1_reduce_local.npy","576",".npy","PRESERVE_PRIVATE","Large checkpoint, numerical intermediate, or detailed historical execution log.","Keep outside Git; publish only compact provenance summaries.","",""
"PDARTS/output/search_runs/Batch/64/ISIC_search__ISIC2019__n8__seed0__img32__bs64__lr0.025__wd0.0003__archlr0.0006__eps25x3__20251218-213148/arch_probs_stage2_normal_global.npy","576",".npy","PRESERVE_PRIVATE","Large checkpoint, numerical intermediate, or detailed historical execution log.","Keep outside Git; publish only compact provenance summaries.","",""
"PDARTS/output/search_runs/Batch/64/ISIC_search__ISIC2019__n8__seed0__img32__bs64__lr0.025__wd0.0003__archlr0.0006__eps25x3__20251218-213148/arch_probs_stage2_normal_local.npy","408",".npy","PRESERVE_PRIVATE","Large checkpoint, numerical intermediate, or detailed historical execution log.","Keep outside Git; publish only compact provenance summaries.","",""
"PDARTS/output/search_runs/Batch/64/ISIC_search__ISIC2019__n8__seed0__img32__bs64__lr0.025__wd0.0003__archlr0.0006__eps25x3__20251218-213148/arch_probs_stage2_reduce_global.npy","576",".npy","PRESERVE_PRIVATE","Large checkpoint, numerical intermediate, or detailed historical execution log.","Keep outside Git; publish only compact provenance summaries.","",""
"PDARTS/output/search_runs/Batch/64/ISIC_search__ISIC2019__n8__seed0__img32__bs64__lr0.025__wd0.0003__archlr0.0006__eps25x3__20251218-213148/arch_probs_stage2_reduce_local.npy","408",".npy","PRESERVE_PRIVATE","Large checkpoint, numerical intermediate, or detailed historical execution log.","Keep outside Git; publish only compact provenance summaries.","",""
"PDARTS/output/search_runs/Batch/64/ISIC_search__ISIC2019__n8__seed0__img32__bs64__lr0.025__wd0.0003__archlr0.0006__eps25x3__20251218-213148/arch_probs_stage3_normal_global.npy","576",".npy","PRESERVE_PRIVATE","Large checkpoint, numerical intermediate, or detailed historical execution log.","Keep outside Git; publish only compact provenance summaries.","",""
"PDARTS/output/search_runs/Batch/64/ISIC_search__ISIC2019__n8__seed0__img32__bs64__lr0.025__wd0.0003__archlr0.0006__eps25x3__20251218-213148/arch_probs_stage3_normal_local.npy","296",".npy","PRESERVE_PRIVATE","Large checkpoint, numerical intermediate, or detailed historical execution log.","Keep outside Git; publish only compact provenance summaries.","",""
"PDARTS/output/search_runs/Batch/64/ISIC_search__ISIC2019__n8__seed0__img32__bs64__lr0.025__wd0.0003__archlr0.0006__eps25x3__20251218-213148/arch_probs_stage3_reduce_global.npy","576",".npy","PRESERVE_PRIVATE","Large checkpoint, numerical intermediate, or detailed historical execution log.","Keep outside Git; publish only compact provenance summaries.","",""
"PDARTS/output/search_runs/Batch/64/ISIC_search__ISIC2019__n8__seed0__img32__bs64__lr0.025__wd0.0003__archlr0.0006__eps25x3__20251218-213148/arch_probs_stage3_reduce_local.npy","296",".npy","PRESERVE_PRIVATE","Large checkpoint, numerical intermediate, or detailed historical execution log.","Keep outside Git; publish only compact provenance summaries.","",""
"PDARTS/output/search_runs/Batch/64/ISIC_search__ISIC2019__n8__seed0__img32__bs64__lr0.025__wd0.0003__archlr0.0006__eps25x3__20251218-213148/final_ops_normal.csv","212",".csv","EXTRACT_CANONICAL_RESULT","Compact genotype or metric artifact potentially relevant to the scientific record.","Reconcile with the manuscript before publishing a normalized result record.","",""
"PDARTS/output/search_runs/Batch/64/ISIC_search__ISIC2019__n8__seed0__img32__bs64__lr0.025__wd0.0003__archlr0.0006__eps25x3__20251218-213148/final_ops_reduce.csv","212",".csv","EXTRACT_CANONICAL_RESULT","Compact genotype or metric artifact potentially relevant to the scientific record.","Reconcile with the manuscript before publishing a normalized result record.","",""
"PDARTS/output/search_runs/Batch/64/ISIC_search__ISIC2019__n8__seed0__img32__bs64__lr0.025__wd0.0003__archlr0.0006__eps25x3__20251218-213148/final_switches_normal.json","273",".json","EXTRACT_CANONICAL_RESULT","Compact genotype or metric artifact potentially relevant to the scientific record.","Reconcile with the manuscript before publishing a normalized result record.","",""
"PDARTS/output/search_runs/Batch/64/ISIC_search__ISIC2019__n8__seed0__img32__bs64__lr0.025__wd0.0003__archlr0.0006__eps25x3__20251218-213148/final_switches_reduce.json","273",".json","EXTRACT_CANONICAL_RESULT","Compact genotype or metric artifact potentially relevant to the scientific record.","Reconcile with the manuscript before publishing a normalized result record.","",""
"PDARTS/output/search_runs/Batch/64/ISIC_search__ISIC2019__n8__seed0__img32__bs64__lr0.025__wd0.0003__archlr0.0006__eps25x3__20251218-213148/genotype.json","1153",".json","EXTRACT_CANONICAL_RESULT","Compact genotype or metric artifact potentially relevant to the scientific record.","Reconcile with the manuscript before publishing a normalized result record.","",""
"PDARTS/output/search_runs/Batch/64/ISIC_search__ISIC2019__n8__seed0__img32__bs64__lr0.025__wd0.0003__archlr0.0006__eps25x3__20251218-213148/genotype.txt","418",".txt","EXTRACT_CANONICAL_RESULT","Compact genotype or metric artifact potentially relevant to the scientific record.","Reconcile with the manuscript before publishing a normalized result record.","",""
"PDARTS/output/search_runs/Batch/64/ISIC_search__ISIC2019__n8__seed0__img32__bs64__lr0.025__wd0.0003__archlr0.0006__eps25x3__20251218-213148/run_args.json","1310",".json","PRESERVE_PRIVATE","Historical experiment artifact, ledger, prediction record, or generated output.","Retain privately until canonical-result reconciliation.","",""
"PDARTS/output/search_runs/Batch/64/ISIC_search__ISIC2019__n8__seed0__img32__bs64__lr0.025__wd0.0003__archlr0.0006__eps25x3__20251218-213148/search.log","50696",".log","PRESERVE_PRIVATE","Large checkpoint, numerical intermediate, or detailed historical execution log.","Keep outside Git; publish only compact provenance summaries.","",""
"PDARTS/output/search_runs/Batch/64/ISIC_search__ISIC2019__n8__seed0__img32__bs64__lr0.025__wd0.0003__archlr0.0006__eps25x3__20251218-213148/stage1_switches_normal.json","923",".json","PRESERVE_PRIVATE","Historical experiment artifact, ledger, prediction record, or generated output.","Retain privately until canonical-result reconciliation.","",""
"PDARTS/output/search_runs/Batch/64/ISIC_search__ISIC2019__n8__seed0__img32__bs64__lr0.025__wd0.0003__archlr0.0006__eps25x3__20251218-213148/stage1_switches_reduce.json","923",".json","PRESERVE_PRIVATE","Historical experiment artifact, ledger, prediction record, or generated output.","Retain privately until canonical-result reconciliation.","",""
"PDARTS/output/search_runs/Batch/64/ISIC_search__ISIC2019__n8__seed0__img32__bs64__lr0.025__wd0.0003__archlr0.0006__eps25x3__20251218-213148/stage1_weights.pt","5588777",".pt","PRESERVE_PRIVATE","Large checkpoint, numerical intermediate, or detailed historical execution log.","Keep outside Git; publish only compact provenance summaries.","",""
"PDARTS/output/search_runs/Batch/64/ISIC_search__ISIC2019__n8__seed0__img32__bs64__lr0.025__wd0.0003__archlr0.0006__eps25x3__20251218-213148/stage2_switches_normal.json","643",".json","PRESERVE_PRIVATE","Historical experiment artifact, ledger, prediction record, or generated output.","Retain privately until canonical-result reconciliation.","",""
"PDARTS/output/search_runs/Batch/64/ISIC_search__ISIC2019__n8__seed0__img32__bs64__lr0.025__wd0.0003__archlr0.0006__eps25x3__20251218-213148/stage2_switches_reduce.json","643",".json","PRESERVE_PRIVATE","Historical experiment artifact, ledger, prediction record, or generated output.","Retain privately until canonical-result reconciliation.","",""
"PDARTS/output/search_runs/Batch/64/ISIC_search__ISIC2019__n8__seed0__img32__bs64__lr0.025__wd0.0003__archlr0.0006__eps25x3__20251218-213148/stage2_weights.pt","4863613",".pt","PRESERVE_PRIVATE","Large checkpoint, numerical intermediate, or detailed historical execution log.","Keep outside Git; publish only compact provenance summaries.","",""
"PDARTS/output/search_runs/Batch/64/ISIC_search__ISIC2019__n8__seed0__img32__bs64__lr0.025__wd0.0003__archlr0.0006__eps25x3__20251218-213148/stage3_switches_normal.json","363",".json","PRESERVE_PRIVATE","Historical experiment artifact, ledger, prediction record, or generated output.","Retain privately until canonical-result reconciliation.","",""
"PDARTS/output/search_runs/Batch/64/ISIC_search__ISIC2019__n8__seed0__img32__bs64__lr0.025__wd0.0003__archlr0.0006__eps25x3__20251218-213148/stage3_switches_reduce.json","363",".json","PRESERVE_PRIVATE","Historical experiment artifact, ledger, prediction record, or generated output.","Retain privately until canonical-result reconciliation.","",""
"PDARTS/output/search_runs/Batch/64/ISIC_search__ISIC2019__n8__seed0__img32__bs64__lr0.025__wd0.0003__archlr0.0006__eps25x3__20251218-213148/stage3_weights.pt","3793065",".pt","PRESERVE_PRIVATE","Large checkpoint, numerical intermediate, or detailed historical execution log.","Keep outside Git; publish only compact provenance summaries.","",""
"PDARTS/output/search_runs/Batch/64/ISIC_search__ISIC2019__n8__seed1__img32__bs64__lr0.025__wd0.0003__archlr0.0006__eps25x3__20251218-225818/arch_probs_final_normal.npy","576",".npy","PRESERVE_PRIVATE","Large checkpoint, numerical intermediate, or detailed historical execution log.","Keep outside Git; publish only compact provenance summaries.","",""
"PDARTS/output/search_runs/Batch/64/ISIC_search__ISIC2019__n8__seed1__img32__bs64__lr0.025__wd0.0003__archlr0.0006__eps25x3__20251218-225818/arch_probs_final_reduce.npy","576",".npy","PRESERVE_PRIVATE","Large checkpoint, numerical intermediate, or detailed historical execution log.","Keep outside Git; publish only compact provenance summaries.","",""
"PDARTS/output/search_runs/Batch/64/ISIC_search__ISIC2019__n8__seed1__img32__bs64__lr0.025__wd0.0003__archlr0.0006__eps25x3__20251218-225818/arch_probs_stage1_normal_global.npy","576",".npy","PRESERVE_PRIVATE","Large checkpoint, numerical intermediate, or detailed historical execution log.","Keep outside Git; publish only compact provenance summaries.","",""
"PDARTS/output/search_runs/Batch/64/ISIC_search__ISIC2019__n8__seed1__img32__bs64__lr0.025__wd0.0003__archlr0.0006__eps25x3__20251218-225818/arch_probs_stage1_normal_local.npy","576",".npy","PRESERVE_PRIVATE","Large checkpoint, numerical intermediate, or detailed historical execution log.","Keep outside Git; publish only compact provenance summaries.","",""
"PDARTS/output/search_runs/Batch/64/ISIC_search__ISIC2019__n8__seed1__img32__bs64__lr0.025__wd0.0003__archlr0.0006__eps25x3__20251218-225818/arch_probs_stage1_reduce_global.npy","576",".npy","PRESERVE_PRIVATE","Large checkpoint, numerical intermediate, or detailed historical execution log.","Keep outside Git; publish only compact provenance summaries.","",""
"PDARTS/output/search_runs/Batch/64/ISIC_search__ISIC2019__n8__seed1__img32__bs64__lr0.025__wd0.0003__archlr0.0006__eps25x3__20251218-225818/arch_probs_stage1_reduce_local.npy","576",".npy","PRESERVE_PRIVATE","Large checkpoint, numerical intermediate, or detailed historical execution log.","Keep outside Git; publish only compact provenance summaries.","",""
"PDARTS/output/search_runs/Batch/64/ISIC_search__ISIC2019__n8__seed1__img32__bs64__lr0.025__wd0.0003__archlr0.0006__eps25x3__20251218-225818/arch_probs_stage2_normal_global.npy","576",".npy","PRESERVE_PRIVATE","Large checkpoint, numerical intermediate, or detailed historical execution log.","Keep outside Git; publish only compact provenance summaries.","",""
"PDARTS/output/search_runs/Batch/64/ISIC_search__ISIC2019__n8__seed1__img32__bs64__lr0.025__wd0.0003__archlr0.0006__eps25x3__20251218-225818/arch_probs_stage2_normal_local.npy","408",".npy","PRESERVE_PRIVATE","Large checkpoint, numerical intermediate, or detailed historical execution log.","Keep outside Git; publish only compact provenance summaries.","",""
"PDARTS/output/search_runs/Batch/64/ISIC_search__ISIC2019__n8__seed1__img32__bs64__lr0.025__wd0.0003__archlr0.0006__eps25x3__20251218-225818/arch_probs_stage2_reduce_global.npy","576",".npy","PRESERVE_PRIVATE","Large checkpoint, numerical intermediate, or detailed historical execution log.","Keep outside Git; publish only compact provenance summaries.","",""
"PDARTS/output/search_runs/Batch/64/ISIC_search__ISIC2019__n8__seed1__img32__bs64__lr0.025__wd0.0003__archlr0.0006__eps25x3__20251218-225818/arch_probs_stage2_reduce_local.npy","408",".npy","PRESERVE_PRIVATE","Large checkpoint, numerical intermediate, or detailed historical execution log.","Keep outside Git; publish only compact provenance summaries.","",""
"PDARTS/output/search_runs/Batch/64/ISIC_search__ISIC2019__n8__seed1__img32__bs64__lr0.025__wd0.0003__archlr0.0006__eps25x3__20251218-225818/arch_probs_stage3_normal_global.npy","576",".npy","PRESERVE_PRIVATE","Large checkpoint, numerical intermediate, or detailed historical execution log.","Keep outside Git; publish only compact provenance summaries.","",""
"PDARTS/output/search_runs/Batch/64/ISIC_search__ISIC2019__n8__seed1__img32__bs64__lr0.025__wd0.0003__archlr0.0006__eps25x3__20251218-225818/arch_probs_stage3_normal_local.npy","296",".npy","PRESERVE_PRIVATE","Large checkpoint, numerical intermediate, or detailed historical execution log.","Keep outside Git; publish only compact provenance summaries.","",""
"PDARTS/output/search_runs/Batch/64/ISIC_search__ISIC2019__n8__seed1__img32__bs64__lr0.025__wd0.0003__archlr0.0006__eps25x3__20251218-225818/arch_probs_stage3_reduce_global.npy","576",".npy","PRESERVE_PRIVATE","Large checkpoint, numerical intermediate, or detailed historical execution log.","Keep outside Git; publish only compact provenance summaries.","",""
"PDARTS/output/search_runs/Batch/64/ISIC_search__ISIC2019__n8__seed1__img32__bs64__lr0.025__wd0.0003__archlr0.0006__eps25x3__20251218-225818/arch_probs_stage3_reduce_local.npy","296",".npy","PRESERVE_PRIVATE","Large checkpoint, numerical intermediate, or detailed historical execution log.","Keep outside Git; publish only compact provenance summaries.","",""
"PDARTS/output/search_runs/Batch/64/ISIC_search__ISIC2019__n8__seed1__img32__bs64__lr0.025__wd0.0003__archlr0.0006__eps25x3__20251218-225818/final_ops_normal.csv","212",".csv","EXTRACT_CANONICAL_RESULT","Compact genotype or metric artifact potentially relevant to the scientific record.","Reconcile with the manuscript before publishing a normalized result record.","",""
"PDARTS/output/search_runs/Batch/64/ISIC_search__ISIC2019__n8__seed1__img32__bs64__lr0.025__wd0.0003__archlr0.0006__eps25x3__20251218-225818/final_ops_reduce.csv","212",".csv","EXTRACT_CANONICAL_RESULT","Compact genotype or metric artifact potentially relevant to the scientific record.","Reconcile with the manuscript before publishing a normalized result record.","",""
"PDARTS/output/search_runs/Batch/64/ISIC_search__ISIC2019__n8__seed1__img32__bs64__lr0.025__wd0.0003__archlr0.0006__eps25x3__20251218-225818/final_switches_normal.json","273",".json","EXTRACT_CANONICAL_RESULT","Compact genotype or metric artifact potentially relevant to the scientific record.","Reconcile with the manuscript before publishing a normalized result record.","",""
"PDARTS/output/search_runs/Batch/64/ISIC_search__ISIC2019__n8__seed1__img32__bs64__lr0.025__wd0.0003__archlr0.0006__eps25x3__20251218-225818/final_switches_reduce.json","273",".json","EXTRACT_CANONICAL_RESULT","Compact genotype or metric artifact potentially relevant to the scientific record.","Reconcile with the manuscript before publishing a normalized result record.","",""
"PDARTS/output/search_runs/Batch/64/ISIC_search__ISIC2019__n8__seed1__img32__bs64__lr0.025__wd0.0003__archlr0.0006__eps25x3__20251218-225818/genotype.json","1153",".json","EXTRACT_CANONICAL_RESULT","Compact genotype or metric artifact potentially relevant to the scientific record.","Reconcile with the manuscript before publishing a normalized result record.","",""
"PDARTS/output/search_runs/Batch/64/ISIC_search__ISIC2019__n8__seed1__img32__bs64__lr0.025__wd0.0003__archlr0.0006__eps25x3__20251218-225818/genotype.txt","418",".txt","EXTRACT_CANONICAL_RESULT","Compact genotype or metric artifact potentially relevant to the scientific record.","Reconcile with the manuscript before publishing a normalized result record.","",""
"PDARTS/output/search_runs/Batch/64/ISIC_search__ISIC2019__n8__seed1__img32__bs64__lr0.025__wd0.0003__archlr0.0006__eps25x3__20251218-225818/run_args.json","1310",".json","PRESERVE_PRIVATE","Historical experiment artifact, ledger, prediction record, or generated output.","Retain privately until canonical-result reconciliation.","",""
"PDARTS/output/search_runs/Batch/64/ISIC_search__ISIC2019__n8__seed1__img32__bs64__lr0.025__wd0.0003__archlr0.0006__eps25x3__20251218-225818/search.log","50679",".log","PRESERVE_PRIVATE","Large checkpoint, numerical intermediate, or detailed historical execution log.","Keep outside Git; publish only compact provenance summaries.","",""
"PDARTS/output/search_runs/Batch/64/ISIC_search__ISIC2019__n8__seed1__img32__bs64__lr0.025__wd0.0003__archlr0.0006__eps25x3__20251218-225818/stage1_switches_normal.json","923",".json","PRESERVE_PRIVATE","Historical experiment artifact, ledger, prediction record, or generated output.","Retain privately until canonical-result reconciliation.","",""
"PDARTS/output/search_runs/Batch/64/ISIC_search__ISIC2019__n8__seed1__img32__bs64__lr0.025__wd0.0003__archlr0.0006__eps25x3__20251218-225818/stage1_switches_reduce.json","923",".json","PRESERVE_PRIVATE","Historical experiment artifact, ledger, prediction record, or generated output.","Retain privately until canonical-result reconciliation.","",""
"PDARTS/output/search_runs/Batch/64/ISIC_search__ISIC2019__n8__seed1__img32__bs64__lr0.025__wd0.0003__archlr0.0006__eps25x3__20251218-225818/stage1_weights.pt","5588777",".pt","PRESERVE_PRIVATE","Large checkpoint, numerical intermediate, or detailed historical execution log.","Keep outside Git; publish only compact provenance summaries.","",""
"PDARTS/output/search_runs/Batch/64/ISIC_search__ISIC2019__n8__seed1__img32__bs64__lr0.025__wd0.0003__archlr0.0006__eps25x3__20251218-225818/stage2_switches_normal.json","643",".json","PRESERVE_PRIVATE","Historical experiment artifact, ledger, prediction record, or generated output.","Retain privately until canonical-result reconciliation.","",""
"PDARTS/output/search_runs/Batch/64/ISIC_search__ISIC2019__n8__seed1__img32__bs64__lr0.025__wd0.0003__archlr0.0006__eps25x3__20251218-225818/stage2_switches_reduce.json","643",".json","PRESERVE_PRIVATE","Historical experiment artifact, ledger, prediction record, or generated output.","Retain privately until canonical-result reconciliation.","",""
"PDARTS/output/search_runs/Batch/64/ISIC_search__ISIC2019__n8__seed1__img32__bs64__lr0.025__wd0.0003__archlr0.0006__eps25x3__20251218-225818/stage2_weights.pt","4455097",".pt","PRESERVE_PRIVATE","Large checkpoint, numerical intermediate, or detailed historical execution log.","Keep outside Git; publish only compact provenance summaries.","",""
"PDARTS/output/search_runs/Batch/64/ISIC_search__ISIC2019__n8__seed1__img32__bs64__lr0.025__wd0.0003__archlr0.0006__eps25x3__20251218-225818/stage3_switches_normal.json","363",".json","PRESERVE_PRIVATE","Historical experiment artifact, ledger, prediction record, or generated output.","Retain privately until canonical-result reconciliation.","",""
"PDARTS/output/search_runs/Batch/64/ISIC_search__ISIC2019__n8__seed1__img32__bs64__lr0.025__wd0.0003__archlr0.0006__eps25x3__20251218-225818/stage3_switches_reduce.json","363",".json","PRESERVE_PRIVATE","Historical experiment artifact, ledger, prediction record, or generated output.","Retain privately until canonical-result reconciliation.","",""
"PDARTS/output/search_runs/Batch/64/ISIC_search__ISIC2019__n8__seed1__img32__bs64__lr0.025__wd0.0003__archlr0.0006__eps25x3__20251218-225818/stage3_weights.pt","3355753",".pt","PRESERVE_PRIVATE","Large checkpoint, numerical intermediate, or detailed historical execution log.","Keep outside Git; publish only compact provenance summaries.","",""
"PDARTS/output/search_runs/Batch/64/ISIC_search__ISIC2019__n8__seed2__img32__bs64__lr0.025__wd0.0003__archlr0.0006__eps25x3__20251219-002257/arch_probs_final_normal.npy","576",".npy","PRESERVE_PRIVATE","Large checkpoint, numerical intermediate, or detailed historical execution log.","Keep outside Git; publish only compact provenance summaries.","",""
"PDARTS/output/search_runs/Batch/64/ISIC_search__ISIC2019__n8__seed2__img32__bs64__lr0.025__wd0.0003__archlr0.0006__eps25x3__20251219-002257/arch_probs_final_reduce.npy","576",".npy","PRESERVE_PRIVATE","Large checkpoint, numerical intermediate, or detailed historical execution log.","Keep outside Git; publish only compact provenance summaries.","",""
"PDARTS/output/search_runs/Batch/64/ISIC_search__ISIC2019__n8__seed2__img32__bs64__lr0.025__wd0.0003__archlr0.0006__eps25x3__20251219-002257/arch_probs_stage1_normal_global.npy","576",".npy","PRESERVE_PRIVATE","Large checkpoint, numerical intermediate, or detailed historical execution log.","Keep outside Git; publish only compact provenance summaries.","",""
"PDARTS/output/search_runs/Batch/64/ISIC_search__ISIC2019__n8__seed2__img32__bs64__lr0.025__wd0.0003__archlr0.0006__eps25x3__20251219-002257/arch_probs_stage1_normal_local.npy","576",".npy","PRESERVE_PRIVATE","Large checkpoint, numerical intermediate, or detailed historical execution log.","Keep outside Git; publish only compact provenance summaries.","",""
"PDARTS/output/search_runs/Batch/64/ISIC_search__ISIC2019__n8__seed2__img32__bs64__lr0.025__wd0.0003__archlr0.0006__eps25x3__20251219-002257/arch_probs_stage1_reduce_global.npy","576",".npy","PRESERVE_PRIVATE","Large checkpoint, numerical intermediate, or detailed historical execution log.","Keep outside Git; publish only compact provenance summaries.","",""
"PDARTS/output/search_runs/Batch/64/ISIC_search__ISIC2019__n8__seed2__img32__bs64__lr0.025__wd0.0003__archlr0.0006__eps25x3__20251219-002257/arch_probs_stage1_reduce_local.npy","576",".npy","PRESERVE_PRIVATE","Large checkpoint, numerical intermediate, or detailed historical execution log.","Keep outside Git; publish only compact provenance summaries.","",""
"PDARTS/output/search_runs/Batch/64/ISIC_search__ISIC2019__n8__seed2__img32__bs64__lr0.025__wd0.0003__archlr0.0006__eps25x3__20251219-002257/arch_probs_stage2_normal_global.npy","576",".npy","PRESERVE_PRIVATE","Large checkpoint, numerical intermediate, or detailed historical execution log.","Keep outside Git; publish only compact provenance summaries.","",""
"PDARTS/output/search_runs/Batch/64/ISIC_search__ISIC2019__n8__seed2__img32__bs64__lr0.025__wd0.0003__archlr0.0006__eps25x3__20251219-002257/arch_probs_stage2_normal_local.npy","408",".npy","PRESERVE_PRIVATE","Large checkpoint, numerical intermediate, or detailed historical execution log.","Keep outside Git; publish only compact provenance summaries.","",""
"PDARTS/output/search_runs/Batch/64/ISIC_search__ISIC2019__n8__seed2__img32__bs64__lr0.025__wd0.0003__archlr0.0006__eps25x3__20251219-002257/arch_probs_stage2_reduce_global.npy","576",".npy","PRESERVE_PRIVATE","Large checkpoint, numerical intermediate, or detailed historical execution log.","Keep outside Git; publish only compact provenance summaries.","",""
"PDARTS/output/search_runs/Batch/64/ISIC_search__ISIC2019__n8__seed2__img32__bs64__lr0.025__wd0.0003__archlr0.0006__eps25x3__20251219-002257/arch_probs_stage2_reduce_local.npy","408",".npy","PRESERVE_PRIVATE","Large checkpoint, numerical intermediate, or detailed historical execution log.","Keep outside Git; publish only compact provenance summaries.","",""
"PDARTS/output/search_runs/Batch/64/ISIC_search__ISIC2019__n8__seed2__img32__bs64__lr0.025__wd0.0003__archlr0.0006__eps25x3__20251219-002257/arch_probs_stage3_normal_global.npy","576",".npy","PRESERVE_PRIVATE","Large checkpoint, numerical intermediate, or detailed historical execution log.","Keep outside Git; publish only compact provenance summaries.","",""
"PDARTS/output/search_runs/Batch/64/ISIC_search__ISIC2019__n8__seed2__img32__bs64__lr0.025__wd0.0003__archlr0.0006__eps25x3__20251219-002257/arch_probs_stage3_normal_local.npy","296",".npy","PRESERVE_PRIVATE","Large checkpoint, numerical intermediate, or detailed historical execution log.","Keep outside Git; publish only compact provenance summaries.","",""
"PDARTS/output/search_runs/Batch/64/ISIC_search__ISIC2019__n8__seed2__img32__bs64__lr0.025__wd0.0003__archlr0.0006__eps25x3__20251219-002257/arch_probs_stage3_reduce_global.npy","576",".npy","PRESERVE_PRIVATE","Large checkpoint, numerical intermediate, or detailed historical execution log.","Keep outside Git; publish only compact provenance summaries.","",""
"PDARTS/output/search_runs/Batch/64/ISIC_search__ISIC2019__n8__seed2__img32__bs64__lr0.025__wd0.0003__archlr0.0006__eps25x3__20251219-002257/arch_probs_stage3_reduce_local.npy","296",".npy","PRESERVE_PRIVATE","Large checkpoint, numerical intermediate, or detailed historical execution log.","Keep outside Git; publish only compact provenance summaries.","",""
"PDARTS/output/search_runs/Batch/64/ISIC_search__ISIC2019__n8__seed2__img32__bs64__lr0.025__wd0.0003__archlr0.0006__eps25x3__20251219-002257/final_ops_normal.csv","212",".csv","EXTRACT_CANONICAL_RESULT","Compact genotype or metric artifact potentially relevant to the scientific record.","Reconcile with the manuscript before publishing a normalized result record.","",""
"PDARTS/output/search_runs/Batch/64/ISIC_search__ISIC2019__n8__seed2__img32__bs64__lr0.025__wd0.0003__archlr0.0006__eps25x3__20251219-002257/final_ops_reduce.csv","212",".csv","EXTRACT_CANONICAL_RESULT","Compact genotype or metric artifact potentially relevant to the scientific record.","Reconcile with the manuscript before publishing a normalized result record.","",""
"PDARTS/output/search_runs/Batch/64/ISIC_search__ISIC2019__n8__seed2__img32__bs64__lr0.025__wd0.0003__archlr0.0006__eps25x3__20251219-002257/final_switches_normal.json","273",".json","EXTRACT_CANONICAL_RESULT","Compact genotype or metric artifact potentially relevant to the scientific record.","Reconcile with the manuscript before publishing a normalized result record.","",""
"PDARTS/output/search_runs/Batch/64/ISIC_search__ISIC2019__n8__seed2__img32__bs64__lr0.025__wd0.0003__archlr0.0006__eps25x3__20251219-002257/final_switches_reduce.json","273",".json","EXTRACT_CANONICAL_RESULT","Compact genotype or metric artifact potentially relevant to the scientific record.","Reconcile with the manuscript before publishing a normalized result record.","",""
"PDARTS/output/search_runs/Batch/64/ISIC_search__ISIC2019__n8__seed2__img32__bs64__lr0.025__wd0.0003__archlr0.0006__eps25x3__20251219-002257/genotype.json","1153",".json","EXTRACT_CANONICAL_RESULT","Compact genotype or metric artifact potentially relevant to the scientific record.","Reconcile with the manuscript before publishing a normalized result record.","",""
"PDARTS/output/search_runs/Batch/64/ISIC_search__ISIC2019__n8__seed2__img32__bs64__lr0.025__wd0.0003__archlr0.0006__eps25x3__20251219-002257/genotype.txt","418",".txt","EXTRACT_CANONICAL_RESULT","Compact genotype or metric artifact potentially relevant to the scientific record.","Reconcile with the manuscript before publishing a normalized result record.","",""
"PDARTS/output/search_runs/Batch/64/ISIC_search__ISIC2019__n8__seed2__img32__bs64__lr0.025__wd0.0003__archlr0.0006__eps25x3__20251219-002257/run_args.json","1310",".json","PRESERVE_PRIVATE","Historical experiment artifact, ledger, prediction record, or generated output.","Retain privately until canonical-result reconciliation.","",""
"PDARTS/output/search_runs/Batch/64/ISIC_search__ISIC2019__n8__seed2__img32__bs64__lr0.025__wd0.0003__archlr0.0006__eps25x3__20251219-002257/search.log","50658",".log","PRESERVE_PRIVATE","Large checkpoint, numerical intermediate, or detailed historical execution log.","Keep outside Git; publish only compact provenance summaries.","",""
"PDARTS/output/search_runs/Batch/64/ISIC_search__ISIC2019__n8__seed2__img32__bs64__lr0.025__wd0.0003__archlr0.0006__eps25x3__20251219-002257/stage1_switches_normal.json","923",".json","PRESERVE_PRIVATE","Historical experiment artifact, ledger, prediction record, or generated output.","Retain privately until canonical-result reconciliation.","",""
"PDARTS/output/search_runs/Batch/64/ISIC_search__ISIC2019__n8__seed2__img32__bs64__lr0.025__wd0.0003__archlr0.0006__eps25x3__20251219-002257/stage1_switches_reduce.json","923",".json","PRESERVE_PRIVATE","Historical experiment artifact, ledger, prediction record, or generated output.","Retain privately until canonical-result reconciliation.","",""
"PDARTS/output/search_runs/Batch/64/ISIC_search__ISIC2019__n8__seed2__img32__bs64__lr0.025__wd0.0003__archlr0.0006__eps25x3__20251219-002257/stage1_weights.pt","5588777",".pt","PRESERVE_PRIVATE","Large checkpoint, numerical intermediate, or detailed historical execution log.","Keep outside Git; publish only compact provenance summaries.","",""
"PDARTS/output/search_runs/Batch/64/ISIC_search__ISIC2019__n8__seed2__img32__bs64__lr0.025__wd0.0003__archlr0.0006__eps25x3__20251219-002257/stage2_switches_normal.json","643",".json","PRESERVE_PRIVATE","Historical experiment artifact, ledger, prediction record, or generated output.","Retain privately until canonical-result reconciliation.","",""
"PDARTS/output/search_runs/Batch/64/ISIC_search__ISIC2019__n8__seed2__img32__bs64__lr0.025__wd0.0003__archlr0.0006__eps25x3__20251219-002257/stage2_switches_reduce.json","643",".json","PRESERVE_PRIVATE","Historical experiment artifact, ledger, prediction record, or generated output.","Retain privately until canonical-result reconciliation.","",""
"PDARTS/output/search_runs/Batch/64/ISIC_search__ISIC2019__n8__seed2__img32__bs64__lr0.025__wd0.0003__archlr0.0006__eps25x3__20251219-002257/stage2_weights.pt","4486053",".pt","PRESERVE_PRIVATE","Large checkpoint, numerical intermediate, or detailed historical execution log.","Keep outside Git; publish only compact provenance summaries.","",""
"PDARTS/output/search_runs/Batch/64/ISIC_search__ISIC2019__n8__seed2__img32__bs64__lr0.025__wd0.0003__archlr0.0006__eps25x3__20251219-002257/stage3_switches_normal.json","363",".json","PRESERVE_PRIVATE","Historical experiment artifact, ledger, prediction record, or generated output.","Retain privately until canonical-result reconciliation.","",""
"PDARTS/output/search_runs/Batch/64/ISIC_search__ISIC2019__n8__seed2__img32__bs64__lr0.025__wd0.0003__archlr0.0006__eps25x3__20251219-002257/stage3_switches_reduce.json","363",".json","PRESERVE_PRIVATE","Historical experiment artifact, ledger, prediction record, or generated output.","Retain privately until canonical-result reconciliation.","",""
"PDARTS/output/search_runs/Batch/64/ISIC_search__ISIC2019__n8__seed2__img32__bs64__lr0.025__wd0.0003__archlr0.0006__eps25x3__20251219-002257/stage3_weights.pt","3305557",".pt","PRESERVE_PRIVATE","Large checkpoint, numerical intermediate, or detailed historical execution log.","Keep outside Git; publish only compact provenance summaries.","",""
"PDARTS/output/search_runs/Batch/96/ISIC_search__ISIC2019__n6__seed0__img32__bs96__lr0.025__wd0.0003__archlr0.0006__eps25x3__20251219-201434/run_args.json","1209",".json","PRESERVE_PRIVATE","Historical experiment artifact, ledger, prediction record, or generated output.","Retain privately until canonical-result reconciliation.","",""
"PDARTS/output/search_runs/Batch/96/ISIC_search__ISIC2019__n6__seed0__img32__bs96__lr0.025__wd0.0003__archlr0.0006__eps25x3__20251219-201434/search.log","5249",".log","PRESERVE_PRIVATE","Large checkpoint, numerical intermediate, or detailed historical execution log.","Keep outside Git; publish only compact provenance summaries.","",""
"PDARTS/output/search_runs/genotype/0final/Image_size224/genotype0.txt","417",".txt","PRESERVE_PRIVATE","Historical experiment artifact, ledger, prediction record, or generated output.","Retain privately until canonical-result reconciliation.","",""
"PDARTS/output/search_runs/genotype/0final/Image_size224/genotype1.txt","417",".txt","PRESERVE_PRIVATE","Historical experiment artifact, ledger, prediction record, or generated output.","Retain privately until canonical-result reconciliation.","",""
"PDARTS/output/search_runs/genotype/0final/Image_size224/genotype2.txt","417",".txt","PRESERVE_PRIVATE","Historical experiment artifact, ledger, prediction record, or generated output.","Retain privately until canonical-result reconciliation.","",""
"PDARTS/output/splits/D1_train.csv","410808",".csv","REVIEW_REQUIRED","Split manifest contains absolute HPC paths and dataset identifiers.","Do not publish as-is; reconstruct safe deterministic split records.","",""
"PDARTS/output/splits/D2_val.csv","171404",".csv","REVIEW_REQUIRED","Split manifest contains absolute HPC paths and dataset identifiers.","Do not publish as-is; reconstruct safe deterministic split records.","",""
"PDARTS/output/splits/D3_test.csv","292889",".csv","REVIEW_REQUIRED","Split manifest contains absolute HPC paths and dataset identifiers.","Do not publish as-is; reconstruct safe deterministic split records.","",""
"PDARTS/output/splits/DermaMNIST_PADAligned_6class_summary.json","1399",".json","REVIEW_REQUIRED","Split manifest contains absolute HPC paths and dataset identifiers.","Do not publish as-is; reconstruct safe deterministic split records.","",""
"PDARTS/output/splits/ISIC_2019_summary.json","1024",".json","REVIEW_REQUIRED","Split manifest contains absolute HPC paths and dataset identifiers.","Do not publish as-is; reconstruct safe deterministic split records.","",""
"PDARTS/output/splits/PAD_UFES_20_summary.json","1018",".json","REVIEW_REQUIRED","Split manifest contains absolute HPC paths and dataset identifiers.","Do not publish as-is; reconstruct safe deterministic split records.","",""
"PDARTS/output/splits/S1_train.csv","1236805",".csv","REVIEW_REQUIRED","Split manifest contains absolute HPC paths and dataset identifiers.","Do not publish as-is; reconstruct safe deterministic split records.","",""
"PDARTS/output/splits/S2_val.csv","529764",".csv","REVIEW_REQUIRED","Split manifest contains absolute HPC paths and dataset identifiers.","Do not publish as-is; reconstruct safe deterministic split records.","",""
"PDARTS/output/splits/S3_test.csv","441575",".csv","REVIEW_REQUIRED","Split manifest contains absolute HPC paths and dataset identifiers.","Do not publish as-is; reconstruct safe deterministic split records.","",""
"PDARTS/output/splits/T1_train.csv","133806",".csv","REVIEW_REQUIRED","Split manifest contains absolute HPC paths and dataset identifiers.","Do not publish as-is; reconstruct safe deterministic split records.","",""
"PDARTS/output/splits/T2_val.csv","57355",".csv","REVIEW_REQUIRED","Split manifest contains absolute HPC paths and dataset identifiers.","Do not publish as-is; reconstruct safe deterministic split records.","",""
"PDARTS/output/splits/T3_test.csv","47709",".csv","REVIEW_REQUIRED","Split manifest contains absolute HPC paths and dataset identifiers.","Do not publish as-is; reconstruct safe deterministic split records.","",""
"PDARTS/Pdart base paper.pdf","4040654",".pdf","DOCUMENT_ONLY","Research publication or thesis should be referenced through an authorized public record.","Do not commit PDF; add an authorized link later.","",""
"PDARTS/screen.png","38586",".png","REVIEW_REQUIRED","Image asset requires relevance, origin, and publication-permission review.","Include only if useful, accurate, and authorized.","",""
"PDARTS/split to classes.py","4419",".py","MIGRATE_TO_MAINTAINED","Historical PAD-UFES-20 preparation logic with hard-coded workstation paths.","Preserve privately and migrate sanitized data-preparation logic.","",""
"PDARTS/split.png","414013",".png","REVIEW_REQUIRED","Image asset requires relevance, origin, and publication-permission review.","Include only if useful, accurate, and authorized.","",""
"PDARTS/split_report_imgs_part_1.csv","93402",".csv","REVIEW_REQUIRED","Dataset metadata or split report requiring licensing and identifier review.","Do not publish by default; document official dataset acquisition.","",""
"PDARTS/Thesis.pdf","7552951",".pdf","DOCUMENT_ONLY","Research publication or thesis should be referenced through an authorized public record.","Do not commit PDF; add an authorized link later.","",""
"PDARTS/Thesis_Defense.pdf","1513515",".pdf","PRESERVE_PRIVATE","Working presentation or peer-review manuscript containing non-release material.","Keep outside Git; document or link only when appropriate.","",""
"PDARTS/Understanding Knowledge Transferability in Differentiable Architecture Search for Skin Lesion Diagnosis.pdf","6903127",".pdf","PRESERVE_PRIVATE","Working presentation or peer-review manuscript containing non-release material.","Keep outside Git; document or link only when appropriate.","",""
