"archive_path","uncompressed_bytes","compressed_bytes","extension","crc32","review_required","review_reasons"
"PDARTS/class_counts.csv","556","211",".csv","","True","review_extension:.csv"
"PDARTS/Github/master/__pycache__/genotypes.cpython-39.pyc","1451","677",".pyc","","True","review_extension:.pyc;generated_python_cache"
"PDARTS/Github/master/__pycache__/model.cpython-39.pyc","6195","2881",".pyc","","True","review_extension:.pyc;generated_python_cache"
"PDARTS/Github/master/__pycache__/model_search.cpython-39.pyc","5762","3011",".pyc","","True","review_extension:.pyc;generated_python_cache"
"PDARTS/Github/master/__pycache__/operations.cpython-39.pyc","5376","2043",".pyc","","True","review_extension:.pyc;generated_python_cache"
"PDARTS/Github/master/__pycache__/skin_csv_dataset.cpython-39.pyc","4148","2315",".pyc","","True","review_extension:.pyc;generated_python_cache"
"PDARTS/Github/master/__pycache__/skin_transforms.cpython-39.pyc","2872","1718",".pyc","","True","review_extension:.pyc;generated_python_cache"
"PDARTS/Github/master/__pycache__/utils.cpython-39.pyc","4620","2430",".pyc","","True","review_extension:.pyc;generated_python_cache"
"PDARTS/Github/master/01_skin_csv_dataset.py","4921","1965",".py","","False",""
"PDARTS/Github/master/02_skin_transforms.py","2565","1079",".py","","False",""
"PDARTS/Github/master/03_run_search_skin.py","36180","9081",".py","","False",""
"PDARTS/Github/master/03_run_search_skinTask2 - Copy.py","37104","9466",".py","","False",""
"PDARTS/Github/master/03_run_search_skinTask2.py","37102","9456",".py","","False",""
"PDARTS/Github/master/04_multieval_genotype_skin.py","40126","10681",".py","","False",""
"PDARTS/Github/master/04_multieval_genotype_skin_g0allm.py","38729","10333",".py","","False",""
"PDARTS/Github/master/04_multieval_genotype_skinaallinone.py","40303","10824",".py","","False",""
"PDARTS/Github/master/04_OnenSevenmTwodataset.py","43442","11391",".py","","False",""
"PDARTS/Github/master/Architecture.png","327585","290961",".png","","False",""
"PDARTS/Github/master/Derma_split.py","11398","3895",".py","","False",""
"PDARTS/Github/master/genotypes.py","2818","499",".py","","False",""
"PDARTS/Github/master/model.py","7284","1509",".py","","False",""
"PDARTS/Github/master/model_search.py","6003","1571",".py","","False",""
"PDARTS/Github/master/operations.py","4144","908",".py","","False",""
"PDARTS/Github/master/skin_csv_dataset.py","3499","1430",".py","","False",""
"PDARTS/Github/master/skin_transforms.py","2625","1087",".py","","False",""
"PDARTS/Github/master/splits.py","6437","2347",".py","","False",""
"PDARTS/Github/master/test.py","3279","1286",".py","","False",""
"PDARTS/Github/master/test_imagenet.py","3334","1364",".py","","False",""
"PDARTS/Github/master/train_cifar.py","7688","2247",".py","","False",""
"PDARTS/Github/master/train_imagenet.py","10818","3141",".py","","False",""
"PDARTS/Github/master/train_search.py","19015","4672",".py","","False",""
"PDARTS/Github/master/utils.py","3657","1282",".py","","False",""
"PDARTS/Github/master/visualize.py","1419","647",".py","","False",""
"PDARTS/Github/pdarts-master - Copy.zip","21514","19900",".zip","","True","review_extension:.zip"
"PDARTS/Github/pdarts-master.zip","27585","25540",".zip","","True","review_extension:.zip"
"PDARTS/ISIC_2019_Training_GroundTruth.csv","1291479","84394",".csv","","True","review_extension:.csv"
"PDARTS/ISIC_2019_Training_Metadata.csv","1214351","179594",".csv","","True","review_extension:.csv"
"PDARTS/label_map.csv","213","143",".csv","","True","review_extension:.csv"
"PDARTS/metadata.csv","316209","56705",".csv","","True","review_extension:.csv"
"PDARTS/output/eval_runs/0final/imagesize224task2/D/genotype2/_EVAL_LEDGER.csv","1434","695",".csv","","True","review_extension:.csv;generated_or_historical_output"
"PDARTS/output/eval_runs/0final/imagesize224task2/D/genotype2/246/_EVAL_LEDGER.csv","21963","2134",".csv","","True","review_extension:.csv;generated_or_historical_output"
"PDARTS/output/eval_runs/0final/imagesize224task2/D/genotype2/246/8.csv","1429","692",".csv","","True","review_extension:.csv;generated_or_historical_output"
"PDARTS/output/eval_runs/0final/imagesize224task2/D/genotype2/246/EVAL_target__TARGET__gidf143ef5653__m8__seed2__img224__bs8__lr0.025__wd0.0003__ep300__20251226-090159/best_full.pt","11268858","10363273",".pt","","True","review_extension:.pt;large_file;generated_or_historical_output"
"PDARTS/output/eval_runs/0final/imagesize224task2/D/genotype2/246/EVAL_target__TARGET__gidf143ef5653__m8__seed2__img224__bs8__lr0.025__wd0.0003__ep300__20251226-090159/best_weights.pt","5725056","5204608",".pt","","True","review_extension:.pt;large_file;generated_or_historical_output"
"PDARTS/output/eval_runs/0final/imagesize224task2/D/genotype2/246/EVAL_target__TARGET__gidf143ef5653__m8__seed2__img224__bs8__lr0.025__wd0.0003__ep300__20251226-090159/calibration_ece.csv","1040","398",".csv","","True","review_extension:.csv;generated_or_historical_output"
"PDARTS/output/eval_runs/0final/imagesize224task2/D/genotype2/246/EVAL_target__TARGET__gidf143ef5653__m8__seed2__img224__bs8__lr0.025__wd0.0003__ep300__20251226-090159/confusion_matrix.csv","195","105",".csv","","True","review_extension:.csv;generated_or_historical_output"
"PDARTS/output/eval_runs/0final/imagesize224task2/D/genotype2/246/EVAL_target__TARGET__gidf143ef5653__m8__seed2__img224__bs8__lr0.025__wd0.0003__ep300__20251226-090159/eval.log","267429","46386",".log","","True","review_extension:.log;generated_or_historical_output"
"PDARTS/output/eval_runs/0final/imagesize224task2/D/genotype2/246/EVAL_target__TARGET__gidf143ef5653__m8__seed2__img224__bs8__lr0.025__wd0.0003__ep300__20251226-090159/last_full.pt","11268858","10367432",".pt","","True","review_extension:.pt;large_file;generated_or_historical_output"
"PDARTS/output/eval_runs/0final/imagesize224task2/D/genotype2/246/EVAL_target__TARGET__gidf143ef5653__m8__seed2__img224__bs8__lr0.025__wd0.0003__ep300__20251226-090159/last_weights.pt","5725056","5206169",".pt","","True","review_extension:.pt;large_file;generated_or_historical_output"
"PDARTS/output/eval_runs/0final/imagesize224task2/D/genotype2/246/EVAL_target__TARGET__gidf143ef5653__m8__seed2__img224__bs8__lr0.025__wd0.0003__ep300__20251226-090159/per_class_metrics.csv","554","303",".csv","","True","review_extension:.csv;generated_or_historical_output"
"PDARTS/output/eval_runs/0final/imagesize224task2/D/genotype2/246/EVAL_target__TARGET__gidf143ef5653__m8__seed2__img224__bs8__lr0.025__wd0.0003__ep300__20251226-090159/pr_curve_macro_micro.csv","985021","218867",".csv","","True","review_extension:.csv;generated_or_historical_output"
"PDARTS/output/eval_runs/0final/imagesize224task2/D/genotype2/246/EVAL_target__TARGET__gidf143ef5653__m8__seed2__img224__bs8__lr0.025__wd0.0003__ep300__20251226-090159/roc_curve_macro_micro.csv","113252","12755",".csv","","True","review_extension:.csv;generated_or_historical_output"
"PDARTS/output/eval_runs/0final/imagesize224task2/D/genotype2/246/EVAL_target__TARGET__gidf143ef5653__m8__seed2__img224__bs8__lr0.025__wd0.0003__ep300__20251226-090159/run_args.json","1690","642",".json","","True","review_extension:.json;generated_or_historical_output"
"PDARTS/output/eval_runs/0final/imagesize224task2/D/genotype2/246/EVAL_target__TARGET__gidf143ef5653__m8__seed2__img224__bs8__lr0.025__wd0.0003__ep300__20251226-090159/test_metrics.json","4069","1175",".json","","True","review_extension:.json;generated_or_historical_output"
"PDARTS/output/eval_runs/0final/imagesize224task2/D/genotype2/246/EVAL_target__TARGET__gidf143ef5653__m8__seed2__img224__bs8__lr0.025__wd0.0003__ep300__20251226-090159/test_metrics_summary.csv","386","228",".csv","","True","review_extension:.csv;generated_or_historical_output"
"PDARTS/output/eval_runs/0final/imagesize224task2/D/genotype2/246/EVAL_target__TARGET__gidf143ef5653__m8__seed2__img224__bs8__lr0.025__wd0.0003__ep300__20251226-090159/test_predictions.csv","294126","120884",".csv","","True","review_extension:.csv;generated_or_historical_output"
"PDARTS/output/eval_runs/0final/imagesize224task2/D/genotype2/246/EVAL_target__TARGET__gidf143ef5653__m8__seed2__img224__bs8__lr0.025__wd0.0003__ep300__20251226-090159/train_history.csv","35841","15391",".csv","","True","review_extension:.csv;generated_or_historical_output"
"PDARTS/output/eval_runs/0final/imagesize224task2/D/genotype2/246/EVAL_target__TARGET__gidf143ef5653__m8__seed2__img224__bs8__lr0.025__wd0.0003__ep300__20251226-090159/val_predictions.csv","172468","71560",".csv","","True","review_extension:.csv;generated_or_historical_output"
"PDARTS/output/eval_runs/0final/imagesize224task2/D/genotype2/EVAL_target__TARGET__gidf143ef5653__m12__seed2__img224__bs8__lr0.025__wd0.0003__ep300__20251226-151313/best_full.pt","16323491","14990839",".pt","","True","review_extension:.pt;large_file;generated_or_historical_output"
"PDARTS/output/eval_runs/0final/imagesize224task2/D/genotype2/EVAL_target__TARGET__gidf143ef5653__m12__seed2__img224__bs8__lr0.025__wd0.0003__ep300__20251226-151313/best_weights.pt","8299820","7526965",".pt","","True","review_extension:.pt;large_file;generated_or_historical_output"
"PDARTS/output/eval_runs/0final/imagesize224task2/D/genotype2/EVAL_target__TARGET__gidf143ef5653__m12__seed2__img224__bs8__lr0.025__wd0.0003__ep300__20251226-151313/calibration_ece.csv","1044","398",".csv","","True","review_extension:.csv;generated_or_historical_output"
"PDARTS/output/eval_runs/0final/imagesize224task2/D/genotype2/EVAL_target__TARGET__gidf143ef5653__m12__seed2__img224__bs8__lr0.025__wd0.0003__ep300__20251226-151313/confusion_matrix.csv","194","107",".csv","","True","review_extension:.csv;generated_or_historical_output"
"PDARTS/output/eval_runs/0final/imagesize224task2/D/genotype2/EVAL_target__TARGET__gidf143ef5653__m12__seed2__img224__bs8__lr0.025__wd0.0003__ep300__20251226-151313/eval.log","268569","45929",".log","","True","review_extension:.log;generated_or_historical_output"
"PDARTS/output/eval_runs/0final/imagesize224task2/D/genotype2/EVAL_target__TARGET__gidf143ef5653__m12__seed2__img224__bs8__lr0.025__wd0.0003__ep300__20251226-151313/last_full.pt","16323491","14987202",".pt","","True","review_extension:.pt;large_file;generated_or_historical_output"
"PDARTS/output/eval_runs/0final/imagesize224task2/D/genotype2/EVAL_target__TARGET__gidf143ef5653__m12__seed2__img224__bs8__lr0.025__wd0.0003__ep300__20251226-151313/last_weights.pt","8299820","7526909",".pt","","True","review_extension:.pt;large_file;generated_or_historical_output"
"PDARTS/output/eval_runs/0final/imagesize224task2/D/genotype2/EVAL_target__TARGET__gidf143ef5653__m12__seed2__img224__bs8__lr0.025__wd0.0003__ep300__20251226-151313/per_class_metrics.csv","554","306",".csv","","True","review_extension:.csv;generated_or_historical_output"
"PDARTS/output/eval_runs/0final/imagesize224task2/D/genotype2/EVAL_target__TARGET__gidf143ef5653__m12__seed2__img224__bs8__lr0.025__wd0.0003__ep300__20251226-151313/pr_curve_macro_micro.csv","923346","214837",".csv","","True","review_extension:.csv;generated_or_historical_output"
"PDARTS/output/eval_runs/0final/imagesize224task2/D/genotype2/EVAL_target__TARGET__gidf143ef5653__m12__seed2__img224__bs8__lr0.025__wd0.0003__ep300__20251226-151313/roc_curve_macro_micro.csv","116701","13128",".csv","","True","review_extension:.csv;generated_or_historical_output"
"PDARTS/output/eval_runs/0final/imagesize224task2/D/genotype2/EVAL_target__TARGET__gidf143ef5653__m12__seed2__img224__bs8__lr0.025__wd0.0003__ep300__20251226-151313/run_args.json","1691","644",".json","","True","review_extension:.json;generated_or_historical_output"
"PDARTS/output/eval_runs/0final/imagesize224task2/D/genotype2/EVAL_target__TARGET__gidf143ef5653__m12__seed2__img224__bs8__lr0.025__wd0.0003__ep300__20251226-151313/test_metrics.json","4074","1185",".json","","True","review_extension:.json;generated_or_historical_output"
"PDARTS/output/eval_runs/0final/imagesize224task2/D/genotype2/EVAL_target__TARGET__gidf143ef5653__m12__seed2__img224__bs8__lr0.025__wd0.0003__ep300__20251226-151313/test_metrics_summary.csv","389","230",".csv","","True","review_extension:.csv;generated_or_historical_output"
"PDARTS/output/eval_runs/0final/imagesize224task2/D/genotype2/EVAL_target__TARGET__gidf143ef5653__m12__seed2__img224__bs8__lr0.025__wd0.0003__ep300__20251226-151313/test_predictions.csv","295711","121776",".csv","","True","review_extension:.csv;generated_or_historical_output"
"PDARTS/output/eval_runs/0final/imagesize224task2/D/genotype2/EVAL_target__TARGET__gidf143ef5653__m12__seed2__img224__bs8__lr0.025__wd0.0003__ep300__20251226-151313/train_history.csv","35862","15405",".csv","","True","review_extension:.csv;generated_or_historical_output"
"PDARTS/output/eval_runs/0final/imagesize224task2/D/genotype2/EVAL_target__TARGET__gidf143ef5653__m12__seed2__img224__bs8__lr0.025__wd0.0003__ep300__20251226-151313/val_predictions.csv","173433","72052",".csv","","True","review_extension:.csv;generated_or_historical_output"
"PDARTS/output/eval_runs/64/_EVAL_LEDGER.csv","17420","1141",".csv","","True","review_extension:.csv;generated_or_historical_output"
"PDARTS/output/eval_runs/64/EVAL_target__TARGET__gid15c3110bc2__m10__seed0__img32__bs64__lr0.025__wd0.0003__ep300__20251221-113642/best_full.pt","12220154","11102362",".pt","","True","review_extension:.pt;large_file;generated_or_historical_output"
"PDARTS/output/eval_runs/64/EVAL_target__TARGET__gid15c3110bc2__m10__seed0__img32__bs64__lr0.025__wd0.0003__ep300__20251221-113642/best_weights.pt","6197834","5575994",".pt","","True","review_extension:.pt;large_file;generated_or_historical_output"
"PDARTS/output/eval_runs/64/EVAL_target__TARGET__gid15c3110bc2__m10__seed0__img32__bs64__lr0.025__wd0.0003__ep300__20251221-113642/eval.log","1610","562",".log","","True","review_extension:.log;generated_or_historical_output"
"PDARTS/output/eval_runs/64/EVAL_target__TARGET__gid15c3110bc2__m10__seed0__img32__bs64__lr0.025__wd0.0003__ep300__20251221-113642/run_args.json","1640","628",".json","","True","review_extension:.json;generated_or_historical_output"
"PDARTS/output/eval_runs/64/EVAL_target__TARGET__gid15c3110bc2__m10__seed0__img32__bs64__lr0.025__wd0.0003__ep300__20251221-113642/train_history.csv","158","115",".csv","","True","review_extension:.csv;generated_or_historical_output"
"PDARTS/output/eval_runs/64/EVAL_target__TARGET__gid15c3110bc2__m12__seed0__img32__bs64__lr0.025__wd0.0003__ep300__20251221-113803/best_full.pt","13272365","12037074",".pt","","True","review_extension:.pt;large_file;generated_or_historical_output"
"PDARTS/output/eval_runs/64/EVAL_target__TARGET__gid15c3110bc2__m12__seed0__img32__bs64__lr0.025__wd0.0003__ep300__20251221-113803/best_weights.pt","6740386","6043183",".pt","","True","review_extension:.pt;large_file;generated_or_historical_output"
"PDARTS/output/eval_runs/64/EVAL_target__TARGET__gid15c3110bc2__m12__seed0__img32__bs64__lr0.025__wd0.0003__ep300__20251221-113803/eval.log","1609","559",".log","","True","review_extension:.log;generated_or_historical_output"
"PDARTS/output/eval_runs/64/EVAL_target__TARGET__gid15c3110bc2__m12__seed0__img32__bs64__lr0.025__wd0.0003__ep300__20251221-113803/run_args.json","1640","629",".json","","True","review_extension:.json;generated_or_historical_output"
"PDARTS/output/eval_runs/64/EVAL_target__TARGET__gid15c3110bc2__m12__seed0__img32__bs64__lr0.025__wd0.0003__ep300__20251221-113803/train_history.csv","159","116",".csv","","True","review_extension:.csv;generated_or_historical_output"
"PDARTS/output/eval_runs/64/EVAL_target__TARGET__gid15c3110bc2__m14__seed0__img32__bs64__lr0.025__wd0.0003__ep300__20251221-113929/best_full.pt","16971393","15417061",".pt","","True","review_extension:.pt;large_file;generated_or_historical_output"
"PDARTS/output/eval_runs/64/EVAL_target__TARGET__gid15c3110bc2__m14__seed0__img32__bs64__lr0.025__wd0.0003__ep300__20251221-113929/best_weights.pt","8610874","7736601",".pt","","True","review_extension:.pt;large_file;generated_or_historical_output"
"PDARTS/output/eval_runs/64/EVAL_target__TARGET__gid15c3110bc2__m14__seed0__img32__bs64__lr0.025__wd0.0003__ep300__20251221-113929/eval.log","1610","563",".log","","True","review_extension:.log;generated_or_historical_output"
"PDARTS/output/eval_runs/64/EVAL_target__TARGET__gid15c3110bc2__m14__seed0__img32__bs64__lr0.025__wd0.0003__ep300__20251221-113929/run_args.json","1640","629",".json","","True","review_extension:.json;generated_or_historical_output"
"PDARTS/output/eval_runs/64/EVAL_target__TARGET__gid15c3110bc2__m14__seed0__img32__bs64__lr0.025__wd0.0003__ep300__20251221-113929/train_history.csv","161","117",".csv","","True","review_extension:.csv;generated_or_historical_output"
"PDARTS/output/eval_runs/64/EVAL_target__TARGET__gid15c3110bc2__m2__seed0__img32__bs64__lr0.025__wd0.0003__ep300__20251221-113213/best_full.pt","1368058","1243244",".pt","","True","review_extension:.pt;generated_or_historical_output"
"PDARTS/output/eval_runs/64/EVAL_target__TARGET__gid15c3110bc2__m2__seed0__img32__bs64__lr0.025__wd0.0003__ep300__20251221-113213/best_weights.pt","694656","624136",".pt","","True","review_extension:.pt;generated_or_historical_output"
"PDARTS/output/eval_runs/64/EVAL_target__TARGET__gid15c3110bc2__m2__seed0__img32__bs64__lr0.025__wd0.0003__ep300__20251221-113213/eval.log","1608","557",".log","","True","review_extension:.log;generated_or_historical_output"
"PDARTS/output/eval_runs/64/EVAL_target__TARGET__gid15c3110bc2__m2__seed0__img32__bs64__lr0.025__wd0.0003__ep300__20251221-113213/run_args.json","1639","629",".json","","True","review_extension:.json;generated_or_historical_output"
"PDARTS/output/eval_runs/64/EVAL_target__TARGET__gid15c3110bc2__m2__seed0__img32__bs64__lr0.025__wd0.0003__ep300__20251221-113213/train_history.csv","161","116",".csv","","True","review_extension:.csv;generated_or_historical_output"
"PDARTS/output/eval_runs/64/EVAL_target__TARGET__gid15c3110bc2__m4__seed0__img32__bs64__lr0.025__wd0.0003__ep300__20251221-113308/best_full.pt","4227706","3847365",".pt","","True","review_extension:.pt;generated_or_historical_output"
"PDARTS/output/eval_runs/64/EVAL_target__TARGET__gid15c3110bc2__m4__seed0__img32__bs64__lr0.025__wd0.0003__ep300__20251221-113308/best_weights.pt","2144194","1930708",".pt","","True","review_extension:.pt;generated_or_historical_output"
"PDARTS/output/eval_runs/64/EVAL_target__TARGET__gid15c3110bc2__m4__seed0__img32__bs64__lr0.025__wd0.0003__ep300__20251221-113308/eval.log","1608","558",".log","","True","review_extension:.log;generated_or_historical_output"
"PDARTS/output/eval_runs/64/EVAL_target__TARGET__gid15c3110bc2__m4__seed0__img32__bs64__lr0.025__wd0.0003__ep300__20251221-113308/run_args.json","1639","628",".json","","True","review_extension:.json;generated_or_historical_output"
"PDARTS/output/eval_runs/64/EVAL_target__TARGET__gid15c3110bc2__m4__seed0__img32__bs64__lr0.025__wd0.0003__ep300__20251221-113308/train_history.csv","161","114",".csv","","True","review_extension:.csv;generated_or_historical_output"
"PDARTS/output/eval_runs/64/EVAL_target__TARGET__gid15c3110bc2__m6__seed0__img32__bs64__lr0.025__wd0.0003__ep300__20251221-113414/best_full.pt","5372474","4860797",".pt","","True","review_extension:.pt;large_file;generated_or_historical_output"
"PDARTS/output/eval_runs/64/EVAL_target__TARGET__gid15c3110bc2__m6__seed0__img32__bs64__lr0.025__wd0.0003__ep300__20251221-113414/best_weights.pt","2733210","2441702",".pt","","True","review_extension:.pt;generated_or_historical_output"
"PDARTS/output/eval_runs/64/EVAL_target__TARGET__gid15c3110bc2__m6__seed0__img32__bs64__lr0.025__wd0.0003__ep300__20251221-113414/eval.log","1608","556",".log","","True","review_extension:.log;generated_or_historical_output"
"PDARTS/output/eval_runs/64/EVAL_target__TARGET__gid15c3110bc2__m6__seed0__img32__bs64__lr0.025__wd0.0003__ep300__20251221-113414/run_args.json","1639","628",".json","","True","review_extension:.json;generated_or_historical_output"
"PDARTS/output/eval_runs/64/EVAL_target__TARGET__gid15c3110bc2__m6__seed0__img32__bs64__lr0.025__wd0.0003__ep300__20251221-113414/train_history.csv","161","113",".csv","","True","review_extension:.csv;generated_or_historical_output"
"PDARTS/output/eval_runs/64/EVAL_target__TARGET__gid15c3110bc2__m8__seed0__img32__bs64__lr0.025__wd0.0003__ep300__20251221-113525/best_full.pt","9070650","8238747",".pt","","True","review_extension:.pt;large_file;generated_or_historical_output"
"PDARTS/output/eval_runs/64/EVAL_target__TARGET__gid15c3110bc2__m8__seed0__img32__bs64__lr0.025__wd0.0003__ep300__20251221-113525/best_weights.pt","4603378","4136781",".pt","","True","review_extension:.pt;generated_or_historical_output"
"PDARTS/output/eval_runs/64/EVAL_target__TARGET__gid15c3110bc2__m8__seed0__img32__bs64__lr0.025__wd0.0003__ep300__20251221-113525/eval.log","1608","557",".log","","True","review_extension:.log;generated_or_historical_output"
"PDARTS/output/eval_runs/64/EVAL_target__TARGET__gid15c3110bc2__m8__seed0__img32__bs64__lr0.025__wd0.0003__ep300__20251221-113525/run_args.json","1639","628",".json","","True","review_extension:.json;generated_or_historical_output"
"PDARTS/output/eval_runs/64/EVAL_target__TARGET__gid15c3110bc2__m8__seed0__img32__bs64__lr0.025__wd0.0003__ep300__20251221-113525/train_history.csv","160","116",".csv","","True","review_extension:.csv;generated_or_historical_output"
"PDARTS/output/search_runs/Batch/128/_BATCH_LEDGER.csv","2644","568",".csv","","True","review_extension:.csv;generated_or_historical_output"
"PDARTS/output/search_runs/Batch/128/_SEARCH_LEDGER.csv","3085","709",".csv","","True","review_extension:.csv;generated_or_historical_output"
"PDARTS/output/search_runs/Batch/128/ISIC_search__ISIC2019__n6__seed0__img32__bs128__lr0.025__wd0.0003__archlr0.0006__eps25x3__20251219-201516/arch_probs_final_normal.npy","576","262",".npy","","True","review_extension:.npy;generated_or_historical_output"
"PDARTS/output/search_runs/Batch/128/ISIC_search__ISIC2019__n6__seed0__img32__bs128__lr0.025__wd0.0003__archlr0.0006__eps25x3__20251219-201516/arch_probs_final_reduce.npy","576","251",".npy","","True","review_extension:.npy;generated_or_historical_output"
"PDARTS/output/search_runs/Batch/128/ISIC_search__ISIC2019__n6__seed0__img32__bs128__lr0.025__wd0.0003__archlr0.0006__eps25x3__20251219-201516/arch_probs_stage1_normal_global.npy","576","463",".npy","","True","review_extension:.npy;generated_or_historical_output"
"PDARTS/output/search_runs/Batch/128/ISIC_search__ISIC2019__n6__seed0__img32__bs128__lr0.025__wd0.0003__archlr0.0006__eps25x3__20251219-201516/arch_probs_stage1_normal_local.npy","576","463",".npy","","True","review_extension:.npy;generated_or_historical_output"
"PDARTS/output/search_runs/Batch/128/ISIC_search__ISIC2019__n6__seed0__img32__bs128__lr0.025__wd0.0003__archlr0.0006__eps25x3__20251219-201516/arch_probs_stage1_reduce_global.npy","576","524",".npy","","True","review_extension:.npy;generated_or_historical_output"
"PDARTS/output/search_runs/Batch/128/ISIC_search__ISIC2019__n6__seed0__img32__bs128__lr0.025__wd0.0003__archlr0.0006__eps25x3__20251219-201516/arch_probs_stage1_reduce_local.npy","576","524",".npy","","True","review_extension:.npy;generated_or_historical_output"
"PDARTS/output/search_runs/Batch/128/ISIC_search__ISIC2019__n6__seed0__img32__bs128__lr0.025__wd0.0003__archlr0.0006__eps25x3__20251219-201516/arch_probs_stage2_normal_global.npy","576","386",".npy","","True","review_extension:.npy;generated_or_historical_output"
"PDARTS/output/search_runs/Batch/128/ISIC_search__ISIC2019__n6__seed0__img32__bs128__lr0.025__wd0.0003__archlr0.0006__eps25x3__20251219-201516/arch_probs_stage2_normal_local.npy","408","358",".npy","","True","review_extension:.npy;generated_or_historical_output"
"PDARTS/output/search_runs/Batch/128/ISIC_search__ISIC2019__n6__seed0__img32__bs128__lr0.025__wd0.0003__archlr0.0006__eps25x3__20251219-201516/arch_probs_stage2_reduce_global.npy","576","384",".npy","","True","review_extension:.npy;generated_or_historical_output"
"PDARTS/output/search_runs/Batch/128/ISIC_search__ISIC2019__n6__seed0__img32__bs128__lr0.025__wd0.0003__archlr0.0006__eps25x3__20251219-201516/arch_probs_stage2_reduce_local.npy","408","359",".npy","","True","review_extension:.npy;generated_or_historical_output"
"PDARTS/output/search_runs/Batch/128/ISIC_search__ISIC2019__n6__seed0__img32__bs128__lr0.025__wd0.0003__archlr0.0006__eps25x3__20251219-201516/arch_probs_stage3_normal_global.npy","576","280",".npy","","True","review_extension:.npy;generated_or_historical_output"
"PDARTS/output/search_runs/Batch/128/ISIC_search__ISIC2019__n6__seed0__img32__bs128__lr0.025__wd0.0003__archlr0.0006__eps25x3__20251219-201516/arch_probs_stage3_normal_local.npy","296","248",".npy","","True","review_extension:.npy;generated_or_historical_output"
"PDARTS/output/search_runs/Batch/128/ISIC_search__ISIC2019__n6__seed0__img32__bs128__lr0.025__wd0.0003__archlr0.0006__eps25x3__20251219-201516/arch_probs_stage3_reduce_global.npy","576","280",".npy","","True","review_extension:.npy;generated_or_historical_output"
"PDARTS/output/search_runs/Batch/128/ISIC_search__ISIC2019__n6__seed0__img32__bs128__lr0.025__wd0.0003__archlr0.0006__eps25x3__20251219-201516/arch_probs_stage3_reduce_local.npy","296","249",".npy","","True","review_extension:.npy;generated_or_historical_output"
"PDARTS/output/search_runs/Batch/128/ISIC_search__ISIC2019__n6__seed0__img32__bs128__lr0.025__wd0.0003__archlr0.0006__eps25x3__20251219-201516/final_ops_normal.csv","212","109",".csv","","True","review_extension:.csv;generated_or_historical_output"
"PDARTS/output/search_runs/Batch/128/ISIC_search__ISIC2019__n6__seed0__img32__bs128__lr0.025__wd0.0003__archlr0.0006__eps25x3__20251219-201516/final_ops_reduce.csv","212","104",".csv","","True","review_extension:.csv;generated_or_historical_output"
"PDARTS/output/search_runs/Batch/128/ISIC_search__ISIC2019__n6__seed0__img32__bs128__lr0.025__wd0.0003__archlr0.0006__eps25x3__20251219-201516/final_switches_normal.json","240","62",".json","","True","review_extension:.json;generated_or_historical_output"
"PDARTS/output/search_runs/Batch/128/ISIC_search__ISIC2019__n6__seed0__img32__bs128__lr0.025__wd0.0003__archlr0.0006__eps25x3__20251219-201516/final_switches_reduce.json","240","57",".json","","True","review_extension:.json;generated_or_historical_output"
"PDARTS/output/search_runs/Batch/128/ISIC_search__ISIC2019__n6__seed0__img32__bs128__lr0.025__wd0.0003__archlr0.0006__eps25x3__20251219-201516/genotype.json","1072","179",".json","","True","review_extension:.json;generated_or_historical_output"
"PDARTS/output/search_runs/Batch/128/ISIC_search__ISIC2019__n6__seed0__img32__bs128__lr0.025__wd0.0003__archlr0.0006__eps25x3__20251219-201516/genotype.txt","417","152",".txt","","True","generated_or_historical_output"
"PDARTS/output/search_runs/Batch/128/ISIC_search__ISIC2019__n6__seed0__img32__bs128__lr0.025__wd0.0003__archlr0.0006__eps25x3__20251219-201516/run_args.json","1211","517",".json","","True","review_extension:.json;generated_or_historical_output"
"PDARTS/output/search_runs/Batch/128/ISIC_search__ISIC2019__n6__seed0__img32__bs128__lr0.025__wd0.0003__archlr0.0006__eps25x3__20251219-201516/search.log","37964","7366",".log","","True","review_extension:.log;generated_or_historical_output"
"PDARTS/output/search_runs/Batch/128/ISIC_search__ISIC2019__n6__seed0__img32__bs128__lr0.025__wd0.0003__archlr0.0006__eps25x3__20251219-201516/stage1_switches_normal.json","822","116",".json","","True","review_extension:.json;generated_or_historical_output"
"PDARTS/output/search_runs/Batch/128/ISIC_search__ISIC2019__n6__seed0__img32__bs128__lr0.025__wd0.0003__archlr0.0006__eps25x3__20251219-201516/stage1_switches_reduce.json","822","108",".json","","True","review_extension:.json;generated_or_historical_output"
"PDARTS/output/search_runs/Batch/128/ISIC_search__ISIC2019__n6__seed0__img32__bs128__lr0.025__wd0.0003__archlr0.0006__eps25x3__20251219-201516/stage1_weights.pt","3025416","2469791",".pt","","True","review_extension:.pt;generated_or_historical_output"
"PDARTS/output/search_runs/Batch/128/ISIC_search__ISIC2019__n6__seed0__img32__bs128__lr0.025__wd0.0003__archlr0.0006__eps25x3__20251219-201516/stage2_switches_normal.json","570","103",".json","","True","review_extension:.json;generated_or_historical_output"
"PDARTS/output/search_runs/Batch/128/ISIC_search__ISIC2019__n6__seed0__img32__bs128__lr0.025__wd0.0003__archlr0.0006__eps25x3__20251219-201516/stage2_switches_reduce.json","570","87",".json","","True","review_extension:.json;generated_or_historical_output"
"PDARTS/output/search_runs/Batch/128/ISIC_search__ISIC2019__n6__seed0__img32__bs128__lr0.025__wd0.0003__archlr0.0006__eps25x3__20251219-201516/stage2_weights.pt","3743506","3047849",".pt","","True","review_extension:.pt;generated_or_historical_output"
"PDARTS/output/search_runs/Batch/128/ISIC_search__ISIC2019__n6__seed0__img32__bs128__lr0.025__wd0.0003__archlr0.0006__eps25x3__20251219-201516/stage3_switches_normal.json","318","63",".json","","True","review_extension:.json;generated_or_historical_output"
"PDARTS/output/search_runs/Batch/128/ISIC_search__ISIC2019__n6__seed0__img32__bs128__lr0.025__wd0.0003__archlr0.0006__eps25x3__20251219-201516/stage3_switches_reduce.json","318","59",".json","","True","review_extension:.json;generated_or_historical_output"
"PDARTS/output/search_runs/Batch/128/ISIC_search__ISIC2019__n6__seed0__img32__bs128__lr0.025__wd0.0003__archlr0.0006__eps25x3__20251219-201516/stage3_weights.pt","2858998","2263352",".pt","","True","review_extension:.pt;generated_or_historical_output"
"PDARTS/output/search_runs/Batch/128/ISIC_search__ISIC2019__n6__seed1__img32__bs128__lr0.025__wd0.0003__archlr0.0006__eps25x3__20251220-064002/arch_probs_final_normal.npy","576","255",".npy","","True","review_extension:.npy;generated_or_historical_output"
"PDARTS/output/search_runs/Batch/128/ISIC_search__ISIC2019__n6__seed1__img32__bs128__lr0.025__wd0.0003__archlr0.0006__eps25x3__20251220-064002/arch_probs_final_reduce.npy","576","249",".npy","","True","review_extension:.npy;generated_or_historical_output"
"PDARTS/output/search_runs/Batch/128/ISIC_search__ISIC2019__n6__seed1__img32__bs128__lr0.025__wd0.0003__archlr0.0006__eps25x3__20251220-064002/arch_probs_stage1_normal_global.npy","576","462",".npy","","True","review_extension:.npy;generated_or_historical_output"
"PDARTS/output/search_runs/Batch/128/ISIC_search__ISIC2019__n6__seed1__img32__bs128__lr0.025__wd0.0003__archlr0.0006__eps25x3__20251220-064002/arch_probs_stage1_normal_local.npy","576","462",".npy","","True","review_extension:.npy;generated_or_historical_output"
"PDARTS/output/search_runs/Batch/128/ISIC_search__ISIC2019__n6__seed1__img32__bs128__lr0.025__wd0.0003__archlr0.0006__eps25x3__20251220-064002/arch_probs_stage1_reduce_global.npy","576","526",".npy","","True","review_extension:.npy;generated_or_historical_output"
"PDARTS/output/search_runs/Batch/128/ISIC_search__ISIC2019__n6__seed1__img32__bs128__lr0.025__wd0.0003__archlr0.0006__eps25x3__20251220-064002/arch_probs_stage1_reduce_local.npy","576","526",".npy","","True","review_extension:.npy;generated_or_historical_output"
"PDARTS/output/search_runs/Batch/128/ISIC_search__ISIC2019__n6__seed1__img32__bs128__lr0.025__wd0.0003__archlr0.0006__eps25x3__20251220-064002/arch_probs_stage2_normal_global.npy","576","386",".npy","","True","review_extension:.npy;generated_or_historical_output"
"PDARTS/output/search_runs/Batch/128/ISIC_search__ISIC2019__n6__seed1__img32__bs128__lr0.025__wd0.0003__archlr0.0006__eps25x3__20251220-064002/arch_probs_stage2_normal_local.npy","408","360",".npy","","True","review_extension:.npy;generated_or_historical_output"
"PDARTS/output/search_runs/Batch/128/ISIC_search__ISIC2019__n6__seed1__img32__bs128__lr0.025__wd0.0003__archlr0.0006__eps25x3__20251220-064002/arch_probs_stage2_reduce_global.npy","576","382",".npy","","True","review_extension:.npy;generated_or_historical_output"
"PDARTS/output/search_runs/Batch/128/ISIC_search__ISIC2019__n6__seed1__img32__bs128__lr0.025__wd0.0003__archlr0.0006__eps25x3__20251220-064002/arch_probs_stage2_reduce_local.npy","408","350",".npy","","True","review_extension:.npy;generated_or_historical_output"
"PDARTS/output/search_runs/Batch/128/ISIC_search__ISIC2019__n6__seed1__img32__bs128__lr0.025__wd0.0003__archlr0.0006__eps25x3__20251220-064002/arch_probs_stage3_normal_global.npy","576","281",".npy","","True","review_extension:.npy;generated_or_historical_output"
"PDARTS/output/search_runs/Batch/128/ISIC_search__ISIC2019__n6__seed1__img32__bs128__lr0.025__wd0.0003__archlr0.0006__eps25x3__20251220-064002/arch_probs_stage3_normal_local.npy","296","249",".npy","","True","review_extension:.npy;generated_or_historical_output"
"PDARTS/output/search_runs/Batch/128/ISIC_search__ISIC2019__n6__seed1__img32__bs128__lr0.025__wd0.0003__archlr0.0006__eps25x3__20251220-064002/arch_probs_stage3_reduce_global.npy","576","281",".npy","","True","review_extension:.npy;generated_or_historical_output"
"PDARTS/output/search_runs/Batch/128/ISIC_search__ISIC2019__n6__seed1__img32__bs128__lr0.025__wd0.0003__archlr0.0006__eps25x3__20251220-064002/arch_probs_stage3_reduce_local.npy","296","249",".npy","","True","review_extension:.npy;generated_or_historical_output"
"PDARTS/output/search_runs/Batch/128/ISIC_search__ISIC2019__n6__seed1__img32__bs128__lr0.025__wd0.0003__archlr0.0006__eps25x3__20251220-064002/final_ops_normal.csv","212","118",".csv","","True","review_extension:.csv;generated_or_historical_output"
"PDARTS/output/search_runs/Batch/128/ISIC_search__ISIC2019__n6__seed1__img32__bs128__lr0.025__wd0.0003__archlr0.0006__eps25x3__20251220-064002/final_ops_reduce.csv","212","122",".csv","","True","review_extension:.csv;generated_or_historical_output"
"PDARTS/output/search_runs/Batch/128/ISIC_search__ISIC2019__n6__seed1__img32__bs128__lr0.025__wd0.0003__archlr0.0006__eps25x3__20251220-064002/final_switches_normal.json","240","60",".json","","True","review_extension:.json;generated_or_historical_output"
"PDARTS/output/search_runs/Batch/128/ISIC_search__ISIC2019__n6__seed1__img32__bs128__lr0.025__wd0.0003__archlr0.0006__eps25x3__20251220-064002/final_switches_reduce.json","240","61",".json","","True","review_extension:.json;generated_or_historical_output"
"PDARTS/output/search_runs/Batch/128/ISIC_search__ISIC2019__n6__seed1__img32__bs128__lr0.025__wd0.0003__archlr0.0006__eps25x3__20251220-064002/genotype.json","1072","185",".json","","True","review_extension:.json;generated_or_historical_output"
"PDARTS/output/search_runs/Batch/128/ISIC_search__ISIC2019__n6__seed1__img32__bs128__lr0.025__wd0.0003__archlr0.0006__eps25x3__20251220-064002/genotype.txt","417","154",".txt","","True","generated_or_historical_output"
"PDARTS/output/search_runs/Batch/128/ISIC_search__ISIC2019__n6__seed1__img32__bs128__lr0.025__wd0.0003__archlr0.0006__eps25x3__20251220-064002/run_args.json","1211","517",".json","","True","review_extension:.json;generated_or_historical_output"
"PDARTS/output/search_runs/Batch/128/ISIC_search__ISIC2019__n6__seed1__img32__bs128__lr0.025__wd0.0003__archlr0.0006__eps25x3__20251220-064002/search.log","37946","7434",".log","","True","review_extension:.log;generated_or_historical_output"
"PDARTS/output/search_runs/Batch/128/ISIC_search__ISIC2019__n6__seed1__img32__bs128__lr0.025__wd0.0003__archlr0.0006__eps25x3__20251220-064002/stage1_switches_normal.json","822","116",".json","","True","review_extension:.json;generated_or_historical_output"
"PDARTS/output/search_runs/Batch/128/ISIC_search__ISIC2019__n6__seed1__img32__bs128__lr0.025__wd0.0003__archlr0.0006__eps25x3__20251220-064002/stage1_switches_reduce.json","822","90",".json","","True","review_extension:.json;generated_or_historical_output"
"PDARTS/output/search_runs/Batch/128/ISIC_search__ISIC2019__n6__seed1__img32__bs128__lr0.025__wd0.0003__archlr0.0006__eps25x3__20251220-064002/stage1_weights.pt","3025416","2470028",".pt","","True","review_extension:.pt;generated_or_historical_output"
"PDARTS/output/search_runs/Batch/128/ISIC_search__ISIC2019__n6__seed1__img32__bs128__lr0.025__wd0.0003__archlr0.0006__eps25x3__20251220-064002/stage2_switches_normal.json","570","103",".json","","True","review_extension:.json;generated_or_historical_output"
"PDARTS/output/search_runs/Batch/128/ISIC_search__ISIC2019__n6__seed1__img32__bs128__lr0.025__wd0.0003__archlr0.0006__eps25x3__20251220-064002/stage2_switches_reduce.json","570","91",".json","","True","review_extension:.json;generated_or_historical_output"
"PDARTS/output/search_runs/Batch/128/ISIC_search__ISIC2019__n6__seed1__img32__bs128__lr0.025__wd0.0003__archlr0.0006__eps25x3__20251220-064002/stage2_weights.pt","3520710","2859603",".pt","","True","review_extension:.pt;generated_or_historical_output"
"PDARTS/output/search_runs/Batch/128/ISIC_search__ISIC2019__n6__seed1__img32__bs128__lr0.025__wd0.0003__archlr0.0006__eps25x3__20251220-064002/stage3_switches_normal.json","318","63",".json","","True","review_extension:.json;generated_or_historical_output"
"PDARTS/output/search_runs/Batch/128/ISIC_search__ISIC2019__n6__seed1__img32__bs128__lr0.025__wd0.0003__archlr0.0006__eps25x3__20251220-064002/stage3_switches_reduce.json","318","62",".json","","True","review_extension:.json;generated_or_historical_output"
"PDARTS/output/search_runs/Batch/128/ISIC_search__ISIC2019__n6__seed1__img32__bs128__lr0.025__wd0.0003__archlr0.0006__eps25x3__20251220-064002/stage3_weights.pt","2691362","2131204",".pt","","True","review_extension:.pt;generated_or_historical_output"
"PDARTS/output/search_runs/Batch/128/ISIC_search__ISIC2019__n6__seed2__img32__bs128__lr0.025__wd0.0003__archlr0.0006__eps25x3__20251220-170008/arch_probs_final_normal.npy","576","263",".npy","","True","review_extension:.npy;generated_or_historical_output"
"PDARTS/output/search_runs/Batch/128/ISIC_search__ISIC2019__n6__seed2__img32__bs128__lr0.025__wd0.0003__archlr0.0006__eps25x3__20251220-170008/arch_probs_final_reduce.npy","576","238",".npy","","True","review_extension:.npy;generated_or_historical_output"
"PDARTS/output/search_runs/Batch/128/ISIC_search__ISIC2019__n6__seed2__img32__bs128__lr0.025__wd0.0003__archlr0.0006__eps25x3__20251220-170008/arch_probs_stage1_normal_global.npy","576","459",".npy","","True","review_extension:.npy;generated_or_historical_output"
"PDARTS/output/search_runs/Batch/128/ISIC_search__ISIC2019__n6__seed2__img32__bs128__lr0.025__wd0.0003__archlr0.0006__eps25x3__20251220-170008/arch_probs_stage1_normal_local.npy","576","459",".npy","","True","review_extension:.npy;generated_or_historical_output"
"PDARTS/output/search_runs/Batch/128/ISIC_search__ISIC2019__n6__seed2__img32__bs128__lr0.025__wd0.0003__archlr0.0006__eps25x3__20251220-170008/arch_probs_stage1_reduce_global.npy","576","523",".npy","","True","review_extension:.npy;generated_or_historical_output"
"PDARTS/output/search_runs/Batch/128/ISIC_search__ISIC2019__n6__seed2__img32__bs128__lr0.025__wd0.0003__archlr0.0006__eps25x3__20251220-170008/arch_probs_stage1_reduce_local.npy","576","523",".npy","","True","review_extension:.npy;generated_or_historical_output"
"PDARTS/output/search_runs/Batch/128/ISIC_search__ISIC2019__n6__seed2__img32__bs128__lr0.025__wd0.0003__archlr0.0006__eps25x3__20251220-170008/arch_probs_stage2_normal_global.npy","576","392",".npy","","True","review_extension:.npy;generated_or_historical_output"
"PDARTS/output/search_runs/Batch/128/ISIC_search__ISIC2019__n6__seed2__img32__bs128__lr0.025__wd0.0003__archlr0.0006__eps25x3__20251220-170008/arch_probs_stage2_normal_local.npy","408","360",".npy","","True","review_extension:.npy;generated_or_historical_output"
"PDARTS/output/search_runs/Batch/128/ISIC_search__ISIC2019__n6__seed2__img32__bs128__lr0.025__wd0.0003__archlr0.0006__eps25x3__20251220-170008/arch_probs_stage2_reduce_global.npy","576","387",".npy","","True","review_extension:.npy;generated_or_historical_output"
"PDARTS/output/search_runs/Batch/128/ISIC_search__ISIC2019__n6__seed2__img32__bs128__lr0.025__wd0.0003__archlr0.0006__eps25x3__20251220-170008/arch_probs_stage2_reduce_local.npy","408","360",".npy","","True","review_extension:.npy;generated_or_historical_output"
"PDARTS/output/search_runs/Batch/128/ISIC_search__ISIC2019__n6__seed2__img32__bs128__lr0.025__wd0.0003__archlr0.0006__eps25x3__20251220-170008/arch_probs_stage3_normal_global.npy","576","281",".npy","","True","review_extension:.npy;generated_or_historical_output"
"PDARTS/output/search_runs/Batch/128/ISIC_search__ISIC2019__n6__seed2__img32__bs128__lr0.025__wd0.0003__archlr0.0006__eps25x3__20251220-170008/arch_probs_stage3_normal_local.npy","296","248",".npy","","True","review_extension:.npy;generated_or_historical_output"
"PDARTS/output/search_runs/Batch/128/ISIC_search__ISIC2019__n6__seed2__img32__bs128__lr0.025__wd0.0003__archlr0.0006__eps25x3__20251220-170008/arch_probs_stage3_reduce_global.npy","576","277",".npy","","True","review_extension:.npy;generated_or_historical_output"
"PDARTS/output/search_runs/Batch/128/ISIC_search__ISIC2019__n6__seed2__img32__bs128__lr0.025__wd0.0003__archlr0.0006__eps25x3__20251220-170008/arch_probs_stage3_reduce_local.npy","296","247",".npy","","True","review_extension:.npy;generated_or_historical_output"
"PDARTS/output/search_runs/Batch/128/ISIC_search__ISIC2019__n6__seed2__img32__bs128__lr0.025__wd0.0003__archlr0.0006__eps25x3__20251220-170008/final_ops_normal.csv","212","106",".csv","","True","review_extension:.csv;generated_or_historical_output"
"PDARTS/output/search_runs/Batch/128/ISIC_search__ISIC2019__n6__seed2__img32__bs128__lr0.025__wd0.0003__archlr0.0006__eps25x3__20251220-170008/final_ops_reduce.csv","212","116",".csv","","True","review_extension:.csv;generated_or_historical_output"
"PDARTS/output/search_runs/Batch/128/ISIC_search__ISIC2019__n6__seed2__img32__bs128__lr0.025__wd0.0003__archlr0.0006__eps25x3__20251220-170008/final_switches_normal.json","240","56",".json","","True","review_extension:.json;generated_or_historical_output"
"PDARTS/output/search_runs/Batch/128/ISIC_search__ISIC2019__n6__seed2__img32__bs128__lr0.025__wd0.0003__archlr0.0006__eps25x3__20251220-170008/final_switches_reduce.json","240","59",".json","","True","review_extension:.json;generated_or_historical_output"
"PDARTS/output/search_runs/Batch/128/ISIC_search__ISIC2019__n6__seed2__img32__bs128__lr0.025__wd0.0003__archlr0.0006__eps25x3__20251220-170008/genotype.json","1072","176",".json","","True","review_extension:.json;generated_or_historical_output"
"PDARTS/output/search_runs/Batch/128/ISIC_search__ISIC2019__n6__seed2__img32__bs128__lr0.025__wd0.0003__archlr0.0006__eps25x3__20251220-170008/genotype.txt","417","145",".txt","","True","generated_or_historical_output"
"PDARTS/output/search_runs/Batch/128/ISIC_search__ISIC2019__n6__seed2__img32__bs128__lr0.025__wd0.0003__archlr0.0006__eps25x3__20251220-170008/run_args.json","1211","517",".json","","True","review_extension:.json;generated_or_historical_output"
"PDARTS/output/search_runs/Batch/128/ISIC_search__ISIC2019__n6__seed2__img32__bs128__lr0.025__wd0.0003__archlr0.0006__eps25x3__20251220-170008/search.log","37962","7314",".log","","True","review_extension:.log;generated_or_historical_output"
"PDARTS/output/search_runs/Batch/128/ISIC_search__ISIC2019__n6__seed2__img32__bs128__lr0.025__wd0.0003__archlr0.0006__eps25x3__20251220-170008/stage1_switches_normal.json","822","111",".json","","True","review_extension:.json;generated_or_historical_output"
"PDARTS/output/search_runs/Batch/128/ISIC_search__ISIC2019__n6__seed2__img32__bs128__lr0.025__wd0.0003__archlr0.0006__eps25x3__20251220-170008/stage1_switches_reduce.json","822","99",".json","","True","review_extension:.json;generated_or_historical_output"
"PDARTS/output/search_runs/Batch/128/ISIC_search__ISIC2019__n6__seed2__img32__bs128__lr0.025__wd0.0003__archlr0.0006__eps25x3__20251220-170008/stage1_weights.pt","3025416","2469510",".pt","","True","review_extension:.pt;generated_or_historical_output"
"PDARTS/output/search_runs/Batch/128/ISIC_search__ISIC2019__n6__seed2__img32__bs128__lr0.025__wd0.0003__archlr0.0006__eps25x3__20251220-170008/stage2_switches_normal.json","570","97",".json","","True","review_extension:.json;generated_or_historical_output"
"PDARTS/output/search_runs/Batch/128/ISIC_search__ISIC2019__n6__seed2__img32__bs128__lr0.025__wd0.0003__archlr0.0006__eps25x3__20251220-170008/stage2_switches_reduce.json","570","96",".json","","True","review_extension:.json;generated_or_historical_output"
"PDARTS/output/search_runs/Batch/128/ISIC_search__ISIC2019__n6__seed2__img32__bs128__lr0.025__wd0.0003__archlr0.0006__eps25x3__20251220-170008/stage2_weights.pt","3870078","3159715",".pt","","True","review_extension:.pt;generated_or_historical_output"
"PDARTS/output/search_runs/Batch/128/ISIC_search__ISIC2019__n6__seed2__img32__bs128__lr0.025__wd0.0003__archlr0.0006__eps25x3__20251220-170008/stage3_switches_normal.json","318","59",".json","","True","review_extension:.json;generated_or_historical_output"
"PDARTS/output/search_runs/Batch/128/ISIC_search__ISIC2019__n6__seed2__img32__bs128__lr0.025__wd0.0003__archlr0.0006__eps25x3__20251220-170008/stage3_switches_reduce.json","318","58",".json","","True","review_extension:.json;generated_or_historical_output"
"PDARTS/output/search_runs/Batch/128/ISIC_search__ISIC2019__n6__seed2__img32__bs128__lr0.025__wd0.0003__archlr0.0006__eps25x3__20251220-170008/stage3_weights.pt","2847794","2267426",".pt","","True","review_extension:.pt;generated_or_historical_output"
"PDARTS/output/search_runs/Batch/128/ISIC_search__ISIC2019__n8__seed0__img32__bs128__lr0.025__wd0.0003__archlr0.0006__eps25x3__20251221-033702/arch_probs_stage1_normal_global.npy","576","521",".npy","","True","review_extension:.npy;generated_or_historical_output"
"PDARTS/output/search_runs/Batch/128/ISIC_search__ISIC2019__n8__seed0__img32__bs128__lr0.025__wd0.0003__archlr0.0006__eps25x3__20251221-033702/arch_probs_stage1_normal_local.npy","576","521",".npy","","True","review_extension:.npy;generated_or_historical_output"
"PDARTS/output/search_runs/Batch/128/ISIC_search__ISIC2019__n8__seed0__img32__bs128__lr0.025__wd0.0003__archlr0.0006__eps25x3__20251221-033702/arch_probs_stage1_reduce_global.npy","576","520",".npy","","True","review_extension:.npy;generated_or_historical_output"
"PDARTS/output/search_runs/Batch/128/ISIC_search__ISIC2019__n8__seed0__img32__bs128__lr0.025__wd0.0003__archlr0.0006__eps25x3__20251221-033702/arch_probs_stage1_reduce_local.npy","576","520",".npy","","True","review_extension:.npy;generated_or_historical_output"
"PDARTS/output/search_runs/Batch/128/ISIC_search__ISIC2019__n8__seed0__img32__bs128__lr0.025__wd0.0003__archlr0.0006__eps25x3__20251221-033702/run_args.json","1211","517",".json","","True","review_extension:.json;generated_or_historical_output"
"PDARTS/output/search_runs/Batch/128/ISIC_search__ISIC2019__n8__seed0__img32__bs128__lr0.025__wd0.0003__archlr0.0006__eps25x3__20251221-033702/search.log","19739","4180",".log","","True","review_extension:.log;generated_or_historical_output"
"PDARTS/output/search_runs/Batch/128/ISIC_search__ISIC2019__n8__seed0__img32__bs128__lr0.025__wd0.0003__archlr0.0006__eps25x3__20251221-033702/stage1_switches_normal.json","822","81",".json","","True","review_extension:.json;generated_or_historical_output"
"PDARTS/output/search_runs/Batch/128/ISIC_search__ISIC2019__n8__seed0__img32__bs128__lr0.025__wd0.0003__archlr0.0006__eps25x3__20251221-033702/stage1_switches_reduce.json","822","111",".json","","True","review_extension:.json;generated_or_historical_output"
"PDARTS/output/search_runs/Batch/128/ISIC_search__ISIC2019__n8__seed0__img32__bs128__lr0.025__wd0.0003__archlr0.0006__eps25x3__20251221-033702/stage1_weights.pt","5526094","4473960",".pt","","True","review_extension:.pt;large_file;generated_or_historical_output"
"PDARTS/output/search_runs/Batch/256/_BATCH_LEDGER.csv","4832","664",".csv","","True","review_extension:.csv;generated_or_historical_output"
"PDARTS/output/search_runs/Batch/256/_SEARCH_LEDGER.csv","4901","746",".csv","","True","review_extension:.csv;generated_or_historical_output"
"PDARTS/output/search_runs/Batch/256/ISIC_search__ISIC2019__n6__seed0__img32__bs256__lr0.025__wd0.0003__archlr0.0006__eps25x3__20251219-201622/arch_probs_final_normal.npy","576","256",".npy","","True","review_extension:.npy;generated_or_historical_output"
"PDARTS/output/search_runs/Batch/256/ISIC_search__ISIC2019__n6__seed0__img32__bs256__lr0.025__wd0.0003__archlr0.0006__eps25x3__20251219-201622/arch_probs_final_reduce.npy","576","249",".npy","","True","review_extension:.npy;generated_or_historical_output"
"PDARTS/output/search_runs/Batch/256/ISIC_search__ISIC2019__n6__seed0__img32__bs256__lr0.025__wd0.0003__archlr0.0006__eps25x3__20251219-201622/arch_probs_stage1_normal_global.npy","576","463",".npy","","True","review_extension:.npy;generated_or_historical_output"
"PDARTS/output/search_runs/Batch/256/ISIC_search__ISIC2019__n6__seed0__img32__bs256__lr0.025__wd0.0003__archlr0.0006__eps25x3__20251219-201622/arch_probs_stage1_normal_local.npy","576","463",".npy","","True","review_extension:.npy;generated_or_historical_output"
"PDARTS/output/search_runs/Batch/256/ISIC_search__ISIC2019__n6__seed0__img32__bs256__lr0.025__wd0.0003__archlr0.0006__eps25x3__20251219-201622/arch_probs_stage1_reduce_global.npy","576","519",".npy","","True","review_extension:.npy;generated_or_historical_output"
"PDARTS/output/search_runs/Batch/256/ISIC_search__ISIC2019__n6__seed0__img32__bs256__lr0.025__wd0.0003__archlr0.0006__eps25x3__20251219-201622/arch_probs_stage1_reduce_local.npy","576","519",".npy","","True","review_extension:.npy;generated_or_historical_output"
"PDARTS/output/search_runs/Batch/256/ISIC_search__ISIC2019__n6__seed0__img32__bs256__lr0.025__wd0.0003__archlr0.0006__eps25x3__20251219-201622/arch_probs_stage2_normal_global.npy","576","387",".npy","","True","review_extension:.npy;generated_or_historical_output"
"PDARTS/output/search_runs/Batch/256/ISIC_search__ISIC2019__n6__seed0__img32__bs256__lr0.025__wd0.0003__archlr0.0006__eps25x3__20251219-201622/arch_probs_stage2_normal_local.npy","408","359",".npy","","True","review_extension:.npy;generated_or_historical_output"
"PDARTS/output/search_runs/Batch/256/ISIC_search__ISIC2019__n6__seed0__img32__bs256__lr0.025__wd0.0003__archlr0.0006__eps25x3__20251219-201622/arch_probs_stage2_reduce_global.npy","576","385",".npy","","True","review_extension:.npy;generated_or_historical_output"
"PDARTS/output/search_runs/Batch/256/ISIC_search__ISIC2019__n6__seed0__img32__bs256__lr0.025__wd0.0003__archlr0.0006__eps25x3__20251219-201622/arch_probs_stage2_reduce_local.npy","408","360",".npy","","True","review_extension:.npy;generated_or_historical_output"
"PDARTS/output/search_runs/Batch/256/ISIC_search__ISIC2019__n6__seed0__img32__bs256__lr0.025__wd0.0003__archlr0.0006__eps25x3__20251219-201622/arch_probs_stage3_normal_global.npy","576","276",".npy","","True","review_extension:.npy;generated_or_historical_output"
"PDARTS/output/search_runs/Batch/256/ISIC_search__ISIC2019__n6__seed0__img32__bs256__lr0.025__wd0.0003__archlr0.0006__eps25x3__20251219-201622/arch_probs_stage3_normal_local.npy","296","249",".npy","","True","review_extension:.npy;generated_or_historical_output"
"PDARTS/output/search_runs/Batch/256/ISIC_search__ISIC2019__n6__seed0__img32__bs256__lr0.025__wd0.0003__archlr0.0006__eps25x3__20251219-201622/arch_probs_stage3_reduce_global.npy","576","277",".npy","","True","review_extension:.npy;generated_or_historical_output"
"PDARTS/output/search_runs/Batch/256/ISIC_search__ISIC2019__n6__seed0__img32__bs256__lr0.025__wd0.0003__archlr0.0006__eps25x3__20251219-201622/arch_probs_stage3_reduce_local.npy","296","248",".npy","","True","review_extension:.npy;generated_or_historical_output"
"PDARTS/output/search_runs/Batch/256/ISIC_search__ISIC2019__n6__seed0__img32__bs256__lr0.025__wd0.0003__archlr0.0006__eps25x3__20251219-201622/final_ops_normal.csv","212","108",".csv","","True","review_extension:.csv;generated_or_historical_output"
"PDARTS/output/search_runs/Batch/256/ISIC_search__ISIC2019__n6__seed0__img32__bs256__lr0.025__wd0.0003__archlr0.0006__eps25x3__20251219-201622/final_ops_reduce.csv","212","114",".csv","","True","review_extension:.csv;generated_or_historical_output"
"PDARTS/output/search_runs/Batch/256/ISIC_search__ISIC2019__n6__seed0__img32__bs256__lr0.025__wd0.0003__archlr0.0006__eps25x3__20251219-201622/final_switches_normal.json","240","59",".json","","True","review_extension:.json;generated_or_historical_output"
"PDARTS/output/search_runs/Batch/256/ISIC_search__ISIC2019__n6__seed0__img32__bs256__lr0.025__wd0.0003__archlr0.0006__eps25x3__20251219-201622/final_switches_reduce.json","240","55",".json","","True","review_extension:.json;generated_or_historical_output"
"PDARTS/output/search_runs/Batch/256/ISIC_search__ISIC2019__n6__seed0__img32__bs256__lr0.025__wd0.0003__archlr0.0006__eps25x3__20251219-201622/genotype.json","1072","183",".json","","True","review_extension:.json;generated_or_historical_output"
"PDARTS/output/search_runs/Batch/256/ISIC_search__ISIC2019__n6__seed0__img32__bs256__lr0.025__wd0.0003__archlr0.0006__eps25x3__20251219-201622/genotype.txt","417","150",".txt","","True","generated_or_historical_output"
"PDARTS/output/search_runs/Batch/256/ISIC_search__ISIC2019__n6__seed0__img32__bs256__lr0.025__wd0.0003__archlr0.0006__eps25x3__20251219-201622/run_args.json","1211","515",".json","","True","review_extension:.json;generated_or_historical_output"
"PDARTS/output/search_runs/Batch/256/ISIC_search__ISIC2019__n6__seed0__img32__bs256__lr0.025__wd0.0003__archlr0.0006__eps25x3__20251219-201622/search.log","32458","6100",".log","","True","review_extension:.log;generated_or_historical_output"
"PDARTS/output/search_runs/Batch/256/ISIC_search__ISIC2019__n6__seed0__img32__bs256__lr0.025__wd0.0003__archlr0.0006__eps25x3__20251219-201622/stage1_switches_normal.json","822","116",".json","","True","review_extension:.json;generated_or_historical_output"
"PDARTS/output/search_runs/Batch/256/ISIC_search__ISIC2019__n6__seed0__img32__bs256__lr0.025__wd0.0003__archlr0.0006__eps25x3__20251219-201622/stage1_switches_reduce.json","822","107",".json","","True","review_extension:.json;generated_or_historical_output"
"PDARTS/output/search_runs/Batch/256/ISIC_search__ISIC2019__n6__seed0__img32__bs256__lr0.025__wd0.0003__archlr0.0006__eps25x3__20251219-201622/stage1_weights.pt","3025416","2469221",".pt","","True","review_extension:.pt;generated_or_historical_output"
"PDARTS/output/search_runs/Batch/256/ISIC_search__ISIC2019__n6__seed0__img32__bs256__lr0.025__wd0.0003__archlr0.0006__eps25x3__20251219-201622/stage2_switches_normal.json","570","96",".json","","True","review_extension:.json;generated_or_historical_output"
"PDARTS/output/search_runs/Batch/256/ISIC_search__ISIC2019__n6__seed0__img32__bs256__lr0.025__wd0.0003__archlr0.0006__eps25x3__20251219-201622/stage2_switches_reduce.json","570","92",".json","","True","review_extension:.json;generated_or_historical_output"
"PDARTS/output/search_runs/Batch/256/ISIC_search__ISIC2019__n6__seed0__img32__bs256__lr0.025__wd0.0003__archlr0.0006__eps25x3__20251219-201622/stage2_weights.pt","3528370","2862573",".pt","","True","review_extension:.pt;generated_or_historical_output"
"PDARTS/output/search_runs/Batch/256/ISIC_search__ISIC2019__n6__seed0__img32__bs256__lr0.025__wd0.0003__archlr0.0006__eps25x3__20251219-201622/stage3_switches_normal.json","318","60",".json","","True","review_extension:.json;generated_or_historical_output"
"PDARTS/output/search_runs/Batch/256/ISIC_search__ISIC2019__n6__seed0__img32__bs256__lr0.025__wd0.0003__archlr0.0006__eps25x3__20251219-201622/stage3_switches_reduce.json","318","55",".json","","True","review_extension:.json;generated_or_historical_output"
"PDARTS/output/search_runs/Batch/256/ISIC_search__ISIC2019__n6__seed0__img32__bs256__lr0.025__wd0.0003__archlr0.0006__eps25x3__20251219-201622/stage3_weights.pt","2963458","2350012",".pt","","True","review_extension:.pt;generated_or_historical_output"
"PDARTS/output/search_runs/Batch/256/ISIC_search__ISIC2019__n6__seed0__img32__bs256__lr0.025__wd0.0003__archlr0.0006__eps25x3__20251221-113013/run_args.json","1211","515",".json","","True","review_extension:.json;generated_or_historical_output"
"PDARTS/output/search_runs/Batch/256/ISIC_search__ISIC2019__n6__seed0__img32__bs256__lr0.025__wd0.0003__archlr0.0006__eps25x3__20251221-113013/search.log","12281","1866",".log","","True","review_extension:.log;generated_or_historical_output"
"PDARTS/output/search_runs/Batch/256/ISIC_search__ISIC2019__n6__seed0__img32__bs256__lr0.025__wd0.0003__archlr0.0006__eps25x3__20251221-133712/run_args.json","1211","515",".json","","True","review_extension:.json;generated_or_historical_output"
"PDARTS/output/search_runs/Batch/256/ISIC_search__ISIC2019__n6__seed0__img32__bs256__lr0.025__wd0.0003__archlr0.0006__eps25x3__20251221-133712/search.log","3746","852",".log","","True","review_extension:.log;generated_or_historical_output"
"PDARTS/output/search_runs/Batch/256/ISIC_search__ISIC2019__n6__seed0__img32__bs256__lr0.025__wd0.0003__archlr0.0006__eps25x3__20251221-133713/run_args.json","1211","515",".json","","True","review_extension:.json;generated_or_historical_output"
"PDARTS/output/search_runs/Batch/256/ISIC_search__ISIC2019__n6__seed0__img32__bs256__lr0.025__wd0.0003__archlr0.0006__eps25x3__20251221-133713/search.log","8416","1947",".log","","True","review_extension:.log;generated_or_historical_output"
"PDARTS/output/search_runs/Batch/256/ISIC_search__ISIC2019__n6__seed0__img32__bs256__lr0.025__wd0.0003__archlr0.0006__eps25x3__20251221-160613/run_args.json","1211","515",".json","","True","review_extension:.json;generated_or_historical_output"
"PDARTS/output/search_runs/Batch/256/ISIC_search__ISIC2019__n6__seed0__img32__bs256__lr0.025__wd0.0003__archlr0.0006__eps25x3__20251221-160613/search.log","9176","1764",".log","","True","review_extension:.log;generated_or_historical_output"
"PDARTS/output/search_runs/Batch/256/ISIC_search__ISIC2019__n6__seed0__img32__bs256__lr0.025__wd0.0003__archlr0.0006__eps25x3__20251221-180313/run_args.json","1211","515",".json","","True","review_extension:.json;generated_or_historical_output"
"PDARTS/output/search_runs/Batch/256/ISIC_search__ISIC2019__n6__seed0__img32__bs256__lr0.025__wd0.0003__archlr0.0006__eps25x3__20251221-180313/search.log","9923","1627",".log","","True","review_extension:.log;generated_or_historical_output"
"PDARTS/output/search_runs/Batch/256/ISIC_search__ISIC2019__n6__seed0__img32__bs256__lr0.025__wd0.0003__archlr0.0006__eps25x3__20251221-193913/run_args.json","1211","515",".json","","True","review_extension:.json;generated_or_historical_output"
"PDARTS/output/search_runs/Batch/256/ISIC_search__ISIC2019__n6__seed0__img32__bs256__lr0.025__wd0.0003__archlr0.0006__eps25x3__20251221-193913/search.log","11168","1769",".log","","True","review_extension:.log;generated_or_historical_output"
"PDARTS/output/search_runs/Batch/256/ISIC_search__ISIC2019__n6__seed0__img32__bs256__lr0.025__wd0.0003__archlr0.0006__eps25x3__20251221-213013/arch_probs_final_normal.npy","576","256",".npy","","True","review_extension:.npy;generated_or_historical_output"
"PDARTS/output/search_runs/Batch/256/ISIC_search__ISIC2019__n6__seed0__img32__bs256__lr0.025__wd0.0003__archlr0.0006__eps25x3__20251221-213013/arch_probs_final_reduce.npy","576","249",".npy","","True","review_extension:.npy;generated_or_historical_output"
"PDARTS/output/search_runs/Batch/256/ISIC_search__ISIC2019__n6__seed0__img32__bs256__lr0.025__wd0.0003__archlr0.0006__eps25x3__20251221-213013/arch_probs_stage1_normal_global.npy","576","463",".npy","","True","review_extension:.npy;generated_or_historical_output"
"PDARTS/output/search_runs/Batch/256/ISIC_search__ISIC2019__n6__seed0__img32__bs256__lr0.025__wd0.0003__archlr0.0006__eps25x3__20251221-213013/arch_probs_stage1_normal_local.npy","576","463",".npy","","True","review_extension:.npy;generated_or_historical_output"
"PDARTS/output/search_runs/Batch/256/ISIC_search__ISIC2019__n6__seed0__img32__bs256__lr0.025__wd0.0003__archlr0.0006__eps25x3__20251221-213013/arch_probs_stage1_reduce_global.npy","576","519",".npy","","True","review_extension:.npy;generated_or_historical_output"
"PDARTS/output/search_runs/Batch/256/ISIC_search__ISIC2019__n6__seed0__img32__bs256__lr0.025__wd0.0003__archlr0.0006__eps25x3__20251221-213013/arch_probs_stage1_reduce_local.npy","576","519",".npy","","True","review_extension:.npy;generated_or_historical_output"
"PDARTS/output/search_runs/Batch/256/ISIC_search__ISIC2019__n6__seed0__img32__bs256__lr0.025__wd0.0003__archlr0.0006__eps25x3__20251221-213013/arch_probs_stage2_normal_global.npy","576","387",".npy","","True","review_extension:.npy;generated_or_historical_output"
"PDARTS/output/search_runs/Batch/256/ISIC_search__ISIC2019__n6__seed0__img32__bs256__lr0.025__wd0.0003__archlr0.0006__eps25x3__20251221-213013/arch_probs_stage2_normal_local.npy","408","359",".npy","","True","review_extension:.npy;generated_or_historical_output"
"PDARTS/output/search_runs/Batch/256/ISIC_search__ISIC2019__n6__seed0__img32__bs256__lr0.025__wd0.0003__archlr0.0006__eps25x3__20251221-213013/arch_probs_stage2_reduce_global.npy","576","385",".npy","","True","review_extension:.npy;generated_or_historical_output"
"PDARTS/output/search_runs/Batch/256/ISIC_search__ISIC2019__n6__seed0__img32__bs256__lr0.025__wd0.0003__archlr0.0006__eps25x3__20251221-213013/arch_probs_stage2_reduce_local.npy","408","360",".npy","","True","review_extension:.npy;generated_or_historical_output"
"PDARTS/output/search_runs/Batch/256/ISIC_search__ISIC2019__n6__seed0__img32__bs256__lr0.025__wd0.0003__archlr0.0006__eps25x3__20251221-213013/arch_probs_stage3_normal_global.npy","576","276",".npy","","True","review_extension:.npy;generated_or_historical_output"
"PDARTS/output/search_runs/Batch/256/ISIC_search__ISIC2019__n6__seed0__img32__bs256__lr0.025__wd0.0003__archlr0.0006__eps25x3__20251221-213013/arch_probs_stage3_normal_local.npy","296","249",".npy","","True","review_extension:.npy;generated_or_historical_output"
"PDARTS/output/search_runs/Batch/256/ISIC_search__ISIC2019__n6__seed0__img32__bs256__lr0.025__wd0.0003__archlr0.0006__eps25x3__20251221-213013/arch_probs_stage3_reduce_global.npy","576","277",".npy","","True","review_extension:.npy;generated_or_historical_output"
"PDARTS/output/search_runs/Batch/256/ISIC_search__ISIC2019__n6__seed0__img32__bs256__lr0.025__wd0.0003__archlr0.0006__eps25x3__20251221-213013/arch_probs_stage3_reduce_local.npy","296","248",".npy","","True","review_extension:.npy;generated_or_historical_output"
"PDARTS/output/search_runs/Batch/256/ISIC_search__ISIC2019__n6__seed0__img32__bs256__lr0.025__wd0.0003__archlr0.0006__eps25x3__20251221-213013/final_ops_normal.csv","212","108",".csv","","True","review_extension:.csv;generated_or_historical_output"
"PDARTS/output/search_runs/Batch/256/ISIC_search__ISIC2019__n6__seed0__img32__bs256__lr0.025__wd0.0003__archlr0.0006__eps25x3__20251221-213013/final_ops_reduce.csv","212","114",".csv","","True","review_extension:.csv;generated_or_historical_output"
"PDARTS/output/search_runs/Batch/256/ISIC_search__ISIC2019__n6__seed0__img32__bs256__lr0.025__wd0.0003__archlr0.0006__eps25x3__20251221-213013/final_switches_normal.json","240","59",".json","","True","review_extension:.json;generated_or_historical_output"
"PDARTS/output/search_runs/Batch/256/ISIC_search__ISIC2019__n6__seed0__img32__bs256__lr0.025__wd0.0003__archlr0.0006__eps25x3__20251221-213013/final_switches_reduce.json","240","55",".json","","True","review_extension:.json;generated_or_historical_output"
"PDARTS/output/search_runs/Batch/256/ISIC_search__ISIC2019__n6__seed0__img32__bs256__lr0.025__wd0.0003__archlr0.0006__eps25x3__20251221-213013/genotype.json","1072","183",".json","","True","review_extension:.json;generated_or_historical_output"
"PDARTS/output/search_runs/Batch/256/ISIC_search__ISIC2019__n6__seed0__img32__bs256__lr0.025__wd0.0003__archlr0.0006__eps25x3__20251221-213013/genotype.txt","417","150",".txt","","True","generated_or_historical_output"
"PDARTS/output/search_runs/Batch/256/ISIC_search__ISIC2019__n6__seed0__img32__bs256__lr0.025__wd0.0003__archlr0.0006__eps25x3__20251221-213013/run_args.json","1211","515",".json","","True","review_extension:.json;generated_or_historical_output"
"PDARTS/output/search_runs/Batch/256/ISIC_search__ISIC2019__n6__seed0__img32__bs256__lr0.025__wd0.0003__archlr0.0006__eps25x3__20251221-213013/search.log","51447","6627",".log","","True","review_extension:.log;generated_or_historical_output"
"PDARTS/output/search_runs/Batch/256/ISIC_search__ISIC2019__n6__seed0__img32__bs256__lr0.025__wd0.0003__archlr0.0006__eps25x3__20251221-213013/stage1_switches_normal.json","822","116",".json","","True","review_extension:.json;generated_or_historical_output"
"PDARTS/output/search_runs/Batch/256/ISIC_search__ISIC2019__n6__seed0__img32__bs256__lr0.025__wd0.0003__archlr0.0006__eps25x3__20251221-213013/stage1_switches_reduce.json","822","107",".json","","True","review_extension:.json;generated_or_historical_output"
"PDARTS/output/search_runs/Batch/256/ISIC_search__ISIC2019__n6__seed0__img32__bs256__lr0.025__wd0.0003__archlr0.0006__eps25x3__20251221-213013/stage1_weights.pt","3025416","2469221",".pt","","True","review_extension:.pt;generated_or_historical_output"
"PDARTS/output/search_runs/Batch/256/ISIC_search__ISIC2019__n6__seed0__img32__bs256__lr0.025__wd0.0003__archlr0.0006__eps25x3__20251221-213013/stage2_switches_normal.json","570","96",".json","","True","review_extension:.json;generated_or_historical_output"
"PDARTS/output/search_runs/Batch/256/ISIC_search__ISIC2019__n6__seed0__img32__bs256__lr0.025__wd0.0003__archlr0.0006__eps25x3__20251221-213013/stage2_switches_reduce.json","570","92",".json","","True","review_extension:.json;generated_or_historical_output"
"PDARTS/output/search_runs/Batch/256/ISIC_search__ISIC2019__n6__seed0__img32__bs256__lr0.025__wd0.0003__archlr0.0006__eps25x3__20251221-213013/stage2_weights.pt","3528370","2862573",".pt","","True","review_extension:.pt;generated_or_historical_output"
"PDARTS/output/search_runs/Batch/256/ISIC_search__ISIC2019__n6__seed0__img32__bs256__lr0.025__wd0.0003__archlr0.0006__eps25x3__20251221-213013/stage3_switches_normal.json","318","60",".json","","True","review_extension:.json;generated_or_historical_output"
"PDARTS/output/search_runs/Batch/256/ISIC_search__ISIC2019__n6__seed0__img32__bs256__lr0.025__wd0.0003__archlr0.0006__eps25x3__20251221-213013/stage3_switches_reduce.json","318","55",".json","","True","review_extension:.json;generated_or_historical_output"
"PDARTS/output/search_runs/Batch/256/ISIC_search__ISIC2019__n6__seed0__img32__bs256__lr0.025__wd0.0003__archlr0.0006__eps25x3__20251221-213013/stage3_weights.pt","2963458","2350012",".pt","","True","review_extension:.pt;generated_or_historical_output"
"PDARTS/output/search_runs/Batch/256/ISIC_search__ISIC2019__n6__seed1__img32__bs256__lr0.025__wd0.0003__archlr0.0006__eps25x3__20251220-064504/arch_probs_final_normal.npy","576","250",".npy","","True","review_extension:.npy;generated_or_historical_output"
"PDARTS/output/search_runs/Batch/256/ISIC_search__ISIC2019__n6__seed1__img32__bs256__lr0.025__wd0.0003__archlr0.0006__eps25x3__20251220-064504/arch_probs_final_reduce.npy","576","233",".npy","","True","review_extension:.npy;generated_or_historical_output"
"PDARTS/output/search_runs/Batch/256/ISIC_search__ISIC2019__n6__seed1__img32__bs256__lr0.025__wd0.0003__archlr0.0006__eps25x3__20251220-064504/arch_probs_stage1_normal_global.npy","576","462",".npy","","True","review_extension:.npy;generated_or_historical_output"
"PDARTS/output/search_runs/Batch/256/ISIC_search__ISIC2019__n6__seed1__img32__bs256__lr0.025__wd0.0003__archlr0.0006__eps25x3__20251220-064504/arch_probs_stage1_normal_local.npy","576","462",".npy","","True","review_extension:.npy;generated_or_historical_output"
"PDARTS/output/search_runs/Batch/256/ISIC_search__ISIC2019__n6__seed1__img32__bs256__lr0.025__wd0.0003__archlr0.0006__eps25x3__20251220-064504/arch_probs_stage1_reduce_global.npy","576","515",".npy","","True","review_extension:.npy;generated_or_historical_output"
"PDARTS/output/search_runs/Batch/256/ISIC_search__ISIC2019__n6__seed1__img32__bs256__lr0.025__wd0.0003__archlr0.0006__eps25x3__20251220-064504/arch_probs_stage1_reduce_local.npy","576","515",".npy","","True","review_extension:.npy;generated_or_historical_output"
"PDARTS/output/search_runs/Batch/256/ISIC_search__ISIC2019__n6__seed1__img32__bs256__lr0.025__wd0.0003__archlr0.0006__eps25x3__20251220-064504/arch_probs_stage2_normal_global.npy","576","384",".npy","","True","review_extension:.npy;generated_or_historical_output"
"PDARTS/output/search_runs/Batch/256/ISIC_search__ISIC2019__n6__seed1__img32__bs256__lr0.025__wd0.0003__archlr0.0006__eps25x3__20251220-064504/arch_probs_stage2_normal_local.npy","408","359",".npy","","True","review_extension:.npy;generated_or_historical_output"
"PDARTS/output/search_runs/Batch/256/ISIC_search__ISIC2019__n6__seed1__img32__bs256__lr0.025__wd0.0003__archlr0.0006__eps25x3__20251220-064504/arch_probs_stage2_reduce_global.npy","576","386",".npy","","True","review_extension:.npy;generated_or_historical_output"
"PDARTS/output/search_runs/Batch/256/ISIC_search__ISIC2019__n6__seed1__img32__bs256__lr0.025__wd0.0003__archlr0.0006__eps25x3__20251220-064504/arch_probs_stage2_reduce_local.npy","408","358",".npy","","True","review_extension:.npy;generated_or_historical_output"
"PDARTS/output/search_runs/Batch/256/ISIC_search__ISIC2019__n6__seed1__img32__bs256__lr0.025__wd0.0003__archlr0.0006__eps25x3__20251220-064504/arch_probs_stage3_normal_global.npy","576","280",".npy","","True","review_extension:.npy;generated_or_historical_output"
"PDARTS/output/search_runs/Batch/256/ISIC_search__ISIC2019__n6__seed1__img32__bs256__lr0.025__wd0.0003__archlr0.0006__eps25x3__20251220-064504/arch_probs_stage3_normal_local.npy","296","249",".npy","","True","review_extension:.npy;generated_or_historical_output"
"PDARTS/output/search_runs/Batch/256/ISIC_search__ISIC2019__n6__seed1__img32__bs256__lr0.025__wd0.0003__archlr0.0006__eps25x3__20251220-064504/arch_probs_stage3_reduce_global.npy","576","276",".npy","","True","review_extension:.npy;generated_or_historical_output"
"PDARTS/output/search_runs/Batch/256/ISIC_search__ISIC2019__n6__seed1__img32__bs256__lr0.025__wd0.0003__archlr0.0006__eps25x3__20251220-064504/arch_probs_stage3_reduce_local.npy","296","249",".npy","","True","review_extension:.npy;generated_or_historical_output"
"PDARTS/output/search_runs/Batch/256/ISIC_search__ISIC2019__n6__seed1__img32__bs256__lr0.025__wd0.0003__archlr0.0006__eps25x3__20251220-064504/final_ops_normal.csv","212","106",".csv","","True","review_extension:.csv;generated_or_historical_output"
"PDARTS/output/search_runs/Batch/256/ISIC_search__ISIC2019__n6__seed1__img32__bs256__lr0.025__wd0.0003__archlr0.0006__eps25x3__20251220-064504/final_ops_reduce.csv","212","110",".csv","","True","review_extension:.csv;generated_or_historical_output"
"PDARTS/output/search_runs/Batch/256/ISIC_search__ISIC2019__n6__seed1__img32__bs256__lr0.025__wd0.0003__archlr0.0006__eps25x3__20251220-064504/final_switches_normal.json","240","55",".json","","True","review_extension:.json;generated_or_historical_output"
"PDARTS/output/search_runs/Batch/256/ISIC_search__ISIC2019__n6__seed1__img32__bs256__lr0.025__wd0.0003__archlr0.0006__eps25x3__20251220-064504/final_switches_reduce.json","240","59",".json","","True","review_extension:.json;generated_or_historical_output"
"PDARTS/output/search_runs/Batch/256/ISIC_search__ISIC2019__n6__seed1__img32__bs256__lr0.025__wd0.0003__archlr0.0006__eps25x3__20251220-064504/genotype.json","1072","172",".json","","True","review_extension:.json;generated_or_historical_output"
"PDARTS/output/search_runs/Batch/256/ISIC_search__ISIC2019__n6__seed1__img32__bs256__lr0.025__wd0.0003__archlr0.0006__eps25x3__20251220-064504/genotype.txt","417","144",".txt","","True","generated_or_historical_output"
"PDARTS/output/search_runs/Batch/256/ISIC_search__ISIC2019__n6__seed1__img32__bs256__lr0.025__wd0.0003__archlr0.0006__eps25x3__20251220-064504/run_args.json","1211","515",".json","","True","review_extension:.json;generated_or_historical_output"
"PDARTS/output/search_runs/Batch/256/ISIC_search__ISIC2019__n6__seed1__img32__bs256__lr0.025__wd0.0003__archlr0.0006__eps25x3__20251220-064504/search.log","32393","6132",".log","","True","review_extension:.log;generated_or_historical_output"
"PDARTS/output/search_runs/Batch/256/ISIC_search__ISIC2019__n6__seed1__img32__bs256__lr0.025__wd0.0003__archlr0.0006__eps25x3__20251220-064504/stage1_switches_normal.json","822","116",".json","","True","review_extension:.json;generated_or_historical_output"
"PDARTS/output/search_runs/Batch/256/ISIC_search__ISIC2019__n6__seed1__img32__bs256__lr0.025__wd0.0003__archlr0.0006__eps25x3__20251220-064504/stage1_switches_reduce.json","822","92",".json","","True","review_extension:.json;generated_or_historical_output"
"PDARTS/output/search_runs/Batch/256/ISIC_search__ISIC2019__n6__seed1__img32__bs256__lr0.025__wd0.0003__archlr0.0006__eps25x3__20251220-064504/stage1_weights.pt","3025416","2469620",".pt","","True","review_extension:.pt;generated_or_historical_output"
"PDARTS/output/search_runs/Batch/256/ISIC_search__ISIC2019__n6__seed1__img32__bs256__lr0.025__wd0.0003__archlr0.0006__eps25x3__20251220-064504/stage2_switches_normal.json","570","94",".json","","True","review_extension:.json;generated_or_historical_output"
"PDARTS/output/search_runs/Batch/256/ISIC_search__ISIC2019__n6__seed1__img32__bs256__lr0.025__wd0.0003__archlr0.0006__eps25x3__20251220-064504/stage2_switches_reduce.json","570","91",".json","","True","review_extension:.json;generated_or_historical_output"
"PDARTS/output/search_runs/Batch/256/ISIC_search__ISIC2019__n6__seed1__img32__bs256__lr0.025__wd0.0003__archlr0.0006__eps25x3__20251220-064504/stage2_weights.pt","3655542","2973256",".pt","","True","review_extension:.pt;generated_or_historical_output"
"PDARTS/output/search_runs/Batch/256/ISIC_search__ISIC2019__n6__seed1__img32__bs256__lr0.025__wd0.0003__archlr0.0006__eps25x3__20251220-064504/stage3_switches_normal.json","318","60",".json","","True","review_extension:.json;generated_or_historical_output"
"PDARTS/output/search_runs/Batch/256/ISIC_search__ISIC2019__n6__seed1__img32__bs256__lr0.025__wd0.0003__archlr0.0006__eps25x3__20251220-064504/stage3_switches_reduce.json","318","61",".json","","True","review_extension:.json;generated_or_historical_output"
"PDARTS/output/search_runs/Batch/256/ISIC_search__ISIC2019__n6__seed1__img32__bs256__lr0.025__wd0.0003__archlr0.0006__eps25x3__20251220-064504/stage3_weights.pt","2847166","2257551",".pt","","True","review_extension:.pt;generated_or_historical_output"
"PDARTS/output/search_runs/Batch/256/ISIC_search__ISIC2019__n6__seed1__img32__bs256__lr0.025__wd0.0003__archlr0.0006__eps25x3__20251222-080319/arch_probs_stage1_normal_global.npy","576","462",".npy","","True","review_extension:.npy;generated_or_historical_output"
"PDARTS/output/search_runs/Batch/256/ISIC_search__ISIC2019__n6__seed1__img32__bs256__lr0.025__wd0.0003__archlr0.0006__eps25x3__20251222-080319/arch_probs_stage1_normal_local.npy","576","462",".npy","","True","review_extension:.npy;generated_or_historical_output"
"PDARTS/output/search_runs/Batch/256/ISIC_search__ISIC2019__n6__seed1__img32__bs256__lr0.025__wd0.0003__archlr0.0006__eps25x3__20251222-080319/arch_probs_stage1_reduce_global.npy","576","515",".npy","","True","review_extension:.npy;generated_or_historical_output"
"PDARTS/output/search_runs/Batch/256/ISIC_search__ISIC2019__n6__seed1__img32__bs256__lr0.025__wd0.0003__archlr0.0006__eps25x3__20251222-080319/arch_probs_stage1_reduce_local.npy","576","515",".npy","","True","review_extension:.npy;generated_or_historical_output"
"PDARTS/output/search_runs/Batch/256/ISIC_search__ISIC2019__n6__seed1__img32__bs256__lr0.025__wd0.0003__archlr0.0006__eps25x3__20251222-080319/run_args.json","1211","515",".json","","True","review_extension:.json;generated_or_historical_output"
"PDARTS/output/search_runs/Batch/256/ISIC_search__ISIC2019__n6__seed1__img32__bs256__lr0.025__wd0.0003__archlr0.0006__eps25x3__20251222-080319/search.log","19150","3982",".log","","True","review_extension:.log;generated_or_historical_output"
"PDARTS/output/search_runs/Batch/256/ISIC_search__ISIC2019__n6__seed1__img32__bs256__lr0.025__wd0.0003__archlr0.0006__eps25x3__20251222-080319/stage1_switches_normal.json","822","116",".json","","True","review_extension:.json;generated_or_historical_output"
"PDARTS/output/search_runs/Batch/256/ISIC_search__ISIC2019__n6__seed1__img32__bs256__lr0.025__wd0.0003__archlr0.0006__eps25x3__20251222-080319/stage1_switches_reduce.json","822","92",".json","","True","review_extension:.json;generated_or_historical_output"
"PDARTS/output/search_runs/Batch/256/ISIC_search__ISIC2019__n6__seed1__img32__bs256__lr0.025__wd0.0003__archlr0.0006__eps25x3__20251222-080319/stage1_weights.pt","3025416","2469620",".pt","","True","review_extension:.pt;generated_or_historical_output"
"PDARTS/output/search_runs/Batch/256/ISIC_search__ISIC2019__n6__seed1__img32__bs256__lr0.025__wd0.0003__archlr0.0006__eps25x3__20251222-080437/arch_probs_stage1_normal_global.npy","576","462",".npy","","True","review_extension:.npy;generated_or_historical_output"
"PDARTS/output/search_runs/Batch/256/ISIC_search__ISIC2019__n6__seed1__img32__bs256__lr0.025__wd0.0003__archlr0.0006__eps25x3__20251222-080437/arch_probs_stage1_normal_local.npy","576","462",".npy","","True","review_extension:.npy;generated_or_historical_output"
"PDARTS/output/search_runs/Batch/256/ISIC_search__ISIC2019__n6__seed1__img32__bs256__lr0.025__wd0.0003__archlr0.0006__eps25x3__20251222-080437/arch_probs_stage1_reduce_global.npy","576","515",".npy","","True","review_extension:.npy;generated_or_historical_output"
"PDARTS/output/search_runs/Batch/256/ISIC_search__ISIC2019__n6__seed1__img32__bs256__lr0.025__wd0.0003__archlr0.0006__eps25x3__20251222-080437/arch_probs_stage1_reduce_local.npy","576","515",".npy","","True","review_extension:.npy;generated_or_historical_output"
"PDARTS/output/search_runs/Batch/256/ISIC_search__ISIC2019__n6__seed1__img32__bs256__lr0.025__wd0.0003__archlr0.0006__eps25x3__20251222-080437/run_args.json","1211","515",".json","","True","review_extension:.json;generated_or_historical_output"
"PDARTS/output/search_runs/Batch/256/ISIC_search__ISIC2019__n6__seed1__img32__bs256__lr0.025__wd0.0003__archlr0.0006__eps25x3__20251222-080437/search.log","19150","3985",".log","","True","review_extension:.log;generated_or_historical_output"
"PDARTS/output/search_runs/Batch/256/ISIC_search__ISIC2019__n6__seed1__img32__bs256__lr0.025__wd0.0003__archlr0.0006__eps25x3__20251222-080437/stage1_switches_normal.json","822","116",".json","","True","review_extension:.json;generated_or_historical_output"
"PDARTS/output/search_runs/Batch/256/ISIC_search__ISIC2019__n6__seed1__img32__bs256__lr0.025__wd0.0003__archlr0.0006__eps25x3__20251222-080437/stage1_switches_reduce.json","822","92",".json","","True","review_extension:.json;generated_or_historical_output"
"PDARTS/output/search_runs/Batch/256/ISIC_search__ISIC2019__n6__seed1__img32__bs256__lr0.025__wd0.0003__archlr0.0006__eps25x3__20251222-080437/stage1_weights.pt","3025416","2469620",".pt","","True","review_extension:.pt;generated_or_historical_output"
"PDARTS/output/search_runs/Batch/256/ISIC_search__ISIC2019__n6__seed2__img32__bs256__lr0.025__wd0.0003__archlr0.0006__eps25x3__20251220-171308/arch_probs_final_normal.npy","576","259",".npy","","True","review_extension:.npy;generated_or_historical_output"
"PDARTS/output/search_runs/Batch/256/ISIC_search__ISIC2019__n6__seed2__img32__bs256__lr0.025__wd0.0003__archlr0.0006__eps25x3__20251220-171308/arch_probs_final_reduce.npy","576","242",".npy","","True","review_extension:.npy;generated_or_historical_output"
"PDARTS/output/search_runs/Batch/256/ISIC_search__ISIC2019__n6__seed2__img32__bs256__lr0.025__wd0.0003__archlr0.0006__eps25x3__20251220-171308/arch_probs_stage1_normal_global.npy","576","459",".npy","","True","review_extension:.npy;generated_or_historical_output"
"PDARTS/output/search_runs/Batch/256/ISIC_search__ISIC2019__n6__seed2__img32__bs256__lr0.025__wd0.0003__archlr0.0006__eps25x3__20251220-171308/arch_probs_stage1_normal_local.npy","576","459",".npy","","True","review_extension:.npy;generated_or_historical_output"
"PDARTS/output/search_runs/Batch/256/ISIC_search__ISIC2019__n6__seed2__img32__bs256__lr0.025__wd0.0003__archlr0.0006__eps25x3__20251220-171308/arch_probs_stage1_reduce_global.npy","576","522",".npy","","True","review_extension:.npy;generated_or_historical_output"
"PDARTS/output/search_runs/Batch/256/ISIC_search__ISIC2019__n6__seed2__img32__bs256__lr0.025__wd0.0003__archlr0.0006__eps25x3__20251220-171308/arch_probs_stage1_reduce_local.npy","576","522",".npy","","True","review_extension:.npy;generated_or_historical_output"
"PDARTS/output/search_runs/Batch/256/ISIC_search__ISIC2019__n6__seed2__img32__bs256__lr0.025__wd0.0003__archlr0.0006__eps25x3__20251220-171308/arch_probs_stage2_normal_global.npy","576","385",".npy","","True","review_extension:.npy;generated_or_historical_output"
"PDARTS/output/search_runs/Batch/256/ISIC_search__ISIC2019__n6__seed2__img32__bs256__lr0.025__wd0.0003__archlr0.0006__eps25x3__20251220-171308/arch_probs_stage2_normal_local.npy","408","351",".npy","","True","review_extension:.npy;generated_or_historical_output"
"PDARTS/output/search_runs/Batch/256/ISIC_search__ISIC2019__n6__seed2__img32__bs256__lr0.025__wd0.0003__archlr0.0006__eps25x3__20251220-171308/arch_probs_stage2_reduce_global.npy","576","384",".npy","","True","review_extension:.npy;generated_or_historical_output"
"PDARTS/output/search_runs/Batch/256/ISIC_search__ISIC2019__n6__seed2__img32__bs256__lr0.025__wd0.0003__archlr0.0006__eps25x3__20251220-171308/arch_probs_stage2_reduce_local.npy","408","359",".npy","","True","review_extension:.npy;generated_or_historical_output"
"PDARTS/output/search_runs/Batch/256/ISIC_search__ISIC2019__n6__seed2__img32__bs256__lr0.025__wd0.0003__archlr0.0006__eps25x3__20251220-171308/arch_probs_stage3_normal_global.npy","576","280",".npy","","True","review_extension:.npy;generated_or_historical_output"
"PDARTS/output/search_runs/Batch/256/ISIC_search__ISIC2019__n6__seed2__img32__bs256__lr0.025__wd0.0003__archlr0.0006__eps25x3__20251220-171308/arch_probs_stage3_normal_local.npy","296","249",".npy","","True","review_extension:.npy;generated_or_historical_output"
"PDARTS/output/search_runs/Batch/256/ISIC_search__ISIC2019__n6__seed2__img32__bs256__lr0.025__wd0.0003__archlr0.0006__eps25x3__20251220-171308/arch_probs_stage3_reduce_global.npy","576","277",".npy","","True","review_extension:.npy;generated_or_historical_output"
"PDARTS/output/search_runs/Batch/256/ISIC_search__ISIC2019__n6__seed2__img32__bs256__lr0.025__wd0.0003__archlr0.0006__eps25x3__20251220-171308/arch_probs_stage3_reduce_local.npy","296","248",".npy","","True","review_extension:.npy;generated_or_historical_output"
"PDARTS/output/search_runs/Batch/256/ISIC_search__ISIC2019__n6__seed2__img32__bs256__lr0.025__wd0.0003__archlr0.0006__eps25x3__20251220-171308/final_ops_normal.csv","212","109",".csv","","True","review_extension:.csv;generated_or_historical_output"
"PDARTS/output/search_runs/Batch/256/ISIC_search__ISIC2019__n6__seed2__img32__bs256__lr0.025__wd0.0003__archlr0.0006__eps25x3__20251220-171308/final_ops_reduce.csv","212","119",".csv","","True","review_extension:.csv;generated_or_historical_output"
"PDARTS/output/search_runs/Batch/256/ISIC_search__ISIC2019__n6__seed2__img32__bs256__lr0.025__wd0.0003__archlr0.0006__eps25x3__20251220-171308/final_switches_normal.json","240","62",".json","","True","review_extension:.json;generated_or_historical_output"
"PDARTS/output/search_runs/Batch/256/ISIC_search__ISIC2019__n6__seed2__img32__bs256__lr0.025__wd0.0003__archlr0.0006__eps25x3__20251220-171308/final_switches_reduce.json","240","59",".json","","True","review_extension:.json;generated_or_historical_output"
"PDARTS/output/search_runs/Batch/256/ISIC_search__ISIC2019__n6__seed2__img32__bs256__lr0.025__wd0.0003__archlr0.0006__eps25x3__20251220-171308/genotype.json","1072","178",".json","","True","review_extension:.json;generated_or_historical_output"
"PDARTS/output/search_runs/Batch/256/ISIC_search__ISIC2019__n6__seed2__img32__bs256__lr0.025__wd0.0003__archlr0.0006__eps25x3__20251220-171308/genotype.txt","417","147",".txt","","True","generated_or_historical_output"
"PDARTS/output/search_runs/Batch/256/ISIC_search__ISIC2019__n6__seed2__img32__bs256__lr0.025__wd0.0003__archlr0.0006__eps25x3__20251220-171308/run_args.json","1211","515",".json","","True","review_extension:.json;generated_or_historical_output"
"PDARTS/output/search_runs/Batch/256/ISIC_search__ISIC2019__n6__seed2__img32__bs256__lr0.025__wd0.0003__archlr0.0006__eps25x3__20251220-171308/search.log","32438","6086",".log","","True","review_extension:.log;generated_or_historical_output"
"PDARTS/output/search_runs/Batch/256/ISIC_search__ISIC2019__n6__seed2__img32__bs256__lr0.025__wd0.0003__archlr0.0006__eps25x3__20251220-171308/stage1_switches_normal.json","822","111",".json","","True","review_extension:.json;generated_or_historical_output"
"PDARTS/output/search_runs/Batch/256/ISIC_search__ISIC2019__n6__seed2__img32__bs256__lr0.025__wd0.0003__archlr0.0006__eps25x3__20251220-171308/stage1_switches_reduce.json","822","98",".json","","True","review_extension:.json;generated_or_historical_output"
"PDARTS/output/search_runs/Batch/256/ISIC_search__ISIC2019__n6__seed2__img32__bs256__lr0.025__wd0.0003__archlr0.0006__eps25x3__20251220-171308/stage1_weights.pt","3025416","2469093",".pt","","True","review_extension:.pt;generated_or_historical_output"
"PDARTS/output/search_runs/Batch/256/ISIC_search__ISIC2019__n6__seed2__img32__bs256__lr0.025__wd0.0003__archlr0.0006__eps25x3__20251220-171308/stage2_switches_normal.json","570","94",".json","","True","review_extension:.json;generated_or_historical_output"
"PDARTS/output/search_runs/Batch/256/ISIC_search__ISIC2019__n6__seed2__img32__bs256__lr0.025__wd0.0003__archlr0.0006__eps25x3__20251220-171308/stage2_switches_reduce.json","570","92",".json","","True","review_extension:.json;generated_or_historical_output"
"PDARTS/output/search_runs/Batch/256/ISIC_search__ISIC2019__n6__seed2__img32__bs256__lr0.025__wd0.0003__archlr0.0006__eps25x3__20251220-171308/stage2_weights.pt","3407818","2768576",".pt","","True","review_extension:.pt;generated_or_historical_output"
"PDARTS/output/search_runs/Batch/256/ISIC_search__ISIC2019__n6__seed2__img32__bs256__lr0.025__wd0.0003__archlr0.0006__eps25x3__20251220-171308/stage3_switches_normal.json","318","60",".json","","True","review_extension:.json;generated_or_historical_output"
"PDARTS/output/search_runs/Batch/256/ISIC_search__ISIC2019__n6__seed2__img32__bs256__lr0.025__wd0.0003__archlr0.0006__eps25x3__20251220-171308/stage3_switches_reduce.json","318","59",".json","","True","review_extension:.json;generated_or_historical_output"
"PDARTS/output/search_runs/Batch/256/ISIC_search__ISIC2019__n6__seed2__img32__bs256__lr0.025__wd0.0003__archlr0.0006__eps25x3__20251220-171308/stage3_weights.pt","2918698","2326797",".pt","","True","review_extension:.pt;generated_or_historical_output"
"PDARTS/output/search_runs/Batch/256/ISIC_search__ISIC2019__n8__seed0__img32__bs256__lr0.025__wd0.0003__archlr0.0006__eps25x3__20251221-033827/arch_probs_stage1_normal_global.npy","576","522",".npy","","True","review_extension:.npy;generated_or_historical_output"
"PDARTS/output/search_runs/Batch/256/ISIC_search__ISIC2019__n8__seed0__img32__bs256__lr0.025__wd0.0003__archlr0.0006__eps25x3__20251221-033827/arch_probs_stage1_normal_local.npy","576","522",".npy","","True","review_extension:.npy;generated_or_historical_output"
"PDARTS/output/search_runs/Batch/256/ISIC_search__ISIC2019__n8__seed0__img32__bs256__lr0.025__wd0.0003__archlr0.0006__eps25x3__20251221-033827/arch_probs_stage1_reduce_global.npy","576","519",".npy","","True","review_extension:.npy;generated_or_historical_output"
"PDARTS/output/search_runs/Batch/256/ISIC_search__ISIC2019__n8__seed0__img32__bs256__lr0.025__wd0.0003__archlr0.0006__eps25x3__20251221-033827/arch_probs_stage1_reduce_local.npy","576","519",".npy","","True","review_extension:.npy;generated_or_historical_output"
"PDARTS/output/search_runs/Batch/256/ISIC_search__ISIC2019__n8__seed0__img32__bs256__lr0.025__wd0.0003__archlr0.0006__eps25x3__20251221-033827/run_args.json","1211","516",".json","","True","review_extension:.json;generated_or_historical_output"
"PDARTS/output/search_runs/Batch/256/ISIC_search__ISIC2019__n8__seed0__img32__bs256__lr0.025__wd0.0003__archlr0.0006__eps25x3__20251221-033827/search.log","16546","3478",".log","","True","review_extension:.log;generated_or_historical_output"
"PDARTS/output/search_runs/Batch/256/ISIC_search__ISIC2019__n8__seed0__img32__bs256__lr0.025__wd0.0003__archlr0.0006__eps25x3__20251221-033827/stage1_switches_normal.json","822","87",".json","","True","review_extension:.json;generated_or_historical_output"
"PDARTS/output/search_runs/Batch/256/ISIC_search__ISIC2019__n8__seed0__img32__bs256__lr0.025__wd0.0003__archlr0.0006__eps25x3__20251221-033827/stage1_switches_reduce.json","822","116",".json","","True","review_extension:.json;generated_or_historical_output"
"PDARTS/output/search_runs/Batch/256/ISIC_search__ISIC2019__n8__seed0__img32__bs256__lr0.025__wd0.0003__archlr0.0006__eps25x3__20251221-033827/stage1_weights.pt","5526094","4472672",".pt","","True","review_extension:.pt;large_file;generated_or_historical_output"
"PDARTS/output/search_runs/Batch/32/_BATCH_LEDGER.csv","1814","494",".csv","","True","review_extension:.csv;generated_or_historical_output"
"PDARTS/output/search_runs/Batch/32/_SEARCH_LEDGER.csv","2171","633",".csv","","True","review_extension:.csv;generated_or_historical_output"
"PDARTS/output/search_runs/Batch/32/ISIC_search__ISIC2019__n6__seed0__img32__bs32__lr0.025__wd0.0003__archlr0.0006__eps25x3__20251219-201335/arch_probs_final_normal.npy","576","259",".npy","","True","review_extension:.npy;generated_or_historical_output"
"PDARTS/output/search_runs/Batch/32/ISIC_search__ISIC2019__n6__seed0__img32__bs32__lr0.025__wd0.0003__archlr0.0006__eps25x3__20251219-201335/arch_probs_final_reduce.npy","576","243",".npy","","True","review_extension:.npy;generated_or_historical_output"
"PDARTS/output/search_runs/Batch/32/ISIC_search__ISIC2019__n6__seed0__img32__bs32__lr0.025__wd0.0003__archlr0.0006__eps25x3__20251219-201335/arch_probs_stage1_normal_global.npy","576","463",".npy","","True","review_extension:.npy;generated_or_historical_output"
"PDARTS/output/search_runs/Batch/32/ISIC_search__ISIC2019__n6__seed0__img32__bs32__lr0.025__wd0.0003__archlr0.0006__eps25x3__20251219-201335/arch_probs_stage1_normal_local.npy","576","463",".npy","","True","review_extension:.npy;generated_or_historical_output"
"PDARTS/output/search_runs/Batch/32/ISIC_search__ISIC2019__n6__seed0__img32__bs32__lr0.025__wd0.0003__archlr0.0006__eps25x3__20251219-201335/arch_probs_stage1_reduce_global.npy","576","522",".npy","","True","review_extension:.npy;generated_or_historical_output"
"PDARTS/output/search_runs/Batch/32/ISIC_search__ISIC2019__n6__seed0__img32__bs32__lr0.025__wd0.0003__archlr0.0006__eps25x3__20251219-201335/arch_probs_stage1_reduce_local.npy","576","522",".npy","","True","review_extension:.npy;generated_or_historical_output"
"PDARTS/output/search_runs/Batch/32/ISIC_search__ISIC2019__n6__seed0__img32__bs32__lr0.025__wd0.0003__archlr0.0006__eps25x3__20251219-201335/arch_probs_stage2_normal_global.npy","576","396",".npy","","True","review_extension:.npy;generated_or_historical_output"
"PDARTS/output/search_runs/Batch/32/ISIC_search__ISIC2019__n6__seed0__img32__bs32__lr0.025__wd0.0003__archlr0.0006__eps25x3__20251219-201335/arch_probs_stage2_normal_local.npy","408","363",".npy","","True","review_extension:.npy;generated_or_historical_output"
"PDARTS/output/search_runs/Batch/32/ISIC_search__ISIC2019__n6__seed0__img32__bs32__lr0.025__wd0.0003__archlr0.0006__eps25x3__20251219-201335/arch_probs_stage2_reduce_global.npy","576","383",".npy","","True","review_extension:.npy;generated_or_historical_output"
"PDARTS/output/search_runs/Batch/32/ISIC_search__ISIC2019__n6__seed0__img32__bs32__lr0.025__wd0.0003__archlr0.0006__eps25x3__20251219-201335/arch_probs_stage2_reduce_local.npy","408","359",".npy","","True","review_extension:.npy;generated_or_historical_output"
"PDARTS/output/search_runs/Batch/32/ISIC_search__ISIC2019__n6__seed0__img32__bs32__lr0.025__wd0.0003__archlr0.0006__eps25x3__20251219-201335/arch_probs_stage3_normal_global.npy","576","282",".npy","","True","review_extension:.npy;generated_or_historical_output"
"PDARTS/output/search_runs/Batch/32/ISIC_search__ISIC2019__n6__seed0__img32__bs32__lr0.025__wd0.0003__archlr0.0006__eps25x3__20251219-201335/arch_probs_stage3_normal_local.npy","296","246",".npy","","True","review_extension:.npy;generated_or_historical_output"
"PDARTS/output/search_runs/Batch/32/ISIC_search__ISIC2019__n6__seed0__img32__bs32__lr0.025__wd0.0003__archlr0.0006__eps25x3__20251219-201335/arch_probs_stage3_reduce_global.npy","576","279",".npy","","True","review_extension:.npy;generated_or_historical_output"
"PDARTS/output/search_runs/Batch/32/ISIC_search__ISIC2019__n6__seed0__img32__bs32__lr0.025__wd0.0003__archlr0.0006__eps25x3__20251219-201335/arch_probs_stage3_reduce_local.npy","296","248",".npy","","True","review_extension:.npy;generated_or_historical_output"
"PDARTS/output/search_runs/Batch/32/ISIC_search__ISIC2019__n6__seed0__img32__bs32__lr0.025__wd0.0003__archlr0.0006__eps25x3__20251219-201335/final_ops_normal.csv","212","114",".csv","","True","review_extension:.csv;generated_or_historical_output"
"PDARTS/output/search_runs/Batch/32/ISIC_search__ISIC2019__n6__seed0__img32__bs32__lr0.025__wd0.0003__archlr0.0006__eps25x3__20251219-201335/final_ops_reduce.csv","212","111",".csv","","True","review_extension:.csv;generated_or_historical_output"
"PDARTS/output/search_runs/Batch/32/ISIC_search__ISIC2019__n6__seed0__img32__bs32__lr0.025__wd0.0003__archlr0.0006__eps25x3__20251219-201335/final_switches_normal.json","240","63",".json","","True","review_extension:.json;generated_or_historical_output"
"PDARTS/output/search_runs/Batch/32/ISIC_search__ISIC2019__n6__seed0__img32__bs32__lr0.025__wd0.0003__archlr0.0006__eps25x3__20251219-201335/final_switches_reduce.json","240","54",".json","","True","review_extension:.json;generated_or_historical_output"
"PDARTS/output/search_runs/Batch/32/ISIC_search__ISIC2019__n6__seed0__img32__bs32__lr0.025__wd0.0003__archlr0.0006__eps25x3__20251219-201335/genotype.json","1072","171",".json","","True","review_extension:.json;generated_or_historical_output"
"PDARTS/output/search_runs/Batch/32/ISIC_search__ISIC2019__n6__seed0__img32__bs32__lr0.025__wd0.0003__archlr0.0006__eps25x3__20251219-201335/genotype.txt","417","140",".txt","","True","generated_or_historical_output"
"PDARTS/output/search_runs/Batch/32/ISIC_search__ISIC2019__n6__seed0__img32__bs32__lr0.025__wd0.0003__archlr0.0006__eps25x3__20251219-201335/run_args.json","1209","514",".json","","True","review_extension:.json;generated_or_historical_output"
"PDARTS/output/search_runs/Batch/32/ISIC_search__ISIC2019__n6__seed0__img32__bs32__lr0.025__wd0.0003__archlr0.0006__eps25x3__20251219-201335/search.log","74090","15035",".log","","True","review_extension:.log;generated_or_historical_output"
"PDARTS/output/search_runs/Batch/32/ISIC_search__ISIC2019__n6__seed0__img32__bs32__lr0.025__wd0.0003__archlr0.0006__eps25x3__20251219-201335/stage1_switches_normal.json","822","116",".json","","True","review_extension:.json;generated_or_historical_output"
"PDARTS/output/search_runs/Batch/32/ISIC_search__ISIC2019__n6__seed0__img32__bs32__lr0.025__wd0.0003__archlr0.0006__eps25x3__20251219-201335/stage1_switches_reduce.json","822","89",".json","","True","review_extension:.json;generated_or_historical_output"
"PDARTS/output/search_runs/Batch/32/ISIC_search__ISIC2019__n6__seed0__img32__bs32__lr0.025__wd0.0003__archlr0.0006__eps25x3__20251219-201335/stage1_weights.pt","3025416","2471672",".pt","","True","review_extension:.pt;generated_or_historical_output"
"PDARTS/output/search_runs/Batch/32/ISIC_search__ISIC2019__n6__seed0__img32__bs32__lr0.025__wd0.0003__archlr0.0006__eps25x3__20251219-201335/stage2_switches_normal.json","570","102",".json","","True","review_extension:.json;generated_or_historical_output"
"PDARTS/output/search_runs/Batch/32/ISIC_search__ISIC2019__n6__seed0__img32__bs32__lr0.025__wd0.0003__archlr0.0006__eps25x3__20251219-201335/stage2_switches_reduce.json","570","88",".json","","True","review_extension:.json;generated_or_historical_output"
"PDARTS/output/search_runs/Batch/32/ISIC_search__ISIC2019__n6__seed0__img32__bs32__lr0.025__wd0.0003__archlr0.0006__eps25x3__20251219-201335/stage2_weights.pt","3108390","2515546",".pt","","True","review_extension:.pt;generated_or_historical_output"
"PDARTS/output/search_runs/Batch/32/ISIC_search__ISIC2019__n6__seed0__img32__bs32__lr0.025__wd0.0003__archlr0.0006__eps25x3__20251219-201335/stage3_switches_normal.json","318","62",".json","","True","review_extension:.json;generated_or_historical_output"
"PDARTS/output/search_runs/Batch/32/ISIC_search__ISIC2019__n6__seed0__img32__bs32__lr0.025__wd0.0003__archlr0.0006__eps25x3__20251219-201335/stage3_switches_reduce.json","318","58",".json","","True","review_extension:.json;generated_or_historical_output"
"PDARTS/output/search_runs/Batch/32/ISIC_search__ISIC2019__n6__seed0__img32__bs32__lr0.025__wd0.0003__archlr0.0006__eps25x3__20251219-201335/stage3_weights.pt","2283482","1787954",".pt","","True","review_extension:.pt;generated_or_historical_output"
"PDARTS/output/search_runs/Batch/32/ISIC_search__ISIC2019__n6__seed1__img32__bs32__lr0.025__wd0.0003__archlr0.0006__eps25x3__20251220-093707/arch_probs_final_normal.npy","576","258",".npy","","True","review_extension:.npy;generated_or_historical_output"
"PDARTS/output/search_runs/Batch/32/ISIC_search__ISIC2019__n6__seed1__img32__bs32__lr0.025__wd0.0003__archlr0.0006__eps25x3__20251220-093707/arch_probs_final_reduce.npy","576","238",".npy","","True","review_extension:.npy;generated_or_historical_output"
"PDARTS/output/search_runs/Batch/32/ISIC_search__ISIC2019__n6__seed1__img32__bs32__lr0.025__wd0.0003__archlr0.0006__eps25x3__20251220-093707/arch_probs_stage1_normal_global.npy","576","462",".npy","","True","review_extension:.npy;generated_or_historical_output"
"PDARTS/output/search_runs/Batch/32/ISIC_search__ISIC2019__n6__seed1__img32__bs32__lr0.025__wd0.0003__archlr0.0006__eps25x3__20251220-093707/arch_probs_stage1_normal_local.npy","576","462",".npy","","True","review_extension:.npy;generated_or_historical_output"
"PDARTS/output/search_runs/Batch/32/ISIC_search__ISIC2019__n6__seed1__img32__bs32__lr0.025__wd0.0003__archlr0.0006__eps25x3__20251220-093707/arch_probs_stage1_reduce_global.npy","576","527",".npy","","True","review_extension:.npy;generated_or_historical_output"
"PDARTS/output/search_runs/Batch/32/ISIC_search__ISIC2019__n6__seed1__img32__bs32__lr0.025__wd0.0003__archlr0.0006__eps25x3__20251220-093707/arch_probs_stage1_reduce_local.npy","576","527",".npy","","True","review_extension:.npy;generated_or_historical_output"
"PDARTS/output/search_runs/Batch/32/ISIC_search__ISIC2019__n6__seed1__img32__bs32__lr0.025__wd0.0003__archlr0.0006__eps25x3__20251220-093707/arch_probs_stage2_normal_global.npy","576","395",".npy","","True","review_extension:.npy;generated_or_historical_output"
"PDARTS/output/search_runs/Batch/32/ISIC_search__ISIC2019__n6__seed1__img32__bs32__lr0.025__wd0.0003__archlr0.0006__eps25x3__20251220-093707/arch_probs_stage2_normal_local.npy","408","363",".npy","","True","review_extension:.npy;generated_or_historical_output"
"PDARTS/output/search_runs/Batch/32/ISIC_search__ISIC2019__n6__seed1__img32__bs32__lr0.025__wd0.0003__archlr0.0006__eps25x3__20251220-093707/arch_probs_stage2_reduce_global.npy","576","391",".npy","","True","review_extension:.npy;generated_or_historical_output"
"PDARTS/output/search_runs/Batch/32/ISIC_search__ISIC2019__n6__seed1__img32__bs32__lr0.025__wd0.0003__archlr0.0006__eps25x3__20251220-093707/arch_probs_stage2_reduce_local.npy","408","361",".npy","","True","review_extension:.npy;generated_or_historical_output"
"PDARTS/output/search_runs/Batch/32/ISIC_search__ISIC2019__n6__seed1__img32__bs32__lr0.025__wd0.0003__archlr0.0006__eps25x3__20251220-093707/arch_probs_stage3_normal_global.npy","576","286",".npy","","True","review_extension:.npy;generated_or_historical_output"
"PDARTS/output/search_runs/Batch/32/ISIC_search__ISIC2019__n6__seed1__img32__bs32__lr0.025__wd0.0003__archlr0.0006__eps25x3__20251220-093707/arch_probs_stage3_normal_local.npy","296","246",".npy","","True","review_extension:.npy;generated_or_historical_output"
"PDARTS/output/search_runs/Batch/32/ISIC_search__ISIC2019__n6__seed1__img32__bs32__lr0.025__wd0.0003__archlr0.0006__eps25x3__20251220-093707/arch_probs_stage3_reduce_global.npy","576","279",".npy","","True","review_extension:.npy;generated_or_historical_output"
"PDARTS/output/search_runs/Batch/32/ISIC_search__ISIC2019__n6__seed1__img32__bs32__lr0.025__wd0.0003__archlr0.0006__eps25x3__20251220-093707/arch_probs_stage3_reduce_local.npy","296","247",".npy","","True","review_extension:.npy;generated_or_historical_output"
"PDARTS/output/search_runs/Batch/32/ISIC_search__ISIC2019__n6__seed1__img32__bs32__lr0.025__wd0.0003__archlr0.0006__eps25x3__20251220-093707/final_ops_normal.csv","212","117",".csv","","True","review_extension:.csv;generated_or_historical_output"
"PDARTS/output/search_runs/Batch/32/ISIC_search__ISIC2019__n6__seed1__img32__bs32__lr0.025__wd0.0003__archlr0.0006__eps25x3__20251220-093707/final_ops_reduce.csv","212","118",".csv","","True","review_extension:.csv;generated_or_historical_output"
"PDARTS/output/search_runs/Batch/32/ISIC_search__ISIC2019__n6__seed1__img32__bs32__lr0.025__wd0.0003__archlr0.0006__eps25x3__20251220-093707/final_switches_normal.json","240","61",".json","","True","review_extension:.json;generated_or_historical_output"
"PDARTS/output/search_runs/Batch/32/ISIC_search__ISIC2019__n6__seed1__img32__bs32__lr0.025__wd0.0003__archlr0.0006__eps25x3__20251220-093707/final_switches_reduce.json","240","59",".json","","True","review_extension:.json;generated_or_historical_output"
"PDARTS/output/search_runs/Batch/32/ISIC_search__ISIC2019__n6__seed1__img32__bs32__lr0.025__wd0.0003__archlr0.0006__eps25x3__20251220-093707/genotype.json","1072","189",".json","","True","review_extension:.json;generated_or_historical_output"
"PDARTS/output/search_runs/Batch/32/ISIC_search__ISIC2019__n6__seed1__img32__bs32__lr0.025__wd0.0003__archlr0.0006__eps25x3__20251220-093707/genotype.txt","417","153",".txt","","True","generated_or_historical_output"
"PDARTS/output/search_runs/Batch/32/ISIC_search__ISIC2019__n6__seed1__img32__bs32__lr0.025__wd0.0003__archlr0.0006__eps25x3__20251220-093707/run_args.json","1209","514",".json","","True","review_extension:.json;generated_or_historical_output"
"PDARTS/output/search_runs/Batch/32/ISIC_search__ISIC2019__n6__seed1__img32__bs32__lr0.025__wd0.0003__archlr0.0006__eps25x3__20251220-093707/search.log","74071","14992",".log","","True","review_extension:.log;generated_or_historical_output"
"PDARTS/output/search_runs/Batch/32/ISIC_search__ISIC2019__n6__seed1__img32__bs32__lr0.025__wd0.0003__archlr0.0006__eps25x3__20251220-093707/stage1_switches_normal.json","822","116",".json","","True","review_extension:.json;generated_or_historical_output"
"PDARTS/output/search_runs/Batch/32/ISIC_search__ISIC2019__n6__seed1__img32__bs32__lr0.025__wd0.0003__archlr0.0006__eps25x3__20251220-093707/stage1_switches_reduce.json","822","100",".json","","True","review_extension:.json;generated_or_historical_output"
"PDARTS/output/search_runs/Batch/32/ISIC_search__ISIC2019__n6__seed1__img32__bs32__lr0.025__wd0.0003__archlr0.0006__eps25x3__20251220-093707/stage1_weights.pt","3025416","2471731",".pt","","True","review_extension:.pt;generated_or_historical_output"
"PDARTS/output/search_runs/Batch/32/ISIC_search__ISIC2019__n6__seed1__img32__bs32__lr0.025__wd0.0003__archlr0.0006__eps25x3__20251220-093707/stage2_switches_normal.json","570","102",".json","","True","review_extension:.json;generated_or_historical_output"
"PDARTS/output/search_runs/Batch/32/ISIC_search__ISIC2019__n6__seed1__img32__bs32__lr0.025__wd0.0003__archlr0.0006__eps25x3__20251220-093707/stage2_switches_reduce.json","570","93",".json","","True","review_extension:.json;generated_or_historical_output"
"PDARTS/output/search_runs/Batch/32/ISIC_search__ISIC2019__n6__seed1__img32__bs32__lr0.025__wd0.0003__archlr0.0006__eps25x3__20251220-093707/stage2_weights.pt","3162638","2559081",".pt","","True","review_extension:.pt;generated_or_historical_output"
"PDARTS/output/search_runs/Batch/32/ISIC_search__ISIC2019__n6__seed1__img32__bs32__lr0.025__wd0.0003__archlr0.0006__eps25x3__20251220-093707/stage3_switches_normal.json","318","55",".json","","True","review_extension:.json;generated_or_historical_output"
"PDARTS/output/search_runs/Batch/32/ISIC_search__ISIC2019__n6__seed1__img32__bs32__lr0.025__wd0.0003__archlr0.0006__eps25x3__20251220-093707/stage3_switches_reduce.json","318","62",".json","","True","review_extension:.json;generated_or_historical_output"
"PDARTS/output/search_runs/Batch/32/ISIC_search__ISIC2019__n6__seed1__img32__bs32__lr0.025__wd0.0003__archlr0.0006__eps25x3__20251220-093707/stage3_weights.pt","2015428","1578832",".pt","","True","review_extension:.pt;generated_or_historical_output"
"PDARTS/output/search_runs/Batch/32/ISIC_search__ISIC2019__n6__seed2__img32__bs32__lr0.025__wd0.0003__archlr0.0006__eps25x3__20251220-224907/arch_probs_stage1_normal_global.npy","576","459",".npy","","True","review_extension:.npy;generated_or_historical_output"
"PDARTS/output/search_runs/Batch/32/ISIC_search__ISIC2019__n6__seed2__img32__bs32__lr0.025__wd0.0003__archlr0.0006__eps25x3__20251220-224907/arch_probs_stage1_normal_local.npy","576","459",".npy","","True","review_extension:.npy;generated_or_historical_output"
"PDARTS/output/search_runs/Batch/32/ISIC_search__ISIC2019__n6__seed2__img32__bs32__lr0.025__wd0.0003__archlr0.0006__eps25x3__20251220-224907/arch_probs_stage1_reduce_global.npy","576","527",".npy","","True","review_extension:.npy;generated_or_historical_output"
"PDARTS/output/search_runs/Batch/32/ISIC_search__ISIC2019__n6__seed2__img32__bs32__lr0.025__wd0.0003__archlr0.0006__eps25x3__20251220-224907/arch_probs_stage1_reduce_local.npy","576","527",".npy","","True","review_extension:.npy;generated_or_historical_output"
"PDARTS/output/search_runs/Batch/32/ISIC_search__ISIC2019__n6__seed2__img32__bs32__lr0.025__wd0.0003__archlr0.0006__eps25x3__20251220-224907/arch_probs_stage2_normal_global.npy","576","393",".npy","","True","review_extension:.npy;generated_or_historical_output"
"PDARTS/output/search_runs/Batch/32/ISIC_search__ISIC2019__n6__seed2__img32__bs32__lr0.025__wd0.0003__archlr0.0006__eps25x3__20251220-224907/arch_probs_stage2_normal_local.npy","408","361",".npy","","True","review_extension:.npy;generated_or_historical_output"
"PDARTS/output/search_runs/Batch/32/ISIC_search__ISIC2019__n6__seed2__img32__bs32__lr0.025__wd0.0003__archlr0.0006__eps25x3__20251220-224907/arch_probs_stage2_reduce_global.npy","576","385",".npy","","True","review_extension:.npy;generated_or_historical_output"
"PDARTS/output/search_runs/Batch/32/ISIC_search__ISIC2019__n6__seed2__img32__bs32__lr0.025__wd0.0003__archlr0.0006__eps25x3__20251220-224907/arch_probs_stage2_reduce_local.npy","408","359",".npy","","True","review_extension:.npy;generated_or_historical_output"
"PDARTS/output/search_runs/Batch/32/ISIC_search__ISIC2019__n6__seed2__img32__bs32__lr0.025__wd0.0003__archlr0.0006__eps25x3__20251220-224907/run_args.json","1209","514",".json","","True","review_extension:.json;generated_or_historical_output"
"PDARTS/output/search_runs/Batch/32/ISIC_search__ISIC2019__n6__seed2__img32__bs32__lr0.025__wd0.0003__archlr0.0006__eps25x3__20251220-224907/search.log","66990","13609",".log","","True","review_extension:.log;generated_or_historical_output"
"PDARTS/output/search_runs/Batch/32/ISIC_search__ISIC2019__n6__seed2__img32__bs32__lr0.025__wd0.0003__archlr0.0006__eps25x3__20251220-224907/stage1_switches_normal.json","822","111",".json","","True","review_extension:.json;generated_or_historical_output"
"PDARTS/output/search_runs/Batch/32/ISIC_search__ISIC2019__n6__seed2__img32__bs32__lr0.025__wd0.0003__archlr0.0006__eps25x3__20251220-224907/stage1_switches_reduce.json","822","104",".json","","True","review_extension:.json;generated_or_historical_output"
"PDARTS/output/search_runs/Batch/32/ISIC_search__ISIC2019__n6__seed2__img32__bs32__lr0.025__wd0.0003__archlr0.0006__eps25x3__20251220-224907/stage1_weights.pt","3025416","2471430",".pt","","True","review_extension:.pt;generated_or_historical_output"
"PDARTS/output/search_runs/Batch/32/ISIC_search__ISIC2019__n6__seed2__img32__bs32__lr0.025__wd0.0003__archlr0.0006__eps25x3__20251220-224907/stage2_switches_normal.json","570","94",".json","","True","review_extension:.json;generated_or_historical_output"
"PDARTS/output/search_runs/Batch/32/ISIC_search__ISIC2019__n6__seed2__img32__bs32__lr0.025__wd0.0003__archlr0.0006__eps25x3__20251220-224907/stage2_switches_reduce.json","570","87",".json","","True","review_extension:.json;generated_or_historical_output"
"PDARTS/output/search_runs/Batch/32/ISIC_search__ISIC2019__n6__seed2__img32__bs32__lr0.025__wd0.0003__archlr0.0006__eps25x3__20251220-224907/stage2_weights.pt","3060994","2475102",".pt","","True","review_extension:.pt;generated_or_historical_output"
"PDARTS/output/search_runs/Batch/64/_BATCH_LEDGER.csv","7720","894",".csv","","True","review_extension:.csv;generated_or_historical_output"
"PDARTS/output/search_runs/Batch/64/_SEARCH_LEDGER.csv","8695","1044",".csv","","True","review_extension:.csv;generated_or_historical_output"
"PDARTS/output/search_runs/Batch/64/genotypes/10/genotype0.txt","418","139",".txt","","True","generated_or_historical_output"
"PDARTS/output/search_runs/Batch/64/genotypes/10/genotype1.txt","418","147",".txt","","True","generated_or_historical_output"
"PDARTS/output/search_runs/Batch/64/genotypes/10/genotype2.txt","418","147",".txt","","True","generated_or_historical_output"
"PDARTS/output/search_runs/Batch/64/genotypes/6/genotype0.txt","418","157",".txt","","True","generated_or_historical_output"
"PDARTS/output/search_runs/Batch/64/genotypes/6/genotype1.txt","418","150",".txt","","True","generated_or_historical_output"
"PDARTS/output/search_runs/Batch/64/genotypes/6/genotype2.txt","418","149",".txt","","True","generated_or_historical_output"
"PDARTS/output/search_runs/Batch/64/genotypes/8/genotype0.txt","418","150",".txt","","True","generated_or_historical_output"
"PDARTS/output/search_runs/Batch/64/genotypes/8/genotype1.txt","418","138",".txt","","True","generated_or_historical_output"
"PDARTS/output/search_runs/Batch/64/genotypes/8/genotype2.txt","418","144",".txt","","True","generated_or_historical_output"
"PDARTS/output/search_runs/Batch/64/ISIC_search__ISIC2019__n10__seed0__img32__bs64__lr0.025__wd0.0003__archlr0.0006__eps25x3__20251219-014721/arch_probs_final_normal.npy","576","222",".npy","","True","review_extension:.npy;generated_or_historical_output"
"PDARTS/output/search_runs/Batch/64/ISIC_search__ISIC2019__n10__seed0__img32__bs64__lr0.025__wd0.0003__archlr0.0006__eps25x3__20251219-014721/arch_probs_final_reduce.npy","576","257",".npy","","True","review_extension:.npy;generated_or_historical_output"
"PDARTS/output/search_runs/Batch/64/ISIC_search__ISIC2019__n10__seed0__img32__bs64__lr0.025__wd0.0003__archlr0.0006__eps25x3__20251219-014721/arch_probs_stage1_normal_global.npy","576","523",".npy","","True","review_extension:.npy;generated_or_historical_output"
"PDARTS/output/search_runs/Batch/64/ISIC_search__ISIC2019__n10__seed0__img32__bs64__lr0.025__wd0.0003__archlr0.0006__eps25x3__20251219-014721/arch_probs_stage1_normal_local.npy","576","523",".npy","","True","review_extension:.npy;generated_or_historical_output"
"PDARTS/output/search_runs/Batch/64/ISIC_search__ISIC2019__n10__seed0__img32__bs64__lr0.025__wd0.0003__archlr0.0006__eps25x3__20251219-014721/arch_probs_stage1_reduce_global.npy","576","520",".npy","","True","review_extension:.npy;generated_or_historical_output"
"PDARTS/output/search_runs/Batch/64/ISIC_search__ISIC2019__n10__seed0__img32__bs64__lr0.025__wd0.0003__archlr0.0006__eps25x3__20251219-014721/arch_probs_stage1_reduce_local.npy","576","520",".npy","","True","review_extension:.npy;generated_or_historical_output"
"PDARTS/output/search_runs/Batch/64/ISIC_search__ISIC2019__n10__seed0__img32__bs64__lr0.025__wd0.0003__archlr0.0006__eps25x3__20251219-014721/arch_probs_stage2_normal_global.npy","576","386",".npy","","True","review_extension:.npy;generated_or_historical_output"
"PDARTS/output/search_runs/Batch/64/ISIC_search__ISIC2019__n10__seed0__img32__bs64__lr0.025__wd0.0003__archlr0.0006__eps25x3__20251219-014721/arch_probs_stage2_normal_local.npy","408","362",".npy","","True","review_extension:.npy;generated_or_historical_output"
"PDARTS/output/search_runs/Batch/64/ISIC_search__ISIC2019__n10__seed0__img32__bs64__lr0.025__wd0.0003__archlr0.0006__eps25x3__20251219-014721/arch_probs_stage2_reduce_global.npy","576","384",".npy","","True","review_extension:.npy;generated_or_historical_output"
"PDARTS/output/search_runs/Batch/64/ISIC_search__ISIC2019__n10__seed0__img32__bs64__lr0.025__wd0.0003__archlr0.0006__eps25x3__20251219-014721/arch_probs_stage2_reduce_local.npy","408","359",".npy","","True","review_extension:.npy;generated_or_historical_output"
"PDARTS/output/search_runs/Batch/64/ISIC_search__ISIC2019__n10__seed0__img32__bs64__lr0.025__wd0.0003__archlr0.0006__eps25x3__20251219-014721/arch_probs_stage3_normal_global.npy","576","282",".npy","","True","review_extension:.npy;generated_or_historical_output"
"PDARTS/output/search_runs/Batch/64/ISIC_search__ISIC2019__n10__seed0__img32__bs64__lr0.025__wd0.0003__archlr0.0006__eps25x3__20251219-014721/arch_probs_stage3_normal_local.npy","296","246",".npy","","True","review_extension:.npy;generated_or_historical_output"
"PDARTS/output/search_runs/Batch/64/ISIC_search__ISIC2019__n10__seed0__img32__bs64__lr0.025__wd0.0003__archlr0.0006__eps25x3__20251219-014721/arch_probs_stage3_reduce_global.npy","576","277",".npy","","True","review_extension:.npy;generated_or_historical_output"
"PDARTS/output/search_runs/Batch/64/ISIC_search__ISIC2019__n10__seed0__img32__bs64__lr0.025__wd0.0003__archlr0.0006__eps25x3__20251219-014721/arch_probs_stage3_reduce_local.npy","296","248",".npy","","True","review_extension:.npy;generated_or_historical_output"
"PDARTS/output/search_runs/Batch/64/ISIC_search__ISIC2019__n10__seed0__img32__bs64__lr0.025__wd0.0003__archlr0.0006__eps25x3__20251219-014721/final_ops_normal.csv","212","107",".csv","","True","review_extension:.csv;generated_or_historical_output"
"PDARTS/output/search_runs/Batch/64/ISIC_search__ISIC2019__n10__seed0__img32__bs64__lr0.025__wd0.0003__archlr0.0006__eps25x3__20251219-014721/final_ops_reduce.csv","212","105",".csv","","True","review_extension:.csv;generated_or_historical_output"
"PDARTS/output/search_runs/Batch/64/ISIC_search__ISIC2019__n10__seed0__img32__bs64__lr0.025__wd0.0003__archlr0.0006__eps25x3__20251219-014721/final_switches_normal.json","273","60",".json","","True","review_extension:.json;generated_or_historical_output"
"PDARTS/output/search_runs/Batch/64/ISIC_search__ISIC2019__n10__seed0__img32__bs64__lr0.025__wd0.0003__archlr0.0006__eps25x3__20251219-014721/final_switches_reduce.json","273","60",".json","","True","review_extension:.json;generated_or_historical_output"
"PDARTS/output/search_runs/Batch/64/ISIC_search__ISIC2019__n10__seed0__img32__bs64__lr0.025__wd0.0003__archlr0.0006__eps25x3__20251219-014721/genotype.json","1153","168",".json","","True","review_extension:.json;generated_or_historical_output"
"PDARTS/output/search_runs/Batch/64/ISIC_search__ISIC2019__n10__seed0__img32__bs64__lr0.025__wd0.0003__archlr0.0006__eps25x3__20251219-014721/genotype.txt","418","139",".txt","","True","generated_or_historical_output"
"PDARTS/output/search_runs/Batch/64/ISIC_search__ISIC2019__n10__seed0__img32__bs64__lr0.025__wd0.0003__archlr0.0006__eps25x3__20251219-014721/run_args.json","1312","536",".json","","True","review_extension:.json;generated_or_historical_output"
"PDARTS/output/search_runs/Batch/64/ISIC_search__ISIC2019__n10__seed0__img32__bs64__lr0.025__wd0.0003__archlr0.0006__eps25x3__20251219-014721/search.log","50688","9683",".log","","True","review_extension:.log;generated_or_historical_output"
"PDARTS/output/search_runs/Batch/64/ISIC_search__ISIC2019__n10__seed0__img32__bs64__lr0.025__wd0.0003__archlr0.0006__eps25x3__20251219-014721/stage1_switches_normal.json","923","82",".json","","True","review_extension:.json;generated_or_historical_output"
"PDARTS/output/search_runs/Batch/64/ISIC_search__ISIC2019__n10__seed0__img32__bs64__lr0.025__wd0.0003__archlr0.0006__eps25x3__20251219-014721/stage1_switches_reduce.json","923","99",".json","","True","review_extension:.json;generated_or_historical_output"
"PDARTS/output/search_runs/Batch/64/ISIC_search__ISIC2019__n10__seed0__img32__bs64__lr0.025__wd0.0003__archlr0.0006__eps25x3__20251219-014721/stage1_weights.pt","6814377","5279006",".pt","","True","review_extension:.pt;large_file;generated_or_historical_output"
"PDARTS/output/search_runs/Batch/64/ISIC_search__ISIC2019__n10__seed0__img32__bs64__lr0.025__wd0.0003__archlr0.0006__eps25x3__20251219-014721/stage2_switches_normal.json","643","73",".json","","True","review_extension:.json;generated_or_historical_output"
"PDARTS/output/search_runs/Batch/64/ISIC_search__ISIC2019__n10__seed0__img32__bs64__lr0.025__wd0.0003__archlr0.0006__eps25x3__20251219-014721/stage2_switches_reduce.json","643","94",".json","","True","review_extension:.json;generated_or_historical_output"
"PDARTS/output/search_runs/Batch/64/ISIC_search__ISIC2019__n10__seed0__img32__bs64__lr0.025__wd0.0003__archlr0.0006__eps25x3__20251219-014721/stage2_weights.pt","7066017","5620202",".pt","","True","review_extension:.pt;large_file;generated_or_historical_output"
"PDARTS/output/search_runs/Batch/64/ISIC_search__ISIC2019__n10__seed0__img32__bs64__lr0.025__wd0.0003__archlr0.0006__eps25x3__20251219-014721/stage3_switches_normal.json","363","57",".json","","True","review_extension:.json;generated_or_historical_output"
"PDARTS/output/search_runs/Batch/64/ISIC_search__ISIC2019__n10__seed0__img32__bs64__lr0.025__wd0.0003__archlr0.0006__eps25x3__20251219-014721/stage3_switches_reduce.json","363","56",".json","","True","review_extension:.json;generated_or_historical_output"
"PDARTS/output/search_runs/Batch/64/ISIC_search__ISIC2019__n10__seed0__img32__bs64__lr0.025__wd0.0003__archlr0.0006__eps25x3__20251219-014721/stage3_weights.pt","4637417","3717502",".pt","","True","review_extension:.pt;generated_or_historical_output"
"PDARTS/output/search_runs/Batch/64/ISIC_search__ISIC2019__n10__seed1__img32__bs64__lr0.025__wd0.0003__archlr0.0006__eps25x3__20251219-032822/arch_probs_final_normal.npy","576","239",".npy","","True","review_extension:.npy;generated_or_historical_output"
"PDARTS/output/search_runs/Batch/64/ISIC_search__ISIC2019__n10__seed1__img32__bs64__lr0.025__wd0.0003__archlr0.0006__eps25x3__20251219-032822/arch_probs_final_reduce.npy","576","262",".npy","","True","review_extension:.npy;generated_or_historical_output"
"PDARTS/output/search_runs/Batch/64/ISIC_search__ISIC2019__n10__seed1__img32__bs64__lr0.025__wd0.0003__archlr0.0006__eps25x3__20251219-032822/arch_probs_stage1_normal_global.npy","576","527",".npy","","True","review_extension:.npy;generated_or_historical_output"
"PDARTS/output/search_runs/Batch/64/ISIC_search__ISIC2019__n10__seed1__img32__bs64__lr0.025__wd0.0003__archlr0.0006__eps25x3__20251219-032822/arch_probs_stage1_normal_local.npy","576","527",".npy","","True","review_extension:.npy;generated_or_historical_output"
"PDARTS/output/search_runs/Batch/64/ISIC_search__ISIC2019__n10__seed1__img32__bs64__lr0.025__wd0.0003__archlr0.0006__eps25x3__20251219-032822/arch_probs_stage1_reduce_global.npy","576","523",".npy","","True","review_extension:.npy;generated_or_historical_output"
"PDARTS/output/search_runs/Batch/64/ISIC_search__ISIC2019__n10__seed1__img32__bs64__lr0.025__wd0.0003__archlr0.0006__eps25x3__20251219-032822/arch_probs_stage1_reduce_local.npy","576","523",".npy","","True","review_extension:.npy;generated_or_historical_output"
"PDARTS/output/search_runs/Batch/64/ISIC_search__ISIC2019__n10__seed1__img32__bs64__lr0.025__wd0.0003__archlr0.0006__eps25x3__20251219-032822/arch_probs_stage2_normal_global.npy","576","389",".npy","","True","review_extension:.npy;generated_or_historical_output"
"PDARTS/output/search_runs/Batch/64/ISIC_search__ISIC2019__n10__seed1__img32__bs64__lr0.025__wd0.0003__archlr0.0006__eps25x3__20251219-032822/arch_probs_stage2_normal_local.npy","408","361",".npy","","True","review_extension:.npy;generated_or_historical_output"
"PDARTS/output/search_runs/Batch/64/ISIC_search__ISIC2019__n10__seed1__img32__bs64__lr0.025__wd0.0003__archlr0.0006__eps25x3__20251219-032822/arch_probs_stage2_reduce_global.npy","576","386",".npy","","True","review_extension:.npy;generated_or_historical_output"
"PDARTS/output/search_runs/Batch/64/ISIC_search__ISIC2019__n10__seed1__img32__bs64__lr0.025__wd0.0003__archlr0.0006__eps25x3__20251219-032822/arch_probs_stage2_reduce_local.npy","408","360",".npy","","True","review_extension:.npy;generated_or_historical_output"
"PDARTS/output/search_runs/Batch/64/ISIC_search__ISIC2019__n10__seed1__img32__bs64__lr0.025__wd0.0003__archlr0.0006__eps25x3__20251219-032822/arch_probs_stage3_normal_global.npy","576","285",".npy","","True","review_extension:.npy;generated_or_historical_output"
"PDARTS/output/search_runs/Batch/64/ISIC_search__ISIC2019__n10__seed1__img32__bs64__lr0.025__wd0.0003__archlr0.0006__eps25x3__20251219-032822/arch_probs_stage3_normal_local.npy","296","246",".npy","","True","review_extension:.npy;generated_or_historical_output"
"PDARTS/output/search_runs/Batch/64/ISIC_search__ISIC2019__n10__seed1__img32__bs64__lr0.025__wd0.0003__archlr0.0006__eps25x3__20251219-032822/arch_probs_stage3_reduce_global.npy","576","279",".npy","","True","review_extension:.npy;generated_or_historical_output"
"PDARTS/output/search_runs/Batch/64/ISIC_search__ISIC2019__n10__seed1__img32__bs64__lr0.025__wd0.0003__archlr0.0006__eps25x3__20251219-032822/arch_probs_stage3_reduce_local.npy","296","248",".npy","","True","review_extension:.npy;generated_or_historical_output"
"PDARTS/output/search_runs/Batch/64/ISIC_search__ISIC2019__n10__seed1__img32__bs64__lr0.025__wd0.0003__archlr0.0006__eps25x3__20251219-032822/final_ops_normal.csv","212","101",".csv","","True","review_extension:.csv;generated_or_historical_output"
"PDARTS/output/search_runs/Batch/64/ISIC_search__ISIC2019__n10__seed1__img32__bs64__lr0.025__wd0.0003__archlr0.0006__eps25x3__20251219-032822/final_ops_reduce.csv","212","118",".csv","","True","review_extension:.csv;generated_or_historical_output"
"PDARTS/output/search_runs/Batch/64/ISIC_search__ISIC2019__n10__seed1__img32__bs64__lr0.025__wd0.0003__archlr0.0006__eps25x3__20251219-032822/final_switches_normal.json","273","54",".json","","True","review_extension:.json;generated_or_historical_output"
"PDARTS/output/search_runs/Batch/64/ISIC_search__ISIC2019__n10__seed1__img32__bs64__lr0.025__wd0.0003__archlr0.0006__eps25x3__20251219-032822/final_switches_reduce.json","273","62",".json","","True","review_extension:.json;generated_or_historical_output"
"PDARTS/output/search_runs/Batch/64/ISIC_search__ISIC2019__n10__seed1__img32__bs64__lr0.025__wd0.0003__archlr0.0006__eps25x3__20251219-032822/genotype.json","1153","182",".json","","True","review_extension:.json;generated_or_historical_output"
"PDARTS/output/search_runs/Batch/64/ISIC_search__ISIC2019__n10__seed1__img32__bs64__lr0.025__wd0.0003__archlr0.0006__eps25x3__20251219-032822/genotype.txt","418","147",".txt","","True","generated_or_historical_output"
"PDARTS/output/search_runs/Batch/64/ISIC_search__ISIC2019__n10__seed1__img32__bs64__lr0.025__wd0.0003__archlr0.0006__eps25x3__20251219-032822/run_args.json","1312","536",".json","","True","review_extension:.json;generated_or_historical_output"
"PDARTS/output/search_runs/Batch/64/ISIC_search__ISIC2019__n10__seed1__img32__bs64__lr0.025__wd0.0003__archlr0.0006__eps25x3__20251219-032822/search.log","50717","9691",".log","","True","review_extension:.log;generated_or_historical_output"
"PDARTS/output/search_runs/Batch/64/ISIC_search__ISIC2019__n10__seed1__img32__bs64__lr0.025__wd0.0003__archlr0.0006__eps25x3__20251219-032822/stage1_switches_normal.json","923","93",".json","","True","review_extension:.json;generated_or_historical_output"
"PDARTS/output/search_runs/Batch/64/ISIC_search__ISIC2019__n10__seed1__img32__bs64__lr0.025__wd0.0003__archlr0.0006__eps25x3__20251219-032822/stage1_switches_reduce.json","923","115",".json","","True","review_extension:.json;generated_or_historical_output"
"PDARTS/output/search_runs/Batch/64/ISIC_search__ISIC2019__n10__seed1__img32__bs64__lr0.025__wd0.0003__archlr0.0006__eps25x3__20251219-032822/stage1_weights.pt","6814377","5279188",".pt","","True","review_extension:.pt;large_file;generated_or_historical_output"
"PDARTS/output/search_runs/Batch/64/ISIC_search__ISIC2019__n10__seed1__img32__bs64__lr0.025__wd0.0003__archlr0.0006__eps25x3__20251219-032822/stage2_switches_normal.json","643","88",".json","","True","review_extension:.json;generated_or_historical_output"
"PDARTS/output/search_runs/Batch/64/ISIC_search__ISIC2019__n10__seed1__img32__bs64__lr0.025__wd0.0003__archlr0.0006__eps25x3__20251219-032822/stage2_switches_reduce.json","643","105",".json","","True","review_extension:.json;generated_or_historical_output"
"PDARTS/output/search_runs/Batch/64/ISIC_search__ISIC2019__n10__seed1__img32__bs64__lr0.025__wd0.0003__archlr0.0006__eps25x3__20251219-032822/stage2_weights.pt","7463153","5949583",".pt","","True","review_extension:.pt;large_file;generated_or_historical_output"
"PDARTS/output/search_runs/Batch/64/ISIC_search__ISIC2019__n10__seed1__img32__bs64__lr0.025__wd0.0003__archlr0.0006__eps25x3__20251219-032822/stage3_switches_normal.json","363","60",".json","","True","review_extension:.json;generated_or_historical_output"
"PDARTS/output/search_runs/Batch/64/ISIC_search__ISIC2019__n10__seed1__img32__bs64__lr0.025__wd0.0003__archlr0.0006__eps25x3__20251219-032822/stage3_switches_reduce.json","363","67",".json","","True","review_extension:.json;generated_or_historical_output"
"PDARTS/output/search_runs/Batch/64/ISIC_search__ISIC2019__n10__seed1__img32__bs64__lr0.025__wd0.0003__archlr0.0006__eps25x3__20251219-032822/stage3_weights.pt","4821029","3884744",".pt","","True","review_extension:.pt;generated_or_historical_output"
"PDARTS/output/search_runs/Batch/64/ISIC_search__ISIC2019__n10__seed2__img32__bs64__lr0.025__wd0.0003__archlr0.0006__eps25x3__20251219-051030/arch_probs_final_normal.npy","576","238",".npy","","True","review_extension:.npy;generated_or_historical_output"
"PDARTS/output/search_runs/Batch/64/ISIC_search__ISIC2019__n10__seed2__img32__bs64__lr0.025__wd0.0003__archlr0.0006__eps25x3__20251219-051030/arch_probs_final_reduce.npy","576","248",".npy","","True","review_extension:.npy;generated_or_historical_output"
"PDARTS/output/search_runs/Batch/64/ISIC_search__ISIC2019__n10__seed2__img32__bs64__lr0.025__wd0.0003__archlr0.0006__eps25x3__20251219-051030/arch_probs_stage1_normal_global.npy","576","526",".npy","","True","review_extension:.npy;generated_or_historical_output"
"PDARTS/output/search_runs/Batch/64/ISIC_search__ISIC2019__n10__seed2__img32__bs64__lr0.025__wd0.0003__archlr0.0006__eps25x3__20251219-051030/arch_probs_stage1_normal_local.npy","576","526",".npy","","True","review_extension:.npy;generated_or_historical_output"
"PDARTS/output/search_runs/Batch/64/ISIC_search__ISIC2019__n10__seed2__img32__bs64__lr0.025__wd0.0003__archlr0.0006__eps25x3__20251219-051030/arch_probs_stage1_reduce_global.npy","576","523",".npy","","True","review_extension:.npy;generated_or_historical_output"
"PDARTS/output/search_runs/Batch/64/ISIC_search__ISIC2019__n10__seed2__img32__bs64__lr0.025__wd0.0003__archlr0.0006__eps25x3__20251219-051030/arch_probs_stage1_reduce_local.npy","576","523",".npy","","True","review_extension:.npy;generated_or_historical_output"
"PDARTS/output/search_runs/Batch/64/ISIC_search__ISIC2019__n10__seed2__img32__bs64__lr0.025__wd0.0003__archlr0.0006__eps25x3__20251219-051030/arch_probs_stage2_normal_global.npy","576","390",".npy","","True","review_extension:.npy;generated_or_historical_output"
"PDARTS/output/search_runs/Batch/64/ISIC_search__ISIC2019__n10__seed2__img32__bs64__lr0.025__wd0.0003__archlr0.0006__eps25x3__20251219-051030/arch_probs_stage2_normal_local.npy","408","363",".npy","","True","review_extension:.npy;generated_or_historical_output"
"PDARTS/output/search_runs/Batch/64/ISIC_search__ISIC2019__n10__seed2__img32__bs64__lr0.025__wd0.0003__archlr0.0006__eps25x3__20251219-051030/arch_probs_stage2_reduce_global.npy","576","386",".npy","","True","review_extension:.npy;generated_or_historical_output"
"PDARTS/output/search_runs/Batch/64/ISIC_search__ISIC2019__n10__seed2__img32__bs64__lr0.025__wd0.0003__archlr0.0006__eps25x3__20251219-051030/arch_probs_stage2_reduce_local.npy","408","358",".npy","","True","review_extension:.npy;generated_or_historical_output"
"PDARTS/output/search_runs/Batch/64/ISIC_search__ISIC2019__n10__seed2__img32__bs64__lr0.025__wd0.0003__archlr0.0006__eps25x3__20251219-051030/arch_probs_stage3_normal_global.npy","576","282",".npy","","True","review_extension:.npy;generated_or_historical_output"
"PDARTS/output/search_runs/Batch/64/ISIC_search__ISIC2019__n10__seed2__img32__bs64__lr0.025__wd0.0003__archlr0.0006__eps25x3__20251219-051030/arch_probs_stage3_normal_local.npy","296","246",".npy","","True","review_extension:.npy;generated_or_historical_output"
"PDARTS/output/search_runs/Batch/64/ISIC_search__ISIC2019__n10__seed2__img32__bs64__lr0.025__wd0.0003__archlr0.0006__eps25x3__20251219-051030/arch_probs_stage3_reduce_global.npy","576","280",".npy","","True","review_extension:.npy;generated_or_historical_output"
"PDARTS/output/search_runs/Batch/64/ISIC_search__ISIC2019__n10__seed2__img32__bs64__lr0.025__wd0.0003__archlr0.0006__eps25x3__20251219-051030/arch_probs_stage3_reduce_local.npy","296","248",".npy","","True","review_extension:.npy;generated_or_historical_output"
"PDARTS/output/search_runs/Batch/64/ISIC_search__ISIC2019__n10__seed2__img32__bs64__lr0.025__wd0.0003__archlr0.0006__eps25x3__20251219-051030/final_ops_normal.csv","212","102",".csv","","True","review_extension:.csv;generated_or_historical_output"
"PDARTS/output/search_runs/Batch/64/ISIC_search__ISIC2019__n10__seed2__img32__bs64__lr0.025__wd0.0003__archlr0.0006__eps25x3__20251219-051030/final_ops_reduce.csv","212","118",".csv","","True","review_extension:.csv;generated_or_historical_output"
"PDARTS/output/search_runs/Batch/64/ISIC_search__ISIC2019__n10__seed2__img32__bs64__lr0.025__wd0.0003__archlr0.0006__eps25x3__20251219-051030/final_switches_normal.json","273","52",".json","","True","review_extension:.json;generated_or_historical_output"
"PDARTS/output/search_runs/Batch/64/ISIC_search__ISIC2019__n10__seed2__img32__bs64__lr0.025__wd0.0003__archlr0.0006__eps25x3__20251219-051030/final_switches_reduce.json","273","64",".json","","True","review_extension:.json;generated_or_historical_output"
"PDARTS/output/search_runs/Batch/64/ISIC_search__ISIC2019__n10__seed2__img32__bs64__lr0.025__wd0.0003__archlr0.0006__eps25x3__20251219-051030/genotype.json","1153","177",".json","","True","review_extension:.json;generated_or_historical_output"
"PDARTS/output/search_runs/Batch/64/ISIC_search__ISIC2019__n10__seed2__img32__bs64__lr0.025__wd0.0003__archlr0.0006__eps25x3__20251219-051030/genotype.txt","418","147",".txt","","True","generated_or_historical_output"
"PDARTS/output/search_runs/Batch/64/ISIC_search__ISIC2019__n10__seed2__img32__bs64__lr0.025__wd0.0003__archlr0.0006__eps25x3__20251219-051030/run_args.json","1312","536",".json","","True","review_extension:.json;generated_or_historical_output"
"PDARTS/output/search_runs/Batch/64/ISIC_search__ISIC2019__n10__seed2__img32__bs64__lr0.025__wd0.0003__archlr0.0006__eps25x3__20251219-051030/search.log","50695","9623",".log","","True","review_extension:.log;generated_or_historical_output"
"PDARTS/output/search_runs/Batch/64/ISIC_search__ISIC2019__n10__seed2__img32__bs64__lr0.025__wd0.0003__archlr0.0006__eps25x3__20251219-051030/stage1_switches_normal.json","923","95",".json","","True","review_extension:.json;generated_or_historical_output"
"PDARTS/output/search_runs/Batch/64/ISIC_search__ISIC2019__n10__seed2__img32__bs64__lr0.025__wd0.0003__archlr0.0006__eps25x3__20251219-051030/stage1_switches_reduce.json","923","111",".json","","True","review_extension:.json;generated_or_historical_output"
"PDARTS/output/search_runs/Batch/64/ISIC_search__ISIC2019__n10__seed2__img32__bs64__lr0.025__wd0.0003__archlr0.0006__eps25x3__20251219-051030/stage1_weights.pt","6814377","5278547",".pt","","True","review_extension:.pt;large_file;generated_or_historical_output"
"PDARTS/output/search_runs/Batch/64/ISIC_search__ISIC2019__n10__seed2__img32__bs64__lr0.025__wd0.0003__archlr0.0006__eps25x3__20251219-051030/stage2_switches_normal.json","643","85",".json","","True","review_extension:.json;generated_or_historical_output"
"PDARTS/output/search_runs/Batch/64/ISIC_search__ISIC2019__n10__seed2__img32__bs64__lr0.025__wd0.0003__archlr0.0006__eps25x3__20251219-051030/stage2_switches_reduce.json","643","108",".json","","True","review_extension:.json;generated_or_historical_output"
"PDARTS/output/search_runs/Batch/64/ISIC_search__ISIC2019__n10__seed2__img32__bs64__lr0.025__wd0.0003__archlr0.0006__eps25x3__20251219-051030/stage2_weights.pt","7335145","5835699",".pt","","True","review_extension:.pt;large_file;generated_or_historical_output"
"PDARTS/output/search_runs/Batch/64/ISIC_search__ISIC2019__n10__seed2__img32__bs64__lr0.025__wd0.0003__archlr0.0006__eps25x3__20251219-051030/stage3_switches_normal.json","363","56",".json","","True","review_extension:.json;generated_or_historical_output"
"PDARTS/output/search_runs/Batch/64/ISIC_search__ISIC2019__n10__seed2__img32__bs64__lr0.025__wd0.0003__archlr0.0006__eps25x3__20251219-051030/stage3_switches_reduce.json","363","65",".json","","True","review_extension:.json;generated_or_historical_output"
"PDARTS/output/search_runs/Batch/64/ISIC_search__ISIC2019__n10__seed2__img32__bs64__lr0.025__wd0.0003__archlr0.0006__eps25x3__20251219-051030/stage3_weights.pt","4565037","3674551",".pt","","True","review_extension:.pt;generated_or_historical_output"
"PDARTS/output/search_runs/Batch/64/ISIC_search__ISIC2019__n6__seed0__img32__bs64__lr0.025__wd0.0003__archlr0.0006__eps25x3__20251218-175711/arch_probs_final_normal.npy","576","258",".npy","","True","review_extension:.npy;generated_or_historical_output"
"PDARTS/output/search_runs/Batch/64/ISIC_search__ISIC2019__n6__seed0__img32__bs64__lr0.025__wd0.0003__archlr0.0006__eps25x3__20251218-175711/arch_probs_final_reduce.npy","576","257",".npy","","True","review_extension:.npy;generated_or_historical_output"
"PDARTS/output/search_runs/Batch/64/ISIC_search__ISIC2019__n6__seed0__img32__bs64__lr0.025__wd0.0003__archlr0.0006__eps25x3__20251218-175711/arch_probs_stage1_normal_global.npy","576","466",".npy","","True","review_extension:.npy;generated_or_historical_output"
"PDARTS/output/search_runs/Batch/64/ISIC_search__ISIC2019__n6__seed0__img32__bs64__lr0.025__wd0.0003__archlr0.0006__eps25x3__20251218-175711/arch_probs_stage1_normal_local.npy","576","466",".npy","","True","review_extension:.npy;generated_or_historical_output"
"PDARTS/output/search_runs/Batch/64/ISIC_search__ISIC2019__n6__seed0__img32__bs64__lr0.025__wd0.0003__archlr0.0006__eps25x3__20251218-175711/arch_probs_stage1_reduce_global.npy","576","524",".npy","","True","review_extension:.npy;generated_or_historical_output"
"PDARTS/output/search_runs/Batch/64/ISIC_search__ISIC2019__n6__seed0__img32__bs64__lr0.025__wd0.0003__archlr0.0006__eps25x3__20251218-175711/arch_probs_stage1_reduce_local.npy","576","524",".npy","","True","review_extension:.npy;generated_or_historical_output"
"PDARTS/output/search_runs/Batch/64/ISIC_search__ISIC2019__n6__seed0__img32__bs64__lr0.025__wd0.0003__archlr0.0006__eps25x3__20251218-175711/arch_probs_stage2_normal_global.npy","576","389",".npy","","True","review_extension:.npy;generated_or_historical_output"
"PDARTS/output/search_runs/Batch/64/ISIC_search__ISIC2019__n6__seed0__img32__bs64__lr0.025__wd0.0003__archlr0.0006__eps25x3__20251218-175711/arch_probs_stage2_normal_local.npy","408","361",".npy","","True","review_extension:.npy;generated_or_historical_output"
"PDARTS/output/search_runs/Batch/64/ISIC_search__ISIC2019__n6__seed0__img32__bs64__lr0.025__wd0.0003__archlr0.0006__eps25x3__20251218-175711/arch_probs_stage2_reduce_global.npy","576","388",".npy","","True","review_extension:.npy;generated_or_historical_output"
"PDARTS/output/search_runs/Batch/64/ISIC_search__ISIC2019__n6__seed0__img32__bs64__lr0.025__wd0.0003__archlr0.0006__eps25x3__20251218-175711/arch_probs_stage2_reduce_local.npy","408","360",".npy","","True","review_extension:.npy;generated_or_historical_output"
"PDARTS/output/search_runs/Batch/64/ISIC_search__ISIC2019__n6__seed0__img32__bs64__lr0.025__wd0.0003__archlr0.0006__eps25x3__20251218-175711/arch_probs_stage3_normal_global.npy","576","280",".npy","","True","review_extension:.npy;generated_or_historical_output"
"PDARTS/output/search_runs/Batch/64/ISIC_search__ISIC2019__n6__seed0__img32__bs64__lr0.025__wd0.0003__archlr0.0006__eps25x3__20251218-175711/arch_probs_stage3_normal_local.npy","296","247",".npy","","True","review_extension:.npy;generated_or_historical_output"
"PDARTS/output/search_runs/Batch/64/ISIC_search__ISIC2019__n6__seed0__img32__bs64__lr0.025__wd0.0003__archlr0.0006__eps25x3__20251218-175711/arch_probs_stage3_reduce_global.npy","576","277",".npy","","True","review_extension:.npy;generated_or_historical_output"
"PDARTS/output/search_runs/Batch/64/ISIC_search__ISIC2019__n6__seed0__img32__bs64__lr0.025__wd0.0003__archlr0.0006__eps25x3__20251218-175711/arch_probs_stage3_reduce_local.npy","296","246",".npy","","True","review_extension:.npy;generated_or_historical_output"
"PDARTS/output/search_runs/Batch/64/ISIC_search__ISIC2019__n6__seed0__img32__bs64__lr0.025__wd0.0003__archlr0.0006__eps25x3__20251218-175711/final_ops_normal.csv","212","121",".csv","","True","review_extension:.csv;generated_or_historical_output"
"PDARTS/output/search_runs/Batch/64/ISIC_search__ISIC2019__n6__seed0__img32__bs64__lr0.025__wd0.0003__archlr0.0006__eps25x3__20251218-175711/final_ops_reduce.csv","212","113",".csv","","True","review_extension:.csv;generated_or_historical_output"
"PDARTS/output/search_runs/Batch/64/ISIC_search__ISIC2019__n6__seed0__img32__bs64__lr0.025__wd0.0003__archlr0.0006__eps25x3__20251218-175711/final_switches_normal.json","273","62",".json","","True","review_extension:.json;generated_or_historical_output"
"PDARTS/output/search_runs/Batch/64/ISIC_search__ISIC2019__n6__seed0__img32__bs64__lr0.025__wd0.0003__archlr0.0006__eps25x3__20251218-175711/final_switches_reduce.json","273","62",".json","","True","review_extension:.json;generated_or_historical_output"
"PDARTS/output/search_runs/Batch/64/ISIC_search__ISIC2019__n6__seed0__img32__bs64__lr0.025__wd0.0003__archlr0.0006__eps25x3__20251218-175711/genotype.json","1153","190",".json","","True","review_extension:.json;generated_or_historical_output"
"PDARTS/output/search_runs/Batch/64/ISIC_search__ISIC2019__n6__seed0__img32__bs64__lr0.025__wd0.0003__archlr0.0006__eps25x3__20251218-175711/genotype.txt","418","157",".txt","","True","generated_or_historical_output"
"PDARTS/output/search_runs/Batch/64/ISIC_search__ISIC2019__n6__seed0__img32__bs64__lr0.025__wd0.0003__archlr0.0006__eps25x3__20251218-175711/run_args.json","1310","538",".json","","True","review_extension:.json;generated_or_historical_output"
"PDARTS/output/search_runs/Batch/64/ISIC_search__ISIC2019__n6__seed0__img32__bs64__lr0.025__wd0.0003__archlr0.0006__eps25x3__20251218-175711/search.log","50777","9558",".log","","True","review_extension:.log;generated_or_historical_output"
"PDARTS/output/search_runs/Batch/64/ISIC_search__ISIC2019__n6__seed0__img32__bs64__lr0.025__wd0.0003__archlr0.0006__eps25x3__20251218-175711/stage1_switches_normal.json","923","119",".json","","True","review_extension:.json;generated_or_historical_output"
"PDARTS/output/search_runs/Batch/64/ISIC_search__ISIC2019__n6__seed0__img32__bs64__lr0.025__wd0.0003__archlr0.0006__eps25x3__20251218-175711/stage1_switches_reduce.json","923","106",".json","","True","review_extension:.json;generated_or_historical_output"
"PDARTS/output/search_runs/Batch/64/ISIC_search__ISIC2019__n6__seed0__img32__bs64__lr0.025__wd0.0003__archlr0.0006__eps25x3__20251218-175711/stage1_weights.pt","3058211","2471163",".pt","","True","review_extension:.pt;generated_or_historical_output"
"PDARTS/output/search_runs/Batch/64/ISIC_search__ISIC2019__n6__seed0__img32__bs64__lr0.025__wd0.0003__archlr0.0006__eps25x3__20251218-175711/stage2_switches_normal.json","643","102",".json","","True","review_extension:.json;generated_or_historical_output"
"PDARTS/output/search_runs/Batch/64/ISIC_search__ISIC2019__n6__seed0__img32__bs64__lr0.025__wd0.0003__archlr0.0006__eps25x3__20251218-175711/stage2_switches_reduce.json","643","98",".json","","True","review_extension:.json;generated_or_historical_output"
"PDARTS/output/search_runs/Batch/64/ISIC_search__ISIC2019__n6__seed0__img32__bs64__lr0.025__wd0.0003__archlr0.0006__eps25x3__20251218-175711/stage2_weights.pt","3493361","2804435",".pt","","True","review_extension:.pt;generated_or_historical_output"
"PDARTS/output/search_runs/Batch/64/ISIC_search__ISIC2019__n6__seed0__img32__bs64__lr0.025__wd0.0003__archlr0.0006__eps25x3__20251218-175711/stage3_switches_normal.json","363","65",".json","","True","review_extension:.json;generated_or_historical_output"
"PDARTS/output/search_runs/Batch/64/ISIC_search__ISIC2019__n6__seed0__img32__bs64__lr0.025__wd0.0003__archlr0.0006__eps25x3__20251218-175711/stage3_switches_reduce.json","363","63",".json","","True","review_extension:.json;generated_or_historical_output"
"PDARTS/output/search_runs/Batch/64/ISIC_search__ISIC2019__n6__seed0__img32__bs64__lr0.025__wd0.0003__archlr0.0006__eps25x3__20251218-175711/stage3_weights.pt","2452365","1904299",".pt","","True","review_extension:.pt;generated_or_historical_output"
"PDARTS/output/search_runs/Batch/64/ISIC_search__ISIC2019__n6__seed1__img32__bs64__lr0.025__wd0.0003__archlr0.0006__eps25x3__20251218-190910/arch_probs_final_normal.npy","576","249",".npy","","True","review_extension:.npy;generated_or_historical_output"
"PDARTS/output/search_runs/Batch/64/ISIC_search__ISIC2019__n6__seed1__img32__bs64__lr0.025__wd0.0003__archlr0.0006__eps25x3__20251218-190910/arch_probs_final_reduce.npy","576","244",".npy","","True","review_extension:.npy;generated_or_historical_output"
"PDARTS/output/search_runs/Batch/64/ISIC_search__ISIC2019__n6__seed1__img32__bs64__lr0.025__wd0.0003__archlr0.0006__eps25x3__20251218-190910/arch_probs_stage1_normal_global.npy","576","462",".npy","","True","review_extension:.npy;generated_or_historical_output"
"PDARTS/output/search_runs/Batch/64/ISIC_search__ISIC2019__n6__seed1__img32__bs64__lr0.025__wd0.0003__archlr0.0006__eps25x3__20251218-190910/arch_probs_stage1_normal_local.npy","576","462",".npy","","True","review_extension:.npy;generated_or_historical_output"
"PDARTS/output/search_runs/Batch/64/ISIC_search__ISIC2019__n6__seed1__img32__bs64__lr0.025__wd0.0003__archlr0.0006__eps25x3__20251218-190910/arch_probs_stage1_reduce_global.npy","576","522",".npy","","True","review_extension:.npy;generated_or_historical_output"
"PDARTS/output/search_runs/Batch/64/ISIC_search__ISIC2019__n6__seed1__img32__bs64__lr0.025__wd0.0003__archlr0.0006__eps25x3__20251218-190910/arch_probs_stage1_reduce_local.npy","576","522",".npy","","True","review_extension:.npy;generated_or_historical_output"
"PDARTS/output/search_runs/Batch/64/ISIC_search__ISIC2019__n6__seed1__img32__bs64__lr0.025__wd0.0003__archlr0.0006__eps25x3__20251218-190910/arch_probs_stage2_normal_global.npy","576","390",".npy","","True","review_extension:.npy;generated_or_historical_output"
"PDARTS/output/search_runs/Batch/64/ISIC_search__ISIC2019__n6__seed1__img32__bs64__lr0.025__wd0.0003__archlr0.0006__eps25x3__20251218-190910/arch_probs_stage2_normal_local.npy","408","360",".npy","","True","review_extension:.npy;generated_or_historical_output"
"PDARTS/output/search_runs/Batch/64/ISIC_search__ISIC2019__n6__seed1__img32__bs64__lr0.025__wd0.0003__archlr0.0006__eps25x3__20251218-190910/arch_probs_stage2_reduce_global.npy","576","384",".npy","","True","review_extension:.npy;generated_or_historical_output"
"PDARTS/output/search_runs/Batch/64/ISIC_search__ISIC2019__n6__seed1__img32__bs64__lr0.025__wd0.0003__archlr0.0006__eps25x3__20251218-190910/arch_probs_stage2_reduce_local.npy","408","358",".npy","","True","review_extension:.npy;generated_or_historical_output"
"PDARTS/output/search_runs/Batch/64/ISIC_search__ISIC2019__n6__seed1__img32__bs64__lr0.025__wd0.0003__archlr0.0006__eps25x3__20251218-190910/arch_probs_stage3_normal_global.npy","576","280",".npy","","True","review_extension:.npy;generated_or_historical_output"
"PDARTS/output/search_runs/Batch/64/ISIC_search__ISIC2019__n6__seed1__img32__bs64__lr0.025__wd0.0003__archlr0.0006__eps25x3__20251218-190910/arch_probs_stage3_normal_local.npy","296","247",".npy","","True","review_extension:.npy;generated_or_historical_output"
"PDARTS/output/search_runs/Batch/64/ISIC_search__ISIC2019__n6__seed1__img32__bs64__lr0.025__wd0.0003__archlr0.0006__eps25x3__20251218-190910/arch_probs_stage3_reduce_global.npy","576","277",".npy","","True","review_extension:.npy;generated_or_historical_output"
"PDARTS/output/search_runs/Batch/64/ISIC_search__ISIC2019__n6__seed1__img32__bs64__lr0.025__wd0.0003__archlr0.0006__eps25x3__20251218-190910/arch_probs_stage3_reduce_local.npy","296","247",".npy","","True","review_extension:.npy;generated_or_historical_output"
"PDARTS/output/search_runs/Batch/64/ISIC_search__ISIC2019__n6__seed1__img32__bs64__lr0.025__wd0.0003__archlr0.0006__eps25x3__20251218-190910/final_ops_normal.csv","212","104",".csv","","True","review_extension:.csv;generated_or_historical_output"
"PDARTS/output/search_runs/Batch/64/ISIC_search__ISIC2019__n6__seed1__img32__bs64__lr0.025__wd0.0003__archlr0.0006__eps25x3__20251218-190910/final_ops_reduce.csv","212","112",".csv","","True","review_extension:.csv;generated_or_historical_output"
"PDARTS/output/search_runs/Batch/64/ISIC_search__ISIC2019__n6__seed1__img32__bs64__lr0.025__wd0.0003__archlr0.0006__eps25x3__20251218-190910/final_switches_normal.json","273","60",".json","","True","review_extension:.json;generated_or_historical_output"
"PDARTS/output/search_runs/Batch/64/ISIC_search__ISIC2019__n6__seed1__img32__bs64__lr0.025__wd0.0003__archlr0.0006__eps25x3__20251218-190910/final_switches_reduce.json","273","62",".json","","True","review_extension:.json;generated_or_historical_output"
"PDARTS/output/search_runs/Batch/64/ISIC_search__ISIC2019__n6__seed1__img32__bs64__lr0.025__wd0.0003__archlr0.0006__eps25x3__20251218-190910/genotype.json","1153","176",".json","","True","review_extension:.json;generated_or_historical_output"
"PDARTS/output/search_runs/Batch/64/ISIC_search__ISIC2019__n6__seed1__img32__bs64__lr0.025__wd0.0003__archlr0.0006__eps25x3__20251218-190910/genotype.txt","418","150",".txt","","True","generated_or_historical_output"
"PDARTS/output/search_runs/Batch/64/ISIC_search__ISIC2019__n6__seed1__img32__bs64__lr0.025__wd0.0003__archlr0.0006__eps25x3__20251218-190910/run_args.json","1310","538",".json","","True","review_extension:.json;generated_or_historical_output"
"PDARTS/output/search_runs/Batch/64/ISIC_search__ISIC2019__n6__seed1__img32__bs64__lr0.025__wd0.0003__archlr0.0006__eps25x3__20251218-190910/search.log","50711","9613",".log","","True","review_extension:.log;generated_or_historical_output"
"PDARTS/output/search_runs/Batch/64/ISIC_search__ISIC2019__n6__seed1__img32__bs64__lr0.025__wd0.0003__archlr0.0006__eps25x3__20251218-190910/stage1_switches_normal.json","923","119",".json","","True","review_extension:.json;generated_or_historical_output"
"PDARTS/output/search_runs/Batch/64/ISIC_search__ISIC2019__n6__seed1__img32__bs64__lr0.025__wd0.0003__archlr0.0006__eps25x3__20251218-190910/stage1_switches_reduce.json","923","101",".json","","True","review_extension:.json;generated_or_historical_output"
"PDARTS/output/search_runs/Batch/64/ISIC_search__ISIC2019__n6__seed1__img32__bs64__lr0.025__wd0.0003__archlr0.0006__eps25x3__20251218-190910/stage1_weights.pt","3058211","2471167",".pt","","True","review_extension:.pt;generated_or_historical_output"
"PDARTS/output/search_runs/Batch/64/ISIC_search__ISIC2019__n6__seed1__img32__bs64__lr0.025__wd0.0003__archlr0.0006__eps25x3__20251218-190910/stage2_switches_normal.json","643","101",".json","","True","review_extension:.json;generated_or_historical_output"
"PDARTS/output/search_runs/Batch/64/ISIC_search__ISIC2019__n6__seed1__img32__bs64__lr0.025__wd0.0003__archlr0.0006__eps25x3__20251218-190910/stage2_switches_reduce.json","643","97",".json","","True","review_extension:.json;generated_or_historical_output"
"PDARTS/output/search_runs/Batch/64/ISIC_search__ISIC2019__n6__seed1__img32__bs64__lr0.025__wd0.0003__archlr0.0006__eps25x3__20251218-190910/stage2_weights.pt","3296917","2642126",".pt","","True","review_extension:.pt;generated_or_historical_output"
"PDARTS/output/search_runs/Batch/64/ISIC_search__ISIC2019__n6__seed1__img32__bs64__lr0.025__wd0.0003__archlr0.0006__eps25x3__20251218-190910/stage3_switches_normal.json","363","56",".json","","True","review_extension:.json;generated_or_historical_output"
"PDARTS/output/search_runs/Batch/64/ISIC_search__ISIC2019__n6__seed1__img32__bs64__lr0.025__wd0.0003__archlr0.0006__eps25x3__20251218-190910/stage3_switches_reduce.json","363","61",".json","","True","review_extension:.json;generated_or_historical_output"
"PDARTS/output/search_runs/Batch/64/ISIC_search__ISIC2019__n6__seed1__img32__bs64__lr0.025__wd0.0003__archlr0.0006__eps25x3__20251218-190910/stage3_weights.pt","2158797","1674731",".pt","","True","review_extension:.pt;generated_or_historical_output"
"PDARTS/output/search_runs/Batch/64/ISIC_search__ISIC2019__n6__seed2__img32__bs64__lr0.025__wd0.0003__archlr0.0006__eps25x3__20251218-202032/arch_probs_final_normal.npy","576","265",".npy","","True","review_extension:.npy;generated_or_historical_output"
"PDARTS/output/search_runs/Batch/64/ISIC_search__ISIC2019__n6__seed2__img32__bs64__lr0.025__wd0.0003__archlr0.0006__eps25x3__20251218-202032/arch_probs_final_reduce.npy","576","246",".npy","","True","review_extension:.npy;generated_or_historical_output"
"PDARTS/output/search_runs/Batch/64/ISIC_search__ISIC2019__n6__seed2__img32__bs64__lr0.025__wd0.0003__archlr0.0006__eps25x3__20251218-202032/arch_probs_stage1_normal_global.npy","576","458",".npy","","True","review_extension:.npy;generated_or_historical_output"
"PDARTS/output/search_runs/Batch/64/ISIC_search__ISIC2019__n6__seed2__img32__bs64__lr0.025__wd0.0003__archlr0.0006__eps25x3__20251218-202032/arch_probs_stage1_normal_local.npy","576","458",".npy","","True","review_extension:.npy;generated_or_historical_output"
"PDARTS/output/search_runs/Batch/64/ISIC_search__ISIC2019__n6__seed2__img32__bs64__lr0.025__wd0.0003__archlr0.0006__eps25x3__20251218-202032/arch_probs_stage1_reduce_global.npy","576","526",".npy","","True","review_extension:.npy;generated_or_historical_output"
"PDARTS/output/search_runs/Batch/64/ISIC_search__ISIC2019__n6__seed2__img32__bs64__lr0.025__wd0.0003__archlr0.0006__eps25x3__20251218-202032/arch_probs_stage1_reduce_local.npy","576","526",".npy","","True","review_extension:.npy;generated_or_historical_output"
"PDARTS/output/search_runs/Batch/64/ISIC_search__ISIC2019__n6__seed2__img32__bs64__lr0.025__wd0.0003__archlr0.0006__eps25x3__20251218-202032/arch_probs_stage2_normal_global.npy","576","391",".npy","","True","review_extension:.npy;generated_or_historical_output"
"PDARTS/output/search_runs/Batch/64/ISIC_search__ISIC2019__n6__seed2__img32__bs64__lr0.025__wd0.0003__archlr0.0006__eps25x3__20251218-202032/arch_probs_stage2_normal_local.npy","408","361",".npy","","True","review_extension:.npy;generated_or_historical_output"
"PDARTS/output/search_runs/Batch/64/ISIC_search__ISIC2019__n6__seed2__img32__bs64__lr0.025__wd0.0003__archlr0.0006__eps25x3__20251218-202032/arch_probs_stage2_reduce_global.npy","576","387",".npy","","True","review_extension:.npy;generated_or_historical_output"
"PDARTS/output/search_runs/Batch/64/ISIC_search__ISIC2019__n6__seed2__img32__bs64__lr0.025__wd0.0003__archlr0.0006__eps25x3__20251218-202032/arch_probs_stage2_reduce_local.npy","408","361",".npy","","True","review_extension:.npy;generated_or_historical_output"
"PDARTS/output/search_runs/Batch/64/ISIC_search__ISIC2019__n6__seed2__img32__bs64__lr0.025__wd0.0003__archlr0.0006__eps25x3__20251218-202032/arch_probs_stage3_normal_global.npy","576","282",".npy","","True","review_extension:.npy;generated_or_historical_output"
"PDARTS/output/search_runs/Batch/64/ISIC_search__ISIC2019__n6__seed2__img32__bs64__lr0.025__wd0.0003__archlr0.0006__eps25x3__20251218-202032/arch_probs_stage3_normal_local.npy","296","247",".npy","","True","review_extension:.npy;generated_or_historical_output"
"PDARTS/output/search_runs/Batch/64/ISIC_search__ISIC2019__n6__seed2__img32__bs64__lr0.025__wd0.0003__archlr0.0006__eps25x3__20251218-202032/arch_probs_stage3_reduce_global.npy","576","278",".npy","","True","review_extension:.npy;generated_or_historical_output"
"PDARTS/output/search_runs/Batch/64/ISIC_search__ISIC2019__n6__seed2__img32__bs64__lr0.025__wd0.0003__archlr0.0006__eps25x3__20251218-202032/arch_probs_stage3_reduce_local.npy","296","249",".npy","","True","review_extension:.npy;generated_or_historical_output"
"PDARTS/output/search_runs/Batch/64/ISIC_search__ISIC2019__n6__seed2__img32__bs64__lr0.025__wd0.0003__archlr0.0006__eps25x3__20251218-202032/final_ops_normal.csv","212","101",".csv","","True","review_extension:.csv;generated_or_historical_output"
"PDARTS/output/search_runs/Batch/64/ISIC_search__ISIC2019__n6__seed2__img32__bs64__lr0.025__wd0.0003__archlr0.0006__eps25x3__20251218-202032/final_ops_reduce.csv","212","115",".csv","","True","review_extension:.csv;generated_or_historical_output"
"PDARTS/output/search_runs/Batch/64/ISIC_search__ISIC2019__n6__seed2__img32__bs64__lr0.025__wd0.0003__archlr0.0006__eps25x3__20251218-202032/final_switches_normal.json","273","53",".json","","True","review_extension:.json;generated_or_historical_output"
"PDARTS/output/search_runs/Batch/64/ISIC_search__ISIC2019__n6__seed2__img32__bs64__lr0.025__wd0.0003__archlr0.0006__eps25x3__20251218-202032/final_switches_reduce.json","273","61",".json","","True","review_extension:.json;generated_or_historical_output"
"PDARTS/output/search_runs/Batch/64/ISIC_search__ISIC2019__n6__seed2__img32__bs64__lr0.025__wd0.0003__archlr0.0006__eps25x3__20251218-202032/genotype.json","1153","181",".json","","True","review_extension:.json;generated_or_historical_output"
"PDARTS/output/search_runs/Batch/64/ISIC_search__ISIC2019__n6__seed2__img32__bs64__lr0.025__wd0.0003__archlr0.0006__eps25x3__20251218-202032/genotype.txt","418","149",".txt","","True","generated_or_historical_output"
"PDARTS/output/search_runs/Batch/64/ISIC_search__ISIC2019__n6__seed2__img32__bs64__lr0.025__wd0.0003__archlr0.0006__eps25x3__20251218-202032/run_args.json","1310","538",".json","","True","review_extension:.json;generated_or_historical_output"
"PDARTS/output/search_runs/Batch/64/ISIC_search__ISIC2019__n6__seed2__img32__bs64__lr0.025__wd0.0003__archlr0.0006__eps25x3__20251218-202032/search.log","50766","9538",".log","","True","review_extension:.log;generated_or_historical_output"
"PDARTS/output/search_runs/Batch/64/ISIC_search__ISIC2019__n6__seed2__img32__bs64__lr0.025__wd0.0003__archlr0.0006__eps25x3__20251218-202032/stage1_switches_normal.json","923","113",".json","","True","review_extension:.json;generated_or_historical_output"
"PDARTS/output/search_runs/Batch/64/ISIC_search__ISIC2019__n6__seed2__img32__bs64__lr0.025__wd0.0003__archlr0.0006__eps25x3__20251218-202032/stage1_switches_reduce.json","923","109",".json","","True","review_extension:.json;generated_or_historical_output"
"PDARTS/output/search_runs/Batch/64/ISIC_search__ISIC2019__n6__seed2__img32__bs64__lr0.025__wd0.0003__archlr0.0006__eps25x3__20251218-202032/stage1_weights.pt","3058211","2471111",".pt","","True","review_extension:.pt;generated_or_historical_output"
"PDARTS/output/search_runs/Batch/64/ISIC_search__ISIC2019__n6__seed2__img32__bs64__lr0.025__wd0.0003__archlr0.0006__eps25x3__20251218-202032/stage2_switches_normal.json","643","101",".json","","True","review_extension:.json;generated_or_historical_output"
"PDARTS/output/search_runs/Batch/64/ISIC_search__ISIC2019__n6__seed2__img32__bs64__lr0.025__wd0.0003__archlr0.0006__eps25x3__20251218-202032/stage2_switches_reduce.json","643","101",".json","","True","review_extension:.json;generated_or_historical_output"
"PDARTS/output/search_runs/Batch/64/ISIC_search__ISIC2019__n6__seed2__img32__bs64__lr0.025__wd0.0003__archlr0.0006__eps25x3__20251218-202032/stage2_weights.pt","3371469","2704917",".pt","","True","review_extension:.pt;generated_or_historical_output"
"PDARTS/output/search_runs/Batch/64/ISIC_search__ISIC2019__n6__seed2__img32__bs64__lr0.025__wd0.0003__archlr0.0006__eps25x3__20251218-202032/stage3_switches_normal.json","363","62",".json","","True","review_extension:.json;generated_or_historical_output"
"PDARTS/output/search_runs/Batch/64/ISIC_search__ISIC2019__n6__seed2__img32__bs64__lr0.025__wd0.0003__archlr0.0006__eps25x3__20251218-202032/stage3_switches_reduce.json","363","61",".json","","True","review_extension:.json;generated_or_historical_output"
"PDARTS/output/search_runs/Batch/64/ISIC_search__ISIC2019__n6__seed2__img32__bs64__lr0.025__wd0.0003__archlr0.0006__eps25x3__20251218-202032/stage3_weights.pt","2448117","1909191",".pt","","True","review_extension:.pt;generated_or_historical_output"
"PDARTS/output/search_runs/Batch/64/ISIC_search__ISIC2019__n8__seed0__img32__bs64__lr0.025__wd0.0003__archlr0.0006__eps25x3__20251218-213148/arch_probs_final_normal.npy","576","224",".npy","","True","review_extension:.npy;generated_or_historical_output"
"PDARTS/output/search_runs/Batch/64/ISIC_search__ISIC2019__n8__seed0__img32__bs64__lr0.025__wd0.0003__archlr0.0006__eps25x3__20251218-213148/arch_probs_final_reduce.npy","576","254",".npy","","True","review_extension:.npy;generated_or_historical_output"
"PDARTS/output/search_runs/Batch/64/ISIC_search__ISIC2019__n8__seed0__img32__bs64__lr0.025__wd0.0003__archlr0.0006__eps25x3__20251218-213148/arch_probs_stage1_normal_global.npy","576","531",".npy","","True","review_extension:.npy;generated_or_historical_output"
"PDARTS/output/search_runs/Batch/64/ISIC_search__ISIC2019__n8__seed0__img32__bs64__lr0.025__wd0.0003__archlr0.0006__eps25x3__20251218-213148/arch_probs_stage1_normal_local.npy","576","531",".npy","","True","review_extension:.npy;generated_or_historical_output"
"PDARTS/output/search_runs/Batch/64/ISIC_search__ISIC2019__n8__seed0__img32__bs64__lr0.025__wd0.0003__archlr0.0006__eps25x3__20251218-213148/arch_probs_stage1_reduce_global.npy","576","526",".npy","","True","review_extension:.npy;generated_or_historical_output"
"PDARTS/output/search_runs/Batch/64/ISIC_search__ISIC2019__n8__seed0__img32__bs64__lr0.025__wd0.0003__archlr0.0006__eps25x3__20251218-213148/arch_probs_stage1_reduce_local.npy","576","526",".npy","","True","review_extension:.npy;generated_or_historical_output"
"PDARTS/output/search_runs/Batch/64/ISIC_search__ISIC2019__n8__seed0__img32__bs64__lr0.025__wd0.0003__archlr0.0006__eps25x3__20251218-213148/arch_probs_stage2_normal_global.npy","576","386",".npy","","True","review_extension:.npy;generated_or_historical_output"
"PDARTS/output/search_runs/Batch/64/ISIC_search__ISIC2019__n8__seed0__img32__bs64__lr0.025__wd0.0003__archlr0.0006__eps25x3__20251218-213148/arch_probs_stage2_normal_local.npy","408","361",".npy","","True","review_extension:.npy;generated_or_historical_output"
"PDARTS/output/search_runs/Batch/64/ISIC_search__ISIC2019__n8__seed0__img32__bs64__lr0.025__wd0.0003__archlr0.0006__eps25x3__20251218-213148/arch_probs_stage2_reduce_global.npy","576","383",".npy","","True","review_extension:.npy;generated_or_historical_output"
"PDARTS/output/search_runs/Batch/64/ISIC_search__ISIC2019__n8__seed0__img32__bs64__lr0.025__wd0.0003__archlr0.0006__eps25x3__20251218-213148/arch_probs_stage2_reduce_local.npy","408","360",".npy","","True","review_extension:.npy;generated_or_historical_output"
"PDARTS/output/search_runs/Batch/64/ISIC_search__ISIC2019__n8__seed0__img32__bs64__lr0.025__wd0.0003__archlr0.0006__eps25x3__20251218-213148/arch_probs_stage3_normal_global.npy","576","282",".npy","","True","review_extension:.npy;generated_or_historical_output"
"PDARTS/output/search_runs/Batch/64/ISIC_search__ISIC2019__n8__seed0__img32__bs64__lr0.025__wd0.0003__archlr0.0006__eps25x3__20251218-213148/arch_probs_stage3_normal_local.npy","296","246",".npy","","True","review_extension:.npy;generated_or_historical_output"
"PDARTS/output/search_runs/Batch/64/ISIC_search__ISIC2019__n8__seed0__img32__bs64__lr0.025__wd0.0003__archlr0.0006__eps25x3__20251218-213148/arch_probs_stage3_reduce_global.npy","576","276",".npy","","True","review_extension:.npy;generated_or_historical_output"
"PDARTS/output/search_runs/Batch/64/ISIC_search__ISIC2019__n8__seed0__img32__bs64__lr0.025__wd0.0003__archlr0.0006__eps25x3__20251218-213148/arch_probs_stage3_reduce_local.npy","296","247",".npy","","True","review_extension:.npy;generated_or_historical_output"
"PDARTS/output/search_runs/Batch/64/ISIC_search__ISIC2019__n8__seed0__img32__bs64__lr0.025__wd0.0003__archlr0.0006__eps25x3__20251218-213148/final_ops_normal.csv","212","108",".csv","","True","review_extension:.csv;generated_or_historical_output"
"PDARTS/output/search_runs/Batch/64/ISIC_search__ISIC2019__n8__seed0__img32__bs64__lr0.025__wd0.0003__archlr0.0006__eps25x3__20251218-213148/final_ops_reduce.csv","212","112",".csv","","True","review_extension:.csv;generated_or_historical_output"
"PDARTS/output/search_runs/Batch/64/ISIC_search__ISIC2019__n8__seed0__img32__bs64__lr0.025__wd0.0003__archlr0.0006__eps25x3__20251218-213148/final_switches_normal.json","273","60",".json","","True","review_extension:.json;generated_or_historical_output"
"PDARTS/output/search_runs/Batch/64/ISIC_search__ISIC2019__n8__seed0__img32__bs64__lr0.025__wd0.0003__archlr0.0006__eps25x3__20251218-213148/final_switches_reduce.json","273","60",".json","","True","review_extension:.json;generated_or_historical_output"
"PDARTS/output/search_runs/Batch/64/ISIC_search__ISIC2019__n8__seed0__img32__bs64__lr0.025__wd0.0003__archlr0.0006__eps25x3__20251218-213148/genotype.json","1153","188",".json","","True","review_extension:.json;generated_or_historical_output"
"PDARTS/output/search_runs/Batch/64/ISIC_search__ISIC2019__n8__seed0__img32__bs64__lr0.025__wd0.0003__archlr0.0006__eps25x3__20251218-213148/genotype.txt","418","150",".txt","","True","generated_or_historical_output"
"PDARTS/output/search_runs/Batch/64/ISIC_search__ISIC2019__n8__seed0__img32__bs64__lr0.025__wd0.0003__archlr0.0006__eps25x3__20251218-213148/run_args.json","1310","538",".json","","True","review_extension:.json;generated_or_historical_output"
"PDARTS/output/search_runs/Batch/64/ISIC_search__ISIC2019__n8__seed0__img32__bs64__lr0.025__wd0.0003__archlr0.0006__eps25x3__20251218-213148/search.log","50696","9649",".log","","True","review_extension:.log;generated_or_historical_output"
"PDARTS/output/search_runs/Batch/64/ISIC_search__ISIC2019__n8__seed0__img32__bs64__lr0.025__wd0.0003__archlr0.0006__eps25x3__20251218-213148/stage1_switches_normal.json","923","79",".json","","True","review_extension:.json;generated_or_historical_output"
"PDARTS/output/search_runs/Batch/64/ISIC_search__ISIC2019__n8__seed0__img32__bs64__lr0.025__wd0.0003__archlr0.0006__eps25x3__20251218-213148/stage1_switches_reduce.json","923","115",".json","","True","review_extension:.json;generated_or_historical_output"
"PDARTS/output/search_runs/Batch/64/ISIC_search__ISIC2019__n8__seed0__img32__bs64__lr0.025__wd0.0003__archlr0.0006__eps25x3__20251218-213148/stage1_weights.pt","5588777","4476673",".pt","","True","review_extension:.pt;large_file;generated_or_historical_output"
"PDARTS/output/search_runs/Batch/64/ISIC_search__ISIC2019__n8__seed0__img32__bs64__lr0.025__wd0.0003__archlr0.0006__eps25x3__20251218-213148/stage2_switches_normal.json","643","89",".json","","True","review_extension:.json;generated_or_historical_output"
"PDARTS/output/search_runs/Batch/64/ISIC_search__ISIC2019__n8__seed0__img32__bs64__lr0.025__wd0.0003__archlr0.0006__eps25x3__20251218-213148/stage2_switches_reduce.json","643","101",".json","","True","review_extension:.json;generated_or_historical_output"
"PDARTS/output/search_runs/Batch/64/ISIC_search__ISIC2019__n8__seed0__img32__bs64__lr0.025__wd0.0003__archlr0.0006__eps25x3__20251218-213148/stage2_weights.pt","4863613","3787869",".pt","","True","review_extension:.pt;generated_or_historical_output"
"PDARTS/output/search_runs/Batch/64/ISIC_search__ISIC2019__n8__seed0__img32__bs64__lr0.025__wd0.0003__archlr0.0006__eps25x3__20251218-213148/stage3_switches_normal.json","363","59",".json","","True","review_extension:.json;generated_or_historical_output"
"PDARTS/output/search_runs/Batch/64/ISIC_search__ISIC2019__n8__seed0__img32__bs64__lr0.025__wd0.0003__archlr0.0006__eps25x3__20251218-213148/stage3_switches_reduce.json","363","59",".json","","True","review_extension:.json;generated_or_historical_output"
"PDARTS/output/search_runs/Batch/64/ISIC_search__ISIC2019__n8__seed0__img32__bs64__lr0.025__wd0.0003__archlr0.0006__eps25x3__20251218-213148/stage3_weights.pt","3793065","3035093",".pt","","True","review_extension:.pt;generated_or_historical_output"
"PDARTS/output/search_runs/Batch/64/ISIC_search__ISIC2019__n8__seed1__img32__bs64__lr0.025__wd0.0003__archlr0.0006__eps25x3__20251218-225818/arch_probs_final_normal.npy","576","233",".npy","","True","review_extension:.npy;generated_or_historical_output"
"PDARTS/output/search_runs/Batch/64/ISIC_search__ISIC2019__n8__seed1__img32__bs64__lr0.025__wd0.0003__archlr0.0006__eps25x3__20251218-225818/arch_probs_final_reduce.npy","576","250",".npy","","True","review_extension:.npy;generated_or_historical_output"
"PDARTS/output/search_runs/Batch/64/ISIC_search__ISIC2019__n8__seed1__img32__bs64__lr0.025__wd0.0003__archlr0.0006__eps25x3__20251218-225818/arch_probs_stage1_normal_global.npy","576","524",".npy","","True","review_extension:.npy;generated_or_historical_output"
"PDARTS/output/search_runs/Batch/64/ISIC_search__ISIC2019__n8__seed1__img32__bs64__lr0.025__wd0.0003__archlr0.0006__eps25x3__20251218-225818/arch_probs_stage1_normal_local.npy","576","524",".npy","","True","review_extension:.npy;generated_or_historical_output"
"PDARTS/output/search_runs/Batch/64/ISIC_search__ISIC2019__n8__seed1__img32__bs64__lr0.025__wd0.0003__archlr0.0006__eps25x3__20251218-225818/arch_probs_stage1_reduce_global.npy","576","522",".npy","","True","review_extension:.npy;generated_or_historical_output"
"PDARTS/output/search_runs/Batch/64/ISIC_search__ISIC2019__n8__seed1__img32__bs64__lr0.025__wd0.0003__archlr0.0006__eps25x3__20251218-225818/arch_probs_stage1_reduce_local.npy","576","522",".npy","","True","review_extension:.npy;generated_or_historical_output"
"PDARTS/output/search_runs/Batch/64/ISIC_search__ISIC2019__n8__seed1__img32__bs64__lr0.025__wd0.0003__archlr0.0006__eps25x3__20251218-225818/arch_probs_stage2_normal_global.npy","576","390",".npy","","True","review_extension:.npy;generated_or_historical_output"
"PDARTS/output/search_runs/Batch/64/ISIC_search__ISIC2019__n8__seed1__img32__bs64__lr0.025__wd0.0003__archlr0.0006__eps25x3__20251218-225818/arch_probs_stage2_normal_local.npy","408","362",".npy","","True","review_extension:.npy;generated_or_historical_output"
"PDARTS/output/search_runs/Batch/64/ISIC_search__ISIC2019__n8__seed1__img32__bs64__lr0.025__wd0.0003__archlr0.0006__eps25x3__20251218-225818/arch_probs_stage2_reduce_global.npy","576","386",".npy","","True","review_extension:.npy;generated_or_historical_output"
"PDARTS/output/search_runs/Batch/64/ISIC_search__ISIC2019__n8__seed1__img32__bs64__lr0.025__wd0.0003__archlr0.0006__eps25x3__20251218-225818/arch_probs_stage2_reduce_local.npy","408","359",".npy","","True","review_extension:.npy;generated_or_historical_output"
"PDARTS/output/search_runs/Batch/64/ISIC_search__ISIC2019__n8__seed1__img32__bs64__lr0.025__wd0.0003__archlr0.0006__eps25x3__20251218-225818/arch_probs_stage3_normal_global.npy","576","277",".npy","","True","review_extension:.npy;generated_or_historical_output"
"PDARTS/output/search_runs/Batch/64/ISIC_search__ISIC2019__n8__seed1__img32__bs64__lr0.025__wd0.0003__archlr0.0006__eps25x3__20251218-225818/arch_probs_stage3_normal_local.npy","296","246",".npy","","True","review_extension:.npy;generated_or_historical_output"
"PDARTS/output/search_runs/Batch/64/ISIC_search__ISIC2019__n8__seed1__img32__bs64__lr0.025__wd0.0003__archlr0.0006__eps25x3__20251218-225818/arch_probs_stage3_reduce_global.npy","576","277",".npy","","True","review_extension:.npy;generated_or_historical_output"
"PDARTS/output/search_runs/Batch/64/ISIC_search__ISIC2019__n8__seed1__img32__bs64__lr0.025__wd0.0003__archlr0.0006__eps25x3__20251218-225818/arch_probs_stage3_reduce_local.npy","296","246",".npy","","True","review_extension:.npy;generated_or_historical_output"
"PDARTS/output/search_runs/Batch/64/ISIC_search__ISIC2019__n8__seed1__img32__bs64__lr0.025__wd0.0003__archlr0.0006__eps25x3__20251218-225818/final_ops_normal.csv","212","100",".csv","","True","review_extension:.csv;generated_or_historical_output"
"PDARTS/output/search_runs/Batch/64/ISIC_search__ISIC2019__n8__seed1__img32__bs64__lr0.025__wd0.0003__archlr0.0006__eps25x3__20251218-225818/final_ops_reduce.csv","212","117",".csv","","True","review_extension:.csv;generated_or_historical_output"
"PDARTS/output/search_runs/Batch/64/ISIC_search__ISIC2019__n8__seed1__img32__bs64__lr0.025__wd0.0003__archlr0.0006__eps25x3__20251218-225818/final_switches_normal.json","273","59",".json","","True","review_extension:.json;generated_or_historical_output"
"PDARTS/output/search_runs/Batch/64/ISIC_search__ISIC2019__n8__seed1__img32__bs64__lr0.025__wd0.0003__archlr0.0006__eps25x3__20251218-225818/final_switches_reduce.json","273","63",".json","","True","review_extension:.json;generated_or_historical_output"
"PDARTS/output/search_runs/Batch/64/ISIC_search__ISIC2019__n8__seed1__img32__bs64__lr0.025__wd0.0003__archlr0.0006__eps25x3__20251218-225818/genotype.json","1153","170",".json","","True","review_extension:.json;generated_or_historical_output"
"PDARTS/output/search_runs/Batch/64/ISIC_search__ISIC2019__n8__seed1__img32__bs64__lr0.025__wd0.0003__archlr0.0006__eps25x3__20251218-225818/genotype.txt","418","138",".txt","","True","generated_or_historical_output"
"PDARTS/output/search_runs/Batch/64/ISIC_search__ISIC2019__n8__seed1__img32__bs64__lr0.025__wd0.0003__archlr0.0006__eps25x3__20251218-225818/run_args.json","1310","538",".json","","True","review_extension:.json;generated_or_historical_output"
"PDARTS/output/search_runs/Batch/64/ISIC_search__ISIC2019__n8__seed1__img32__bs64__lr0.025__wd0.0003__archlr0.0006__eps25x3__20251218-225818/search.log","50679","9622",".log","","True","review_extension:.log;generated_or_historical_output"
"PDARTS/output/search_runs/Batch/64/ISIC_search__ISIC2019__n8__seed1__img32__bs64__lr0.025__wd0.0003__archlr0.0006__eps25x3__20251218-225818/stage1_switches_normal.json","923","92",".json","","True","review_extension:.json;generated_or_historical_output"
"PDARTS/output/search_runs/Batch/64/ISIC_search__ISIC2019__n8__seed1__img32__bs64__lr0.025__wd0.0003__archlr0.0006__eps25x3__20251218-225818/stage1_switches_reduce.json","923","105",".json","","True","review_extension:.json;generated_or_historical_output"
"PDARTS/output/search_runs/Batch/64/ISIC_search__ISIC2019__n8__seed1__img32__bs64__lr0.025__wd0.0003__archlr0.0006__eps25x3__20251218-225818/stage1_weights.pt","5588777","4477382",".pt","","True","review_extension:.pt;large_file;generated_or_historical_output"
"PDARTS/output/search_runs/Batch/64/ISIC_search__ISIC2019__n8__seed1__img32__bs64__lr0.025__wd0.0003__archlr0.0006__eps25x3__20251218-225818/stage2_switches_normal.json","643","88",".json","","True","review_extension:.json;generated_or_historical_output"
"PDARTS/output/search_runs/Batch/64/ISIC_search__ISIC2019__n8__seed1__img32__bs64__lr0.025__wd0.0003__archlr0.0006__eps25x3__20251218-225818/stage2_switches_reduce.json","643","97",".json","","True","review_extension:.json;generated_or_historical_output"
"PDARTS/output/search_runs/Batch/64/ISIC_search__ISIC2019__n8__seed1__img32__bs64__lr0.025__wd0.0003__archlr0.0006__eps25x3__20251218-225818/stage2_weights.pt","4455097","3479170",".pt","","True","review_extension:.pt;generated_or_historical_output"
"PDARTS/output/search_runs/Batch/64/ISIC_search__ISIC2019__n8__seed1__img32__bs64__lr0.025__wd0.0003__archlr0.0006__eps25x3__20251218-225818/stage3_switches_normal.json","363","60",".json","","True","review_extension:.json;generated_or_historical_output"
"PDARTS/output/search_runs/Batch/64/ISIC_search__ISIC2019__n8__seed1__img32__bs64__lr0.025__wd0.0003__archlr0.0006__eps25x3__20251218-225818/stage3_switches_reduce.json","363","66",".json","","True","review_extension:.json;generated_or_historical_output"
"PDARTS/output/search_runs/Batch/64/ISIC_search__ISIC2019__n8__seed1__img32__bs64__lr0.025__wd0.0003__archlr0.0006__eps25x3__20251218-225818/stage3_weights.pt","3355753","2692599",".pt","","True","review_extension:.pt;generated_or_historical_output"
"PDARTS/output/search_runs/Batch/64/ISIC_search__ISIC2019__n8__seed2__img32__bs64__lr0.025__wd0.0003__archlr0.0006__eps25x3__20251219-002257/arch_probs_final_normal.npy","576","222",".npy","","True","review_extension:.npy;generated_or_historical_output"
"PDARTS/output/search_runs/Batch/64/ISIC_search__ISIC2019__n8__seed2__img32__bs64__lr0.025__wd0.0003__archlr0.0006__eps25x3__20251219-002257/arch_probs_final_reduce.npy","576","250",".npy","","True","review_extension:.npy;generated_or_historical_output"
"PDARTS/output/search_runs/Batch/64/ISIC_search__ISIC2019__n8__seed2__img32__bs64__lr0.025__wd0.0003__archlr0.0006__eps25x3__20251219-002257/arch_probs_stage1_normal_global.npy","576","527",".npy","","True","review_extension:.npy;generated_or_historical_output"
"PDARTS/output/search_runs/Batch/64/ISIC_search__ISIC2019__n8__seed2__img32__bs64__lr0.025__wd0.0003__archlr0.0006__eps25x3__20251219-002257/arch_probs_stage1_normal_local.npy","576","527",".npy","","True","review_extension:.npy;generated_or_historical_output"
"PDARTS/output/search_runs/Batch/64/ISIC_search__ISIC2019__n8__seed2__img32__bs64__lr0.025__wd0.0003__archlr0.0006__eps25x3__20251219-002257/arch_probs_stage1_reduce_global.npy","576","522",".npy","","True","review_extension:.npy;generated_or_historical_output"
"PDARTS/output/search_runs/Batch/64/ISIC_search__ISIC2019__n8__seed2__img32__bs64__lr0.025__wd0.0003__archlr0.0006__eps25x3__20251219-002257/arch_probs_stage1_reduce_local.npy","576","522",".npy","","True","review_extension:.npy;generated_or_historical_output"
"PDARTS/output/search_runs/Batch/64/ISIC_search__ISIC2019__n8__seed2__img32__bs64__lr0.025__wd0.0003__archlr0.0006__eps25x3__20251219-002257/arch_probs_stage2_normal_global.npy","576","387",".npy","","True","review_extension:.npy;generated_or_historical_output"
"PDARTS/output/search_runs/Batch/64/ISIC_search__ISIC2019__n8__seed2__img32__bs64__lr0.025__wd0.0003__archlr0.0006__eps25x3__20251219-002257/arch_probs_stage2_normal_local.npy","408","360",".npy","","True","review_extension:.npy;generated_or_historical_output"
"PDARTS/output/search_runs/Batch/64/ISIC_search__ISIC2019__n8__seed2__img32__bs64__lr0.025__wd0.0003__archlr0.0006__eps25x3__20251219-002257/arch_probs_stage2_reduce_global.npy","576","386",".npy","","True","review_extension:.npy;generated_or_historical_output"
"PDARTS/output/search_runs/Batch/64/ISIC_search__ISIC2019__n8__seed2__img32__bs64__lr0.025__wd0.0003__archlr0.0006__eps25x3__20251219-002257/arch_probs_stage2_reduce_local.npy","408","349",".npy","","True","review_extension:.npy;generated_or_historical_output"
"PDARTS/output/search_runs/Batch/64/ISIC_search__ISIC2019__n8__seed2__img32__bs64__lr0.025__wd0.0003__archlr0.0006__eps25x3__20251219-002257/arch_probs_stage3_normal_global.npy","576","280",".npy","","True","review_extension:.npy;generated_or_historical_output"
"PDARTS/output/search_runs/Batch/64/ISIC_search__ISIC2019__n8__seed2__img32__bs64__lr0.025__wd0.0003__archlr0.0006__eps25x3__20251219-002257/arch_probs_stage3_normal_local.npy","296","245",".npy","","True","review_extension:.npy;generated_or_historical_output"
"PDARTS/output/search_runs/Batch/64/ISIC_search__ISIC2019__n8__seed2__img32__bs64__lr0.025__wd0.0003__archlr0.0006__eps25x3__20251219-002257/arch_probs_stage3_reduce_global.npy","576","280",".npy","","True","review_extension:.npy;generated_or_historical_output"
"PDARTS/output/search_runs/Batch/64/ISIC_search__ISIC2019__n8__seed2__img32__bs64__lr0.025__wd0.0003__archlr0.0006__eps25x3__20251219-002257/arch_probs_stage3_reduce_local.npy","296","247",".npy","","True","review_extension:.npy;generated_or_historical_output"
"PDARTS/output/search_runs/Batch/64/ISIC_search__ISIC2019__n8__seed2__img32__bs64__lr0.025__wd0.0003__archlr0.0006__eps25x3__20251219-002257/final_ops_normal.csv","212","101",".csv","","True","review_extension:.csv;generated_or_historical_output"
"PDARTS/output/search_runs/Batch/64/ISIC_search__ISIC2019__n8__seed2__img32__bs64__lr0.025__wd0.0003__archlr0.0006__eps25x3__20251219-002257/final_ops_reduce.csv","212","115",".csv","","True","review_extension:.csv;generated_or_historical_output"
"PDARTS/output/search_runs/Batch/64/ISIC_search__ISIC2019__n8__seed2__img32__bs64__lr0.025__wd0.0003__archlr0.0006__eps25x3__20251219-002257/final_switches_normal.json","273","55",".json","","True","review_extension:.json;generated_or_historical_output"
"PDARTS/output/search_runs/Batch/64/ISIC_search__ISIC2019__n8__seed2__img32__bs64__lr0.025__wd0.0003__archlr0.0006__eps25x3__20251219-002257/final_switches_reduce.json","273","63",".json","","True","review_extension:.json;generated_or_historical_output"
"PDARTS/output/search_runs/Batch/64/ISIC_search__ISIC2019__n8__seed2__img32__bs64__lr0.025__wd0.0003__archlr0.0006__eps25x3__20251219-002257/genotype.json","1153","177",".json","","True","review_extension:.json;generated_or_historical_output"
"PDARTS/output/search_runs/Batch/64/ISIC_search__ISIC2019__n8__seed2__img32__bs64__lr0.025__wd0.0003__archlr0.0006__eps25x3__20251219-002257/genotype.txt","418","144",".txt","","True","generated_or_historical_output"
"PDARTS/output/search_runs/Batch/64/ISIC_search__ISIC2019__n8__seed2__img32__bs64__lr0.025__wd0.0003__archlr0.0006__eps25x3__20251219-002257/run_args.json","1310","538",".json","","True","review_extension:.json;generated_or_historical_output"
"PDARTS/output/search_runs/Batch/64/ISIC_search__ISIC2019__n8__seed2__img32__bs64__lr0.025__wd0.0003__archlr0.0006__eps25x3__20251219-002257/search.log","50658","9594",".log","","True","review_extension:.log;generated_or_historical_output"
"PDARTS/output/search_runs/Batch/64/ISIC_search__ISIC2019__n8__seed2__img32__bs64__lr0.025__wd0.0003__archlr0.0006__eps25x3__20251219-002257/stage1_switches_normal.json","923","99",".json","","True","review_extension:.json;generated_or_historical_output"
"PDARTS/output/search_runs/Batch/64/ISIC_search__ISIC2019__n8__seed2__img32__bs64__lr0.025__wd0.0003__archlr0.0006__eps25x3__20251219-002257/stage1_switches_reduce.json","923","115",".json","","True","review_extension:.json;generated_or_historical_output"
"PDARTS/output/search_runs/Batch/64/ISIC_search__ISIC2019__n8__seed2__img32__bs64__lr0.025__wd0.0003__archlr0.0006__eps25x3__20251219-002257/stage1_weights.pt","5588777","4476397",".pt","","True","review_extension:.pt;large_file;generated_or_historical_output"
"PDARTS/output/search_runs/Batch/64/ISIC_search__ISIC2019__n8__seed2__img32__bs64__lr0.025__wd0.0003__archlr0.0006__eps25x3__20251219-002257/stage2_switches_normal.json","643","73",".json","","True","review_extension:.json;generated_or_historical_output"
"PDARTS/output/search_runs/Batch/64/ISIC_search__ISIC2019__n8__seed2__img32__bs64__lr0.025__wd0.0003__archlr0.0006__eps25x3__20251219-002257/stage2_switches_reduce.json","643","97",".json","","True","review_extension:.json;generated_or_historical_output"
"PDARTS/output/search_runs/Batch/64/ISIC_search__ISIC2019__n8__seed2__img32__bs64__lr0.025__wd0.0003__archlr0.0006__eps25x3__20251219-002257/stage2_weights.pt","4486053","3511696",".pt","","True","review_extension:.pt;generated_or_historical_output"
"PDARTS/output/search_runs/Batch/64/ISIC_search__ISIC2019__n8__seed2__img32__bs64__lr0.025__wd0.0003__archlr0.0006__eps25x3__20251219-002257/stage3_switches_normal.json","363","55",".json","","True","review_extension:.json;generated_or_historical_output"
"PDARTS/output/search_runs/Batch/64/ISIC_search__ISIC2019__n8__seed2__img32__bs64__lr0.025__wd0.0003__archlr0.0006__eps25x3__20251219-002257/stage3_switches_reduce.json","363","62",".json","","True","review_extension:.json;generated_or_historical_output"
"PDARTS/output/search_runs/Batch/64/ISIC_search__ISIC2019__n8__seed2__img32__bs64__lr0.025__wd0.0003__archlr0.0006__eps25x3__20251219-002257/stage3_weights.pt","3305557","2659787",".pt","","True","review_extension:.pt;generated_or_historical_output"
"PDARTS/output/search_runs/Batch/96/ISIC_search__ISIC2019__n6__seed0__img32__bs96__lr0.025__wd0.0003__archlr0.0006__eps25x3__20251219-201434/run_args.json","1209","516",".json","","True","review_extension:.json;generated_or_historical_output"
"PDARTS/output/search_runs/Batch/96/ISIC_search__ISIC2019__n6__seed0__img32__bs96__lr0.025__wd0.0003__archlr0.0006__eps25x3__20251219-201434/search.log","5249","1626",".log","","True","review_extension:.log;generated_or_historical_output"
"PDARTS/output/search_runs/genotype/0final/Image_size224/genotype0.txt","417","149",".txt","","True","generated_or_historical_output"
"PDARTS/output/search_runs/genotype/0final/Image_size224/genotype1.txt","417","146",".txt","","True","generated_or_historical_output"
"PDARTS/output/search_runs/genotype/0final/Image_size224/genotype2.txt","417","143",".txt","","True","generated_or_historical_output"
"PDARTS/output/splits/D1_train.csv","410808","12784",".csv","","True","review_extension:.csv;generated_or_historical_output"
"PDARTS/output/splits/D2_val.csv","171404","5607",".csv","","True","review_extension:.csv;generated_or_historical_output"
"PDARTS/output/splits/D3_test.csv","292889","8616",".csv","","True","review_extension:.csv;generated_or_historical_output"
"PDARTS/output/splits/DermaMNIST_PADAligned_6class_summary.json","1399","533",".json","","True","review_extension:.json;generated_or_historical_output"
"PDARTS/output/splits/ISIC_2019_summary.json","1024","407",".json","","True","review_extension:.json;generated_or_historical_output"
"PDARTS/output/splits/PAD_UFES_20_summary.json","1018","405",".json","","True","review_extension:.json;generated_or_historical_output"
"PDARTS/output/splits/S1_train.csv","1236805","73849",".csv","","True","review_extension:.csv;generated_or_historical_output"
"PDARTS/output/splits/S2_val.csv","529764","31854",".csv","","True","review_extension:.csv;generated_or_historical_output"
"PDARTS/output/splits/S3_test.csv","441575","26557",".csv","","True","review_extension:.csv;generated_or_historical_output"
"PDARTS/output/splits/T1_train.csv","133806","11795",".csv","","True","review_extension:.csv;generated_or_historical_output"
"PDARTS/output/splits/T2_val.csv","57355","5294",".csv","","True","review_extension:.csv;generated_or_historical_output"
"PDARTS/output/splits/T3_test.csv","47709","4449",".csv","","True","review_extension:.csv;generated_or_historical_output"
"PDARTS/Pdart base paper.pdf","4040654","3992569",".pdf","","True","review_extension:.pdf"
"PDARTS/screen.png","38586","33068",".png","","False",""
"PDARTS/split to classes.py","4419","1625",".py","","False",""
"PDARTS/split.png","414013","407750",".png","","False",""
"PDARTS/split_report_imgs_part_1.csv","93402","19441",".csv","","True","review_extension:.csv"
"PDARTS/Thesis.pdf","7552951","7251980",".pdf","","True","review_extension:.pdf;large_file"
"PDARTS/Thesis_Defense.pdf","1513515","1373606",".pdf","","True","review_extension:.pdf"
"PDARTS/Understanding Knowledge Transferability in Differentiable Architecture Search for Skin Lesion Diagnosis.pdf","6903127","6593477",".pdf","","True","review_extension:.pdf;large_file"
